#
# There is insufficient memory for the Java Runtime Environment to continue.
# Native memory allocation (malloc) failed to allocate 1136176 bytes for Chunk::new
# Possible reasons:
#   The system is out of physical RAM or swap space
#   The process is running with CompressedOops enabled, and the Java Heap may be blocking the growth of the native heap
# Possible solutions:
#   Reduce memory load on the system
#   Increase physical memory or swap space
#   Check if swap backing store is full
#   Decrease Java heap size (-Xmx/-Xms)
#   Decrease number of Java threads
#   Decrease Java thread stack sizes (-Xss)
#   Set larger code cache with -XX:ReservedCodeCacheSize=
#   JVM is running with Unscaled Compressed Oops mode in which the Java heap is
#     placed in the first 4GB address space. The Java Heap base address is the
#     maximum limit for the native heap growth. Please use -XX:HeapBaseMinAddress
#     to set the Java Heap base and to place the Java Heap above 4GB virtual address.
# This output file may be truncated or incomplete.
#
#  Out of Memory Error (arena.cpp:191), pid=24568, tid=20168
#
# JRE version: OpenJDK Runtime Environment (17.0.10) (build 17.0.10+0--11609105)
# Java VM: OpenJDK 64-Bit Server VM (17.0.10+0--11609105, mixed mode, tiered, compressed oops, compressed class ptrs, g1 gc, windows-amd64)
# No core dump will be written. Minidumps are not enabled by default on client versions of Windows
#

---------------  S U M M A R Y ------------

Command Line: --add-opens=java.base/java.util=ALL-UNNAMED --add-opens=java.base/java.lang=ALL-UNNAMED --add-opens=java.base/java.lang.invoke=ALL-UNNAMED --add-opens=java.prefs/java.util.prefs=ALL-UNNAMED --add-opens=java.base/java.nio.charset=ALL-UNNAMED --add-opens=java.base/java.net=ALL-UNNAMED --add-opens=java.base/java.util.concurrent.atomic=ALL-UNNAMED -Xmx2048m -Dfile.encoding=UTF-8 -Duser.country=US -Duser.language=en -Duser.variant -javaagent:C:\Users\ronie\.gradle\wrapper\dists\gradle-8.7-bin\bhs2wmbdwecv87pi65oeuq5iu\gradle-8.7\lib\agents\gradle-instrumentation-agent-8.7.jar org.gradle.launcher.daemon.bootstrap.GradleDaemon 8.7

Host: AMD Ryzen 5 4600H with Radeon Graphics         , 12 cores, 23G,  Windows 11 , 64 bit Build 26100 (10.0.26100.8875)
Time: Sat Jul 18 14:07:38 2026 Malay Peninsula Standard Time elapsed time: 452.787778 seconds (0d 0h 7m 32s)

---------------  T H R E A D  ---------------

Current thread (0x0000022c3ff5b5b0):  JavaThread "C2 CompilerThread1" daemon [_thread_in_native, id=20168, stack(0x0000002c8fe00000,0x0000002c8ff00000)]


Current CompileTask:
C2: 452787 46333   !   4       com.android.tools.r8.graph.e4::c (917 bytes)

Stack: [0x0000002c8fe00000,0x0000002c8ff00000]
Native frames: (J=compiled Java code, j=interpreted, Vv=VM code, C=native code)
V  [jvm.dll+0x688de9]
V  [jvm.dll+0x8423da]
V  [jvm.dll+0x84401e]
V  [jvm.dll+0x844683]
V  [jvm.dll+0x24be0f]
V  [jvm.dll+0xac524]
V  [jvm.dll+0xacb6c]
V  [jvm.dll+0x2b342f]
V  [jvm.dll+0x5902b7]
V  [jvm.dll+0x226452]
V  [jvm.dll+0x22683f]
V  [jvm.dll+0x21f966]
V  [jvm.dll+0x21cdb1]
V  [jvm.dll+0x1a60ad]
V  [jvm.dll+0x22cd78]
V  [jvm.dll+0x22aeb0]
V  [jvm.dll+0x7f6877]
V  [jvm.dll+0x7f0c7a]
V  [jvm.dll+0x687c65]
C  [ucrtbase.dll+0x2cd30]
C  [KERNEL32.DLL+0x2e957]
C  [ntdll.dll+0xaad6c]


---------------  P R O C E S S  ---------------

Threads class SMR info:
_java_thread_list=0x0000022c455d9520, length=226, elements={
0x0000022c07ade3a0, 0x0000022c23b710b0, 0x0000022c23c383a0, 0x0000022c23c4ca90,
0x0000022c23c4d360, 0x0000022c23c4e240, 0x0000022c23c4f330, 0x0000022c23c4ff30,
0x0000022c23c50840, 0x0000022c23c8fcf0, 0x0000022c23b58570, 0x0000022c23f79fc0,
0x0000022c2a778f50, 0x0000022c2965e7a0, 0x0000022c2a54a880, 0x0000022c2a64f900,
0x0000022c2a64d590, 0x0000022c2a64fe10, 0x0000022c2a64e4c0, 0x0000022c2a650320,
0x0000022c2c38b8e0, 0x0000022c29ae3260, 0x0000022c2ad636e0, 0x0000022c2eeb1a90,
0x0000022c2f2f0b50, 0x0000022c2dba3e80, 0x0000022c2dba4390, 0x0000022c2dba3460,
0x0000022c2dba48a0, 0x0000022c2dba4db0, 0x0000022c2cab5f90, 0x0000022c2cab6ec0,
0x0000022c39aa4710, 0x0000022c39aa6570, 0x0000022c39aa2dc0, 0x0000022c39aa5640,
0x0000022c298b91e0, 0x0000022c2cab64a0, 0x0000022c2ef3e450, 0x0000022c37559180,
0x0000022c37559690, 0x0000022c2cab73d0, 0x0000022c2cab7df0, 0x0000022c2cab8300,
0x0000022c2cab8810, 0x0000022c2cab5060, 0x0000022c2cab78e0, 0x0000022c2cab5570,
0x0000022c2cab5a80, 0x0000022c39543fa0, 0x0000022c39543a90, 0x0000022c395444b0,
0x0000022c39542b60, 0x0000022c39541c30, 0x0000022c3a237790, 0x0000022c3a235e40,
0x0000022c3a2344f0, 0x0000022c3a234f10, 0x0000022c3a235420, 0x0000022c37558760,
0x0000022c3755b4f0, 0x0000022c2f2ef710, 0x0000022c2f2eddc0, 0x0000022c2f2efc20,
0x0000022c39aa37e0, 0x0000022c39aa4c20, 0x0000022c39aa5130, 0x0000022c39aa3cf0,
0x0000022c2cb11720, 0x0000022c2cb11c30, 0x0000022c2cb12140, 0x0000022c2cb12650,
0x0000022c2cb12b60, 0x0000022c2cb13580, 0x0000022c2cb10d00, 0x0000022c39bcf0e0,
0x0000022c2f9579b0, 0x0000022c2f957ec0, 0x0000022c2f9588e0, 0x0000022c2f956f90,
0x0000022c3a105520, 0x0000022c3a105f40, 0x0000022c2f2f0130, 0x0000022c2ef3e960,
0x0000022c2ef3df40, 0x0000022c2ef3d520, 0x0000022c2ef3ee70, 0x0000022c2ef3bbd0,
0x0000022c2ef3da30, 0x0000022c2ef3f380, 0x0000022c2ef3c0e0, 0x0000022c2ef3c5f0,
0x0000022c2ef3cb00, 0x0000022c39bccaf0, 0x0000022c39bcc0d0, 0x0000022c39bcbbc0,
0x0000022c39bcb1a0, 0x0000022c39bcac90, 0x0000022c39543070, 0x0000022c395449c0,
0x0000022c39544ed0, 0x0000022c39542140, 0x0000022c39542650, 0x0000022c39261e60,
0x0000022c39262370, 0x0000022c39262880, 0x0000022c39260f30, 0x0000022c39261440,
0x0000022c39261950, 0x0000022c393a09d0, 0x0000022c38195330, 0x0000022c3755afe0,
0x0000022c3755ba00, 0x0000022c3755bf10, 0x0000022c37559ba0, 0x0000022c3755aad0,
0x0000022c3755a0b0, 0x0000022c2ae31070, 0x0000022c2ae31580, 0x0000022c2ae324b0,
0x0000022c2ae329c0, 0x0000022c37b06e00, 0x0000022c39bd0520, 0x0000022c39bd1960,
0x0000022c39bd0010, 0x0000022c24753e40, 0x0000022c2cb102e0, 0x0000022c38f588e0,
0x0000022c38f579b0, 0x0000022c38f59810, 0x0000022c38f58df0, 0x0000022c38f56570,
0x0000022c38f56a80, 0x0000022c2f2f1060, 0x0000022c2f2ef200, 0x0000022c2f2ee7e0,
0x0000022c2f2eecf0, 0x0000022c2f2f1570, 0x0000022c2f2ee2d0, 0x0000022c38d2e610,
0x0000022c38d2f030, 0x0000022c38d2eb20, 0x0000022c38d2f540, 0x0000022c38d2fa50,
0x0000022c2a9dbb00, 0x0000022c3a234a00, 0x0000022c3936a660, 0x0000022c3936b080,
0x0000022c39369c40, 0x0000022c3936b590, 0x0000022c3936baa0, 0x0000022c3936ab70,
0x0000022c3936c4c0, 0x0000022c3936bfb0, 0x0000022c3936c9d0, 0x0000022c3a106e70,
0x0000022c3a106960, 0x0000022c3a106450, 0x0000022c3a1bb310, 0x0000022c3a1b9ed0,
0x0000022c3a1b8a90, 0x0000022c3a1b7b60, 0x0000022c3a1b8070, 0x0000022c3a1b8580,
0x0000022c3a1b8fa0, 0x0000022c3a1b94b0, 0x0000022c3a1b99c0, 0x0000022c3a1ba3e0,
0x0000022c3a1ba8f0, 0x0000022c3a1bae00, 0x0000022c3ffca540, 0x0000022c3ffccdc0,
0x0000022c3ffcaa50, 0x0000022c3ffcb980, 0x0000022c3ffcb470, 0x0000022c3ffcc8b0,
0x0000022c3ffcbe90, 0x0000022c2c38bdf0, 0x0000022c2c38d230, 0x0000022c38d2ff60,
0x0000022c38d2c7b0, 0x0000022c38d2ccc0, 0x0000022c38d2d1d0, 0x0000022c38d2d6e0,
0x0000022c38d2dbf0, 0x0000022c38d2e100, 0x0000022c39388470, 0x0000022c39388e90,
0x0000022c39388980, 0x0000022c39385bf0, 0x0000022c39386100, 0x0000022c393856e0,
0x0000022c39386610, 0x0000022c39386b20, 0x0000022c39387030, 0x0000022c39387540,
0x0000022c39387a50, 0x0000022c39369220, 0x0000022c39369730, 0x0000022c3936a150,
0x0000022c393a2830, 0x0000022c393a2320, 0x0000022c39bcc5e0, 0x0000022c39bcd000,
0x0000022c3940cec0, 0x0000022c2f53e0a0, 0x0000022c37b07d30, 0x0000022c37b08240,
0x0000022c37b08750, 0x0000022c37b08c60, 0x0000022c37b068f0, 0x0000022c37b09170,
0x0000022c37b09680, 0x0000022c37b05ed0, 0x0000022c37b07310, 0x0000022c37b07820,
0x0000022c4537f760, 0x0000022c400eab50, 0x0000022c3ff5b5b0, 0x0000022c40377bb0,
0x0000022c400eba80, 0x0000022c38f56060, 0x0000022c400ebf90, 0x0000022c2c38c300,
0x0000022c38f56f90, 0x0000022c400ec4a0
}

Java Threads: ( => current thread )
  0x0000022c07ade3a0 JavaThread "main" [_thread_blocked, id=8948, stack(0x0000002c90000000,0x0000002c90100000)]
  0x0000022c23b710b0 JavaThread "Reference Handler" daemon [_thread_blocked, id=8992, stack(0x0000002c90700000,0x0000002c90800000)]
  0x0000022c23c383a0 JavaThread "Finalizer" daemon [_thread_blocked, id=7944, stack(0x0000002c90800000,0x0000002c90900000)]
  0x0000022c23c4ca90 JavaThread "Signal Dispatcher" daemon [_thread_blocked, id=34292, stack(0x0000002c90900000,0x0000002c90a00000)]
  0x0000022c23c4d360 JavaThread "Attach Listener" daemon [_thread_blocked, id=36332, stack(0x0000002c90a00000,0x0000002c90b00000)]
  0x0000022c23c4e240 JavaThread "Service Thread" daemon [_thread_blocked, id=23424, stack(0x0000002c90b00000,0x0000002c90c00000)]
  0x0000022c23c4f330 JavaThread "Monitor Deflation Thread" daemon [_thread_blocked, id=13308, stack(0x0000002c90c00000,0x0000002c90d00000)]
  0x0000022c23c4ff30 JavaThread "C2 CompilerThread0" daemon [_thread_blocked, id=12748, stack(0x0000002c90d00000,0x0000002c90e00000)]
  0x0000022c23c50840 JavaThread "C1 CompilerThread0" daemon [_thread_blocked, id=11248, stack(0x0000002c90e00000,0x0000002c90f00000)]
  0x0000022c23c8fcf0 JavaThread "Sweeper thread" daemon [_thread_blocked, id=25824, stack(0x0000002c90f00000,0x0000002c91000000)]
  0x0000022c23b58570 JavaThread "Common-Cleaner" daemon [_thread_blocked, id=15384, stack(0x0000002c91000000,0x0000002c91100000)]
  0x0000022c23f79fc0 JavaThread "Notification Thread" daemon [_thread_blocked, id=35140, stack(0x0000002c91100000,0x0000002c91200000)]
  0x0000022c2a778f50 JavaThread "Daemon health stats" [_thread_blocked, id=36456, stack(0x0000002c91400000,0x0000002c91500000)]
  0x0000022c2965e7a0 JavaThread "Incoming local TCP Connector on port 61593" [_thread_in_native, id=35832, stack(0x0000002c91c00000,0x0000002c91d00000)]
  0x0000022c2a54a880 JavaThread "Daemon periodic checks" [_thread_blocked, id=35304, stack(0x0000002c91d00000,0x0000002c91e00000)]
  0x0000022c2a64f900 JavaThread "Cache worker for journal cache (C:\Users\ronie\.gradle\caches\journal-1)" [_thread_blocked, id=7852, stack(0x0000002c92900000,0x0000002c92a00000)]
  0x0000022c2a64d590 JavaThread "File lock request listener" [_thread_in_native, id=36592, stack(0x0000002c92a00000,0x0000002c92b00000)]
  0x0000022c2a64fe10 JavaThread "Cache worker for file hash cache (C:\Users\ronie\.gradle\caches\8.7\fileHashes)" [_thread_blocked, id=7340, stack(0x0000002c92b00000,0x0000002c92c00000)]
  0x0000022c2a64e4c0 JavaThread "File watcher server" daemon [_thread_blocked, id=30544, stack(0x0000002c92e00000,0x0000002c92f00000)]
  0x0000022c2a650320 JavaThread "File watcher consumer" daemon [_thread_blocked, id=14048, stack(0x0000002c92f00000,0x0000002c93000000)]
  0x0000022c2c38b8e0 JavaThread "Cache worker for file content cache (C:\Users\ronie\.gradle\caches\8.7\fileContent)" [_thread_blocked, id=6424, stack(0x0000002c93200000,0x0000002c93300000)]
  0x0000022c29ae3260 JavaThread "Memory manager" [_thread_blocked, id=34772, stack(0x0000002c94c00000,0x0000002c94d00000)]
  0x0000022c2ad636e0 JavaThread "pool-3-thread-1" [_thread_blocked, id=28968, stack(0x0000002c95400000,0x0000002c95500000)]
  0x0000022c2eeb1a90 JavaThread "Daemon Thread 2" [_thread_blocked, id=29468, stack(0x0000002c8fd00000,0x0000002c8fe00000)]
  0x0000022c2f2f0b50 JavaThread "Daemon worker Thread 2" [_thread_blocked, id=15912, stack(0x0000002c91300000,0x0000002c91400000)]
  0x0000022c2dba3e80 JavaThread "jar transforms" [_thread_blocked, id=11804, stack(0x0000002c92400000,0x0000002c92500000)]
  0x0000022c2dba4390 JavaThread "jar transforms Thread 2" [_thread_blocked, id=400, stack(0x0000002c92c00000,0x0000002c92d00000)]
  0x0000022c2dba3460 JavaThread "jar transforms Thread 3" [_thread_blocked, id=10236, stack(0x0000002c92d00000,0x0000002c92e00000)]
  0x0000022c2dba48a0 JavaThread "jar transforms Thread 4" [_thread_blocked, id=10720, stack(0x0000002c93000000,0x0000002c93100000)]
  0x0000022c2dba4db0 JavaThread "jar transforms Thread 5" [_thread_blocked, id=35096, stack(0x0000002c93100000,0x0000002c93200000)]
  0x0000022c2cab5f90 JavaThread "jar transforms Thread 6" [_thread_blocked, id=9712, stack(0x0000002c93300000,0x0000002c93400000)]
  0x0000022c2cab6ec0 JavaThread "jar transforms Thread 7" [_thread_blocked, id=35224, stack(0x0000002c93400000,0x0000002c93500000)]
  0x0000022c39aa4710 JavaThread "jar transforms Thread 8" [_thread_blocked, id=24720, stack(0x0000002c93500000,0x0000002c93600000)]
  0x0000022c39aa6570 JavaThread "jar transforms Thread 9" [_thread_blocked, id=24408, stack(0x0000002c93600000,0x0000002c93700000)]
  0x0000022c39aa2dc0 JavaThread "jar transforms Thread 10" [_thread_blocked, id=15424, stack(0x0000002c93700000,0x0000002c93800000)]
  0x0000022c39aa5640 JavaThread "jar transforms Thread 11" [_thread_blocked, id=27044, stack(0x0000002c93800000,0x0000002c93900000)]
  0x0000022c298b91e0 JavaThread "jar transforms Thread 12" [_thread_blocked, id=25116, stack(0x0000002c93900000,0x0000002c93a00000)]
  0x0000022c2cab64a0 JavaThread "pool-6-thread-1" [_thread_blocked, id=35428, stack(0x0000002c95c00000,0x0000002c95d00000)]
  0x0000022c2ef3e450 JavaThread "pool-9-thread-1" [_thread_blocked, id=19164, stack(0x0000002c94b00000,0x0000002c94c00000)]
  0x0000022c37559180 JavaThread "Handler for socket connection from /127.0.0.1:61593 to /127.0.0.1:55468" [_thread_in_native, id=10760, stack(0x0000002c91f00000,0x0000002c92000000)]
  0x0000022c37559690 JavaThread "Cancel handler" [_thread_blocked, id=2828, stack(0x0000002c92000000,0x0000002c92100000)]
  0x0000022c2cab73d0 JavaThread "Asynchronous log dispatcher for DefaultDaemonConnection: socket connection from /127.0.0.1:61593 to /127.0.0.1:55468" [_thread_blocked, id=11208, stack(0x0000002c92100000,0x0000002c92200000)]
  0x0000022c2cab7df0 JavaThread "Daemon client event forwarder" [_thread_blocked, id=15020, stack(0x0000002c92300000,0x0000002c92400000)]
  0x0000022c2cab8300 JavaThread "Cache worker for file hash cache (D:\Projects\pickup-pass-android\.gradle\8.7\fileHashes)" [_thread_blocked, id=33816, stack(0x0000002c93b00000,0x0000002c93c00000)]
  0x0000022c2cab8810 JavaThread "Cache worker for checksums cache (D:\Projects\pickup-pass-android\.gradle\8.7\checksums)" [_thread_blocked, id=36796, stack(0x0000002c93c00000,0x0000002c93d00000)]
  0x0000022c2cab5060 JavaThread "Cache worker for cache directory md-supplier (C:\Users\ronie\.gradle\caches\8.7\md-supplier)" [_thread_blocked, id=30616, stack(0x0000002c93d00000,0x0000002c93e00000)]
  0x0000022c2cab78e0 JavaThread "Cache worker for cache directory md-rule (C:\Users\ronie\.gradle\caches\8.7\md-rule)" [_thread_blocked, id=36812, stack(0x0000002c93e00000,0x0000002c93f00000)]
  0x0000022c2cab5570 JavaThread "Cache worker for Build Output Cleanup Cache (D:\Projects\pickup-pass-android\.gradle\buildOutputCleanup)" [_thread_blocked, id=6080, stack(0x0000002c93f00000,0x0000002c94000000)]
  0x0000022c2cab5a80 JavaThread "Unconstrained build operations" [_thread_blocked, id=25800, stack(0x0000002c94100000,0x0000002c94200000)]
  0x0000022c39543fa0 JavaThread "Unconstrained build operations Thread 2" [_thread_blocked, id=36512, stack(0x0000002c94200000,0x0000002c94300000)]
  0x0000022c39543a90 JavaThread "Unconstrained build operations Thread 3" [_thread_blocked, id=26424, stack(0x0000002c94300000,0x0000002c94400000)]
  0x0000022c395444b0 JavaThread "Unconstrained build operations Thread 4" [_thread_blocked, id=5096, stack(0x0000002c94400000,0x0000002c94500000)]
  0x0000022c39542b60 JavaThread "Unconstrained build operations Thread 5" [_thread_blocked, id=30512, stack(0x0000002c94500000,0x0000002c94600000)]
  0x0000022c39541c30 JavaThread "Unconstrained build operations Thread 6" [_thread_blocked, id=24452, stack(0x0000002c94600000,0x0000002c94700000)]
  0x0000022c3a237790 JavaThread "Unconstrained build operations Thread 7" [_thread_blocked, id=6580, stack(0x0000002c94700000,0x0000002c94800000)]
  0x0000022c3a235e40 JavaThread "Unconstrained build operations Thread 8" [_thread_blocked, id=5336, stack(0x0000002c94800000,0x0000002c94900000)]
  0x0000022c3a2344f0 JavaThread "Unconstrained build operations Thread 9" [_thread_blocked, id=26056, stack(0x0000002c94900000,0x0000002c94a00000)]
  0x0000022c3a234f10 JavaThread "Unconstrained build operations Thread 10" [_thread_blocked, id=32692, stack(0x0000002c94a00000,0x0000002c94b00000)]
  0x0000022c3a235420 JavaThread "Unconstrained build operations Thread 11" [_thread_blocked, id=32996, stack(0x0000002c95500000,0x0000002c95600000)]
  0x0000022c37558760 JavaThread "build event listener" [_thread_blocked, id=1392, stack(0x0000002c95600000,0x0000002c95700000)]
  0x0000022c3755b4f0 JavaThread "build event listener" [_thread_blocked, id=34608, stack(0x0000002c95700000,0x0000002c95800000)]
  0x0000022c2f2ef710 JavaThread "pool-12-thread-1" [_thread_blocked, id=24860, stack(0x0000002c95800000,0x0000002c95900000)]
  0x0000022c2f2eddc0 JavaThread "build event listener" [_thread_blocked, id=31360, stack(0x0000002c95900000,0x0000002c95a00000)]
  0x0000022c2f2efc20 JavaThread "included builds" [_thread_blocked, id=35316, stack(0x0000002c95a00000,0x0000002c95b00000)]
  0x0000022c39aa37e0 JavaThread "Execution worker" [_thread_blocked, id=33248, stack(0x0000002c95b00000,0x0000002c95c00000)]
  0x0000022c39aa4c20 JavaThread "Execution worker Thread 2" [_thread_blocked, id=33524, stack(0x0000002c95d00000,0x0000002c95e00000)]
  0x0000022c39aa5130 JavaThread "Execution worker Thread 3" [_thread_blocked, id=11764, stack(0x0000002c95e00000,0x0000002c95f00000)]
  0x0000022c39aa3cf0 JavaThread "Execution worker Thread 4" [_thread_blocked, id=23684, stack(0x0000002c95f00000,0x0000002c96000000)]
  0x0000022c2cb11720 JavaThread "Execution worker Thread 5" [_thread_blocked, id=29628, stack(0x0000002c96000000,0x0000002c96100000)]
  0x0000022c2cb11c30 JavaThread "Execution worker Thread 6" [_thread_blocked, id=18316, stack(0x0000002c96100000,0x0000002c96200000)]
  0x0000022c2cb12140 JavaThread "Execution worker Thread 7" [_thread_blocked, id=33604, stack(0x0000002c96200000,0x0000002c96300000)]
  0x0000022c2cb12650 JavaThread "Execution worker Thread 8" [_thread_blocked, id=15632, stack(0x0000002c96300000,0x0000002c96400000)]
  0x0000022c2cb12b60 JavaThread "Execution worker Thread 9" [_thread_blocked, id=35676, stack(0x0000002c96400000,0x0000002c96500000)]
  0x0000022c2cb13580 JavaThread "Execution worker Thread 10" [_thread_blocked, id=25672, stack(0x0000002c96500000,0x0000002c96600000)]
  0x0000022c2cb10d00 JavaThread "Execution worker Thread 11" [_thread_blocked, id=788, stack(0x0000002c96600000,0x0000002c96700000)]
  0x0000022c39bcf0e0 JavaThread "Cache worker for execution history cache (D:\Projects\pickup-pass-android\.gradle\8.7\executionHistory)" [_thread_blocked, id=30452, stack(0x0000002c96700000,0x0000002c96800000)]
  0x0000022c2f9579b0 JavaThread "Unconstrained build operations Thread 12" [_thread_blocked, id=31768, stack(0x0000002c96800000,0x0000002c96900000)]
  0x0000022c2f957ec0 JavaThread "Unconstrained build operations Thread 13" [_thread_blocked, id=35340, stack(0x0000002c96900000,0x0000002c96a00000)]
  0x0000022c2f9588e0 JavaThread "Unconstrained build operations Thread 14" [_thread_blocked, id=26448, stack(0x0000002c96a00000,0x0000002c96b00000)]
  0x0000022c2f956f90 JavaThread "Unconstrained build operations Thread 15" [_thread_blocked, id=3520, stack(0x0000002c96b00000,0x0000002c96c00000)]
  0x0000022c3a105520 JavaThread "Unconstrained build operations Thread 16" [_thread_blocked, id=24096, stack(0x0000002c96c00000,0x0000002c96d00000)]
  0x0000022c3a105f40 JavaThread "Unconstrained build operations Thread 17" [_thread_blocked, id=26980, stack(0x0000002c96d00000,0x0000002c96e00000)]
  0x0000022c2f2f0130 JavaThread "Unconstrained build operations Thread 18" [_thread_blocked, id=33276, stack(0x0000002c96e00000,0x0000002c96f00000)]
  0x0000022c2ef3e960 JavaThread "Unconstrained build operations Thread 19" [_thread_blocked, id=23828, stack(0x0000002c96f00000,0x0000002c97000000)]
  0x0000022c2ef3df40 JavaThread "Unconstrained build operations Thread 20" [_thread_blocked, id=32656, stack(0x0000002c97000000,0x0000002c97100000)]
  0x0000022c2ef3d520 JavaThread "Unconstrained build operations Thread 21" [_thread_blocked, id=26040, stack(0x0000002c97100000,0x0000002c97200000)]
  0x0000022c2ef3ee70 JavaThread "Unconstrained build operations Thread 22" [_thread_blocked, id=23836, stack(0x0000002c97200000,0x0000002c97300000)]
  0x0000022c2ef3bbd0 JavaThread "Unconstrained build operations Thread 23" [_thread_blocked, id=19476, stack(0x0000002c97300000,0x0000002c97400000)]
  0x0000022c2ef3da30 JavaThread "Unconstrained build operations Thread 24" [_thread_blocked, id=10836, stack(0x0000002c97400000,0x0000002c97500000)]
  0x0000022c2ef3f380 JavaThread "Unconstrained build operations Thread 25" [_thread_blocked, id=24696, stack(0x0000002c97500000,0x0000002c97600000)]
  0x0000022c2ef3c0e0 JavaThread "Unconstrained build operations Thread 26" [_thread_blocked, id=15600, stack(0x0000002c97600000,0x0000002c97700000)]
  0x0000022c2ef3c5f0 JavaThread "Unconstrained build operations Thread 27" [_thread_blocked, id=20996, stack(0x0000002c97700000,0x0000002c97800000)]
  0x0000022c2ef3cb00 JavaThread "Unconstrained build operations Thread 28" [_thread_blocked, id=16656, stack(0x0000002c97800000,0x0000002c97900000)]
  0x0000022c39bccaf0 JavaThread "Unconstrained build operations Thread 29" [_thread_blocked, id=27776, stack(0x0000002c97900000,0x0000002c97a00000)]
  0x0000022c39bcc0d0 JavaThread "Unconstrained build operations Thread 30" [_thread_blocked, id=13616, stack(0x0000002c97a00000,0x0000002c97b00000)]
  0x0000022c39bcbbc0 JavaThread "Unconstrained build operations Thread 31" [_thread_blocked, id=20248, stack(0x0000002c97b00000,0x0000002c97c00000)]
  0x0000022c39bcb1a0 JavaThread "Unconstrained build operations Thread 32" [_thread_blocked, id=17428, stack(0x0000002c97c00000,0x0000002c97d00000)]
  0x0000022c39bcac90 JavaThread "Unconstrained build operations Thread 33" [_thread_blocked, id=29388, stack(0x0000002c97d00000,0x0000002c97e00000)]
  0x0000022c39543070 JavaThread "WorkerExecutor Queue" [_thread_blocked, id=4924, stack(0x0000002c97e00000,0x0000002c97f00000)]
  0x0000022c395449c0 JavaThread "WorkerExecutor Queue Thread 2" [_thread_blocked, id=28840, stack(0x0000002c97f00000,0x0000002c98000000)]
  0x0000022c39544ed0 JavaThread "WorkerExecutor Queue Thread 3" [_thread_blocked, id=35628, stack(0x0000002c98000000,0x0000002c98100000)]
  0x0000022c39542140 JavaThread "WorkerExecutor Queue Thread 4" [_thread_blocked, id=36284, stack(0x0000002c98100000,0x0000002c98200000)]
  0x0000022c39542650 JavaThread "WorkerExecutor Queue Thread 5" [_thread_blocked, id=6872, stack(0x0000002c98200000,0x0000002c98300000)]
  0x0000022c39261e60 JavaThread "WorkerExecutor Queue Thread 6" [_thread_blocked, id=30884, stack(0x0000002c98300000,0x0000002c98400000)]
  0x0000022c39262370 JavaThread "WorkerExecutor Queue Thread 7" [_thread_blocked, id=2288, stack(0x0000002c98400000,0x0000002c98500000)]
  0x0000022c39262880 JavaThread "WorkerExecutor Queue Thread 8" [_thread_blocked, id=8164, stack(0x0000002c98500000,0x0000002c98600000)]
  0x0000022c39260f30 JavaThread "WorkerExecutor Queue Thread 9" [_thread_blocked, id=25504, stack(0x0000002c98600000,0x0000002c98700000)]
  0x0000022c39261440 JavaThread "WorkerExecutor Queue Thread 10" [_thread_blocked, id=14776, stack(0x0000002c98700000,0x0000002c98800000)]
  0x0000022c39261950 JavaThread "WorkerExecutor Queue Thread 11" [_thread_blocked, id=23712, stack(0x0000002c98800000,0x0000002c98900000)]
  0x0000022c393a09d0 JavaThread "WorkerExecutor Queue Thread 12" [_thread_blocked, id=23300, stack(0x0000002c98900000,0x0000002c98a00000)]
  0x0000022c38195330 JavaThread "Unconstrained build operations Thread 34" [_thread_blocked, id=20392, stack(0x0000002c98a00000,0x0000002c98b00000)]
  0x0000022c3755afe0 JavaThread "Unconstrained build operations Thread 35" [_thread_blocked, id=26016, stack(0x0000002c98b00000,0x0000002c98c00000)]
  0x0000022c3755ba00 JavaThread "Unconstrained build operations Thread 36" [_thread_blocked, id=3700, stack(0x0000002c98c00000,0x0000002c98d00000)]
  0x0000022c3755bf10 JavaThread "Unconstrained build operations Thread 37" [_thread_blocked, id=27636, stack(0x0000002c98d00000,0x0000002c98e00000)]
  0x0000022c37559ba0 JavaThread "Unconstrained build operations Thread 38" [_thread_blocked, id=31640, stack(0x0000002c98e00000,0x0000002c98f00000)]
  0x0000022c3755aad0 JavaThread "Unconstrained build operations Thread 39" [_thread_blocked, id=33440, stack(0x0000002c98f00000,0x0000002c99000000)]
  0x0000022c3755a0b0 JavaThread "Unconstrained build operations Thread 40" [_thread_blocked, id=21924, stack(0x0000002c99000000,0x0000002c99100000)]
  0x0000022c2ae31070 JavaThread "Unconstrained build operations Thread 41" [_thread_blocked, id=13348, stack(0x0000002c99100000,0x0000002c99200000)]
  0x0000022c2ae31580 JavaThread "Unconstrained build operations Thread 42" [_thread_blocked, id=35400, stack(0x0000002c99200000,0x0000002c99300000)]
  0x0000022c2ae324b0 JavaThread "Unconstrained build operations Thread 43" [_thread_blocked, id=29436, stack(0x0000002c99300000,0x0000002c99400000)]
  0x0000022c2ae329c0 JavaThread "Unconstrained build operations Thread 44" [_thread_blocked, id=27556, stack(0x0000002c99400000,0x0000002c99500000)]
  0x0000022c37b06e00 JavaThread "Unconstrained build operations Thread 45" [_thread_blocked, id=23440, stack(0x0000002c99500000,0x0000002c99600000)]
  0x0000022c39bd0520 JavaThread "Unconstrained build operations Thread 46" [_thread_blocked, id=28992, stack(0x0000002c99600000,0x0000002c99700000)]
  0x0000022c39bd1960 JavaThread "Unconstrained build operations Thread 47" [_thread_blocked, id=5872, stack(0x0000002c99700000,0x0000002c99800000)]
  0x0000022c39bd0010 JavaThread "Unconstrained build operations Thread 48" [_thread_blocked, id=8460, stack(0x0000002c99800000,0x0000002c99900000)]
  0x0000022c24753e40 JavaThread "Unconstrained build operations Thread 49" [_thread_blocked, id=31244, stack(0x0000002c99900000,0x0000002c99a00000)]
  0x0000022c2cb102e0 JavaThread "Unconstrained build operations Thread 50" [_thread_blocked, id=9592, stack(0x0000002c99a00000,0x0000002c99b00000)]
  0x0000022c38f588e0 JavaThread "Unconstrained build operations Thread 51" [_thread_blocked, id=13484, stack(0x0000002c99b00000,0x0000002c99c00000)]
  0x0000022c38f579b0 JavaThread "Unconstrained build operations Thread 52" [_thread_blocked, id=3304, stack(0x0000002c99c00000,0x0000002c99d00000)]
  0x0000022c38f59810 JavaThread "Unconstrained build operations Thread 53" [_thread_blocked, id=30752, stack(0x0000002c99d00000,0x0000002c99e00000)]
  0x0000022c38f58df0 JavaThread "Unconstrained build operations Thread 54" [_thread_blocked, id=23244, stack(0x0000002c99e00000,0x0000002c99f00000)]
  0x0000022c38f56570 JavaThread "Unconstrained build operations Thread 55" [_thread_blocked, id=27512, stack(0x0000002c99f00000,0x0000002c9a000000)]
  0x0000022c38f56a80 JavaThread "Unconstrained build operations Thread 56" [_thread_blocked, id=21612, stack(0x0000002c9a000000,0x0000002c9a100000)]
  0x0000022c2f2f1060 JavaThread "Unconstrained build operations Thread 57" [_thread_blocked, id=34152, stack(0x0000002c9a100000,0x0000002c9a200000)]
  0x0000022c2f2ef200 JavaThread "Unconstrained build operations Thread 58" [_thread_blocked, id=35584, stack(0x0000002c9a200000,0x0000002c9a300000)]
  0x0000022c2f2ee7e0 JavaThread "Unconstrained build operations Thread 59" [_thread_blocked, id=3792, stack(0x0000002c9a300000,0x0000002c9a400000)]
  0x0000022c2f2eecf0 JavaThread "Unconstrained build operations Thread 60" [_thread_blocked, id=23376, stack(0x0000002c9a400000,0x0000002c9a500000)]
  0x0000022c2f2f1570 JavaThread "Unconstrained build operations Thread 61" [_thread_blocked, id=2052, stack(0x0000002c9a500000,0x0000002c9a600000)]
  0x0000022c2f2ee2d0 JavaThread "Unconstrained build operations Thread 62" [_thread_blocked, id=35868, stack(0x0000002c9a600000,0x0000002c9a700000)]
  0x0000022c38d2e610 JavaThread "Unconstrained build operations Thread 63" [_thread_blocked, id=13244, stack(0x0000002c9a700000,0x0000002c9a800000)]
  0x0000022c38d2f030 JavaThread "Unconstrained build operations Thread 64" [_thread_blocked, id=21392, stack(0x0000002c9a800000,0x0000002c9a900000)]
  0x0000022c38d2eb20 JavaThread "Unconstrained build operations Thread 65" [_thread_blocked, id=10120, stack(0x0000002c9a900000,0x0000002c9aa00000)]
  0x0000022c38d2f540 JavaThread "Unconstrained build operations Thread 66" [_thread_blocked, id=2740, stack(0x0000002c9aa00000,0x0000002c9ab00000)]
  0x0000022c38d2fa50 JavaThread "Unconstrained build operations Thread 67" [_thread_blocked, id=15160, stack(0x0000002c9ab00000,0x0000002c9ac00000)]
  0x0000022c2a9dbb00 JavaThread "Unconstrained build operations Thread 68" [_thread_blocked, id=25696, stack(0x0000002c9ac00000,0x0000002c9ad00000)]
  0x0000022c3a234a00 JavaThread "Unconstrained build operations Thread 69" [_thread_blocked, id=35992, stack(0x0000002c9ad00000,0x0000002c9ae00000)]
  0x0000022c3936a660 JavaThread "Unconstrained build operations Thread 70" [_thread_blocked, id=17992, stack(0x0000002c9ae00000,0x0000002c9af00000)]
  0x0000022c3936b080 JavaThread "Unconstrained build operations Thread 71" [_thread_blocked, id=7536, stack(0x0000002c9af00000,0x0000002c9b000000)]
  0x0000022c39369c40 JavaThread "Unconstrained build operations Thread 72" [_thread_blocked, id=20948, stack(0x0000002c9b000000,0x0000002c9b100000)]
  0x0000022c3936b590 JavaThread "Unconstrained build operations Thread 73" [_thread_blocked, id=26012, stack(0x0000002c9b100000,0x0000002c9b200000)]
  0x0000022c3936baa0 JavaThread "Unconstrained build operations Thread 74" [_thread_blocked, id=35360, stack(0x0000002c9b200000,0x0000002c9b300000)]
  0x0000022c3936ab70 JavaThread "Unconstrained build operations Thread 75" [_thread_blocked, id=252, stack(0x0000002c9b300000,0x0000002c9b400000)]
  0x0000022c3936c4c0 JavaThread "Unconstrained build operations Thread 76" [_thread_blocked, id=18008, stack(0x0000002c9b400000,0x0000002c9b500000)]
  0x0000022c3936bfb0 JavaThread "Unconstrained build operations Thread 77" [_thread_blocked, id=35276, stack(0x0000002c9b500000,0x0000002c9b600000)]
  0x0000022c3936c9d0 JavaThread "Unconstrained build operations Thread 78" [_thread_blocked, id=24336, stack(0x0000002c9b600000,0x0000002c9b700000)]
  0x0000022c3a106e70 JavaThread "Unconstrained build operations Thread 79" [_thread_blocked, id=13420, stack(0x0000002c9b700000,0x0000002c9b800000)]
  0x0000022c3a106960 JavaThread "Unconstrained build operations Thread 80" [_thread_blocked, id=24444, stack(0x0000002c9b800000,0x0000002c9b900000)]
  0x0000022c3a106450 JavaThread "Unconstrained build operations Thread 81" [_thread_blocked, id=34124, stack(0x0000002c9b900000,0x0000002c9ba00000)]
  0x0000022c3a1bb310 JavaThread "Unconstrained build operations Thread 82" [_thread_blocked, id=27000, stack(0x0000002c9ba00000,0x0000002c9bb00000)]
  0x0000022c3a1b9ed0 JavaThread "Unconstrained build operations Thread 83" [_thread_blocked, id=30192, stack(0x0000002c9bb00000,0x0000002c9bc00000)]
  0x0000022c3a1b8a90 JavaThread "Unconstrained build operations Thread 84" [_thread_blocked, id=14960, stack(0x0000002c9bc00000,0x0000002c9bd00000)]
  0x0000022c3a1b7b60 JavaThread "Unconstrained build operations Thread 85" [_thread_blocked, id=10632, stack(0x0000002c9bd00000,0x0000002c9be00000)]
  0x0000022c3a1b8070 JavaThread "Unconstrained build operations Thread 86" [_thread_blocked, id=6516, stack(0x0000002c9be00000,0x0000002c9bf00000)]
  0x0000022c3a1b8580 JavaThread "Unconstrained build operations Thread 87" [_thread_blocked, id=4780, stack(0x0000002c9bf00000,0x0000002c9c000000)]
  0x0000022c3a1b8fa0 JavaThread "Unconstrained build operations Thread 88" [_thread_blocked, id=28036, stack(0x0000002c9c000000,0x0000002c9c100000)]
  0x0000022c3a1b94b0 JavaThread "Unconstrained build operations Thread 89" [_thread_blocked, id=18180, stack(0x0000002c9c100000,0x0000002c9c200000)]
  0x0000022c3a1b99c0 JavaThread "Unconstrained build operations Thread 90" [_thread_blocked, id=36496, stack(0x0000002c9c200000,0x0000002c9c300000)]
  0x0000022c3a1ba3e0 JavaThread "Unconstrained build operations Thread 91" [_thread_blocked, id=21156, stack(0x0000002c9c300000,0x0000002c9c400000)]
  0x0000022c3a1ba8f0 JavaThread "Unconstrained build operations Thread 92" [_thread_blocked, id=34752, stack(0x0000002c9c400000,0x0000002c9c500000)]
  0x0000022c3a1bae00 JavaThread "Unconstrained build operations Thread 93" [_thread_blocked, id=31752, stack(0x0000002c9c500000,0x0000002c9c600000)]
  0x0000022c3ffca540 JavaThread "Unconstrained build operations Thread 94" [_thread_blocked, id=17432, stack(0x0000002c9c600000,0x0000002c9c700000)]
  0x0000022c3ffccdc0 JavaThread "Unconstrained build operations Thread 95" [_thread_blocked, id=21252, stack(0x0000002c9c700000,0x0000002c9c800000)]
  0x0000022c3ffcaa50 JavaThread "Unconstrained build operations Thread 96" [_thread_blocked, id=5844, stack(0x0000002c9c800000,0x0000002c9c900000)]
  0x0000022c3ffcb980 JavaThread "Unconstrained build operations Thread 97" [_thread_blocked, id=21800, stack(0x0000002c9c900000,0x0000002c9ca00000)]
  0x0000022c3ffcb470 JavaThread "Unconstrained build operations Thread 98" [_thread_blocked, id=23512, stack(0x0000002c9ca00000,0x0000002c9cb00000)]
  0x0000022c3ffcc8b0 JavaThread "Unconstrained build operations Thread 99" [_thread_blocked, id=2212, stack(0x0000002c9cb00000,0x0000002c9cc00000)]
  0x0000022c3ffcbe90 JavaThread "Unconstrained build operations Thread 100" [_thread_blocked, id=1964, stack(0x0000002c9cc00000,0x0000002c9cd00000)]
  0x0000022c2c38bdf0 JavaThread "Unconstrained build operations Thread 101" [_thread_blocked, id=35600, stack(0x0000002c9cd00000,0x0000002c9ce00000)]
  0x0000022c2c38d230 JavaThread "Unconstrained build operations Thread 102" [_thread_blocked, id=12264, stack(0x0000002c9ce00000,0x0000002c9cf00000)]
  0x0000022c38d2ff60 JavaThread "Unconstrained build operations Thread 103" [_thread_blocked, id=36548, stack(0x0000002c9cf00000,0x0000002c9d000000)]
  0x0000022c38d2c7b0 JavaThread "Unconstrained build operations Thread 104" [_thread_blocked, id=34824, stack(0x0000002c9d000000,0x0000002c9d100000)]
  0x0000022c38d2ccc0 JavaThread "Unconstrained build operations Thread 105" [_thread_blocked, id=27392, stack(0x0000002c9d100000,0x0000002c9d200000)]
  0x0000022c38d2d1d0 JavaThread "Unconstrained build operations Thread 106" [_thread_blocked, id=4576, stack(0x0000002c9d200000,0x0000002c9d300000)]
  0x0000022c38d2d6e0 JavaThread "Unconstrained build operations Thread 107" [_thread_blocked, id=24144, stack(0x0000002c9d300000,0x0000002c9d400000)]
  0x0000022c38d2dbf0 JavaThread "Unconstrained build operations Thread 108" [_thread_blocked, id=36136, stack(0x0000002c9d400000,0x0000002c9d500000)]
  0x0000022c38d2e100 JavaThread "Unconstrained build operations Thread 109" [_thread_blocked, id=33164, stack(0x0000002c9d500000,0x0000002c9d600000)]
  0x0000022c39388470 JavaThread "Unconstrained build operations Thread 110" [_thread_blocked, id=17208, stack(0x0000002c9d600000,0x0000002c9d700000)]
  0x0000022c39388e90 JavaThread "Unconstrained build operations Thread 111" [_thread_blocked, id=28376, stack(0x0000002c9d700000,0x0000002c9d800000)]
  0x0000022c39388980 JavaThread "Unconstrained build operations Thread 112" [_thread_blocked, id=25720, stack(0x0000002c9d800000,0x0000002c9d900000)]
  0x0000022c39385bf0 JavaThread "Unconstrained build operations Thread 113" [_thread_blocked, id=23728, stack(0x0000002c9d900000,0x0000002c9da00000)]
  0x0000022c39386100 JavaThread "Unconstrained build operations Thread 114" [_thread_blocked, id=16364, stack(0x0000002c9da00000,0x0000002c9db00000)]
  0x0000022c393856e0 JavaThread "Unconstrained build operations Thread 115" [_thread_blocked, id=25792, stack(0x0000002c9db00000,0x0000002c9dc00000)]
  0x0000022c39386610 JavaThread "Unconstrained build operations Thread 116" [_thread_blocked, id=28052, stack(0x0000002c9dc00000,0x0000002c9dd00000)]
  0x0000022c39386b20 JavaThread "Unconstrained build operations Thread 117" [_thread_blocked, id=26832, stack(0x0000002c9dd00000,0x0000002c9de00000)]
  0x0000022c39387030 JavaThread "Unconstrained build operations Thread 118" [_thread_blocked, id=4216, stack(0x0000002c9de00000,0x0000002c9df00000)]
  0x0000022c39387540 JavaThread "Unconstrained build operations Thread 119" [_thread_blocked, id=17508, stack(0x0000002c9df00000,0x0000002c9e000000)]
  0x0000022c39387a50 JavaThread "Unconstrained build operations Thread 120" [_thread_blocked, id=19936, stack(0x0000002c9e000000,0x0000002c9e100000)]
  0x0000022c39369220 JavaThread "pool-13-thread-1" [_thread_blocked, id=26316, stack(0x0000002c93a00000,0x0000002c93b00000)]
  0x0000022c39369730 JavaThread "stderr" [_thread_in_native, id=28364, stack(0x0000002c94000000,0x0000002c94100000)]
  0x0000022c3936a150 JavaThread "stdout" [_thread_in_native, id=35720, stack(0x0000002c9e100000,0x0000002c9e200000)]
  0x0000022c393a2830 JavaThread "RMI Scheduler(0)" daemon [_thread_blocked, id=27672, stack(0x0000002c9e200000,0x0000002c9e300000)]
  0x0000022c393a2320 JavaThread "RMI GC Daemon" daemon [_thread_blocked, id=26408, stack(0x0000002c9e400000,0x0000002c9e500000)]
  0x0000022c39bcc5e0 JavaThread "RMI TCP Accept-0" daemon [_thread_in_native, id=36836, stack(0x0000002c9e500000,0x0000002c9e600000)]
  0x0000022c39bcd000 JavaThread "RMI Reaper" [_thread_blocked, id=36480, stack(0x0000002c9e600000,0x0000002c9e700000)]
  0x0000022c3940cec0 JavaThread "RMI TCP Connection(idle)" daemon [_thread_blocked, id=28668, stack(0x0000002c9e800000,0x0000002c9e900000)]
  0x0000022c2f53e0a0 JavaThread "Cache worker for Java compile cache (C:\Users\ronie\.gradle\caches\8.7\javaCompile)" [_thread_blocked, id=15048, stack(0x0000002c92200000,0x0000002c92300000)]
  0x0000022c37b07d30 JavaThread "Build operations" [_thread_blocked, id=33908, stack(0x0000002c8ff00000,0x0000002c90000000)]
  0x0000022c37b08240 JavaThread "Build operations Thread 2" [_thread_blocked, id=26228, stack(0x0000002c9e700000,0x0000002c9e800000)]
  0x0000022c37b08750 JavaThread "Build operations Thread 3" [_thread_blocked, id=31412, stack(0x0000002c9ea00000,0x0000002c9eb00000)]
  0x0000022c37b08c60 JavaThread "Build operations Thread 4" [_thread_blocked, id=9132, stack(0x0000002c9eb00000,0x0000002c9ec00000)]
  0x0000022c37b068f0 JavaThread "Build operations Thread 5" [_thread_blocked, id=29380, stack(0x0000002c9ec00000,0x0000002c9ed00000)]
  0x0000022c37b09170 JavaThread "Build operations Thread 6" [_thread_blocked, id=33736, stack(0x0000002c9ed00000,0x0000002c9ee00000)]
  0x0000022c37b09680 JavaThread "Build operations Thread 7" [_thread_blocked, id=11300, stack(0x0000002c9ee00000,0x0000002c9ef00000)]
  0x0000022c37b05ed0 JavaThread "Build operations Thread 8" [_thread_blocked, id=18148, stack(0x0000002c9ef00000,0x0000002c9f000000)]
  0x0000022c37b07310 JavaThread "Build operations Thread 9" [_thread_blocked, id=20744, stack(0x0000002c9f000000,0x0000002c9f100000)]
  0x0000022c37b07820 JavaThread "Build operations Thread 10" [_thread_blocked, id=27664, stack(0x0000002c9f100000,0x0000002c9f200000)]
  0x0000022c4537f760 JavaThread "Build operations Thread 11" [_thread_blocked, id=32912, stack(0x0000002c9f200000,0x0000002c9f300000)]
  0x0000022c400eab50 JavaThread "Build operations Thread 12" [_thread_blocked, id=31908, stack(0x0000002c9f400000,0x0000002c9f500000)]
=>0x0000022c3ff5b5b0 JavaThread "C2 CompilerThread1" daemon [_thread_in_native, id=20168, stack(0x0000002c8fe00000,0x0000002c8ff00000)]
  0x0000022c40377bb0 JavaThread "C2 CompilerThread2" daemon [_thread_in_native, id=29132, stack(0x0000002c9f300000,0x0000002c9f400000)]
  0x0000022c400eba80 JavaThread "ForkJoinPool-1-worker-1" daemon [_thread_blocked, id=17516, stack(0x0000002c9f600000,0x0000002c9f700000)]
  0x0000022c38f56060 JavaThread "ForkJoinPool-1-worker-2" daemon [_thread_blocked, id=23024, stack(0x0000002c9f700000,0x0000002c9f800000)]
  0x0000022c400ebf90 JavaThread "ForkJoinPool-1-worker-3" daemon [_thread_blocked, id=3376, stack(0x0000002c9f800000,0x0000002c9f900000)]
  0x0000022c2c38c300 JavaThread "ForkJoinPool-1-worker-4" daemon [_thread_blocked, id=21180, stack(0x0000002c9f900000,0x0000002c9fa00000)]
  0x0000022c38f56f90 JavaThread "ForkJoinPool-1-worker-5" daemon [_thread_blocked, id=26200, stack(0x0000002c9fa00000,0x0000002c9fb00000)]
  0x0000022c400ec4a0 JavaThread "ForkJoinPool-1-worker-6" daemon [_thread_blocked, id=32404, stack(0x0000002c9fb00000,0x0000002c9fc00000)]

Other Threads:
  0x0000022c23b70b80 VMThread "VM Thread" [stack: 0x0000002c90600000,0x0000002c90700000] [id=31456]
  0x0000022c07adf130 WatcherThread [stack: 0x0000002c91200000,0x0000002c91300000] [id=19144]
  0x0000022c07b3b980 GCTaskThread "GC Thread#0" [stack: 0x0000002c90100000,0x0000002c90200000] [id=26928]
  0x0000022c242d3ef0 GCTaskThread "GC Thread#1" [stack: 0x0000002c91500000,0x0000002c91600000] [id=12704]
  0x0000022c29361540 GCTaskThread "GC Thread#2" [stack: 0x0000002c91600000,0x0000002c91700000] [id=26536]
  0x0000022c29c26830 GCTaskThread "GC Thread#3" [stack: 0x0000002c91700000,0x0000002c91800000] [id=34588]
  0x0000022c29c26af0 GCTaskThread "GC Thread#4" [stack: 0x0000002c91800000,0x0000002c91900000] [id=12324]
  0x0000022c295d6a70 GCTaskThread "GC Thread#5" [stack: 0x0000002c91900000,0x0000002c91a00000] [id=29872]
  0x0000022c295d6d30 GCTaskThread "GC Thread#6" [stack: 0x0000002c91a00000,0x0000002c91b00000] [id=11128]
  0x0000022c290d44a0 GCTaskThread "GC Thread#7" [stack: 0x0000002c91b00000,0x0000002c91c00000] [id=32632]
  0x0000022c2ad17090 GCTaskThread "GC Thread#8" [stack: 0x0000002c92500000,0x0000002c92600000] [id=17716]
  0x0000022c2a674d30 GCTaskThread "GC Thread#9" [stack: 0x0000002c92600000,0x0000002c92700000] [id=20988]
  0x0000022c07b4d7f0 ConcurrentGCThread "G1 Main Marker" [stack: 0x0000002c90200000,0x0000002c90300000] [id=35264]
  0x0000022c07b4edf0 ConcurrentGCThread "G1 Conc#0" [stack: 0x0000002c90300000,0x0000002c90400000] [id=13664]
  0x0000022c2a66f030 ConcurrentGCThread "G1 Conc#1" [stack: 0x0000002c92700000,0x0000002c92800000] [id=25076]
  0x0000022c2a9bd480 ConcurrentGCThread "G1 Conc#2" [stack: 0x0000002c92800000,0x0000002c92900000] [id=23000]
  0x0000022c23aa4740 ConcurrentGCThread "G1 Refine#0" [stack: 0x0000002c90400000,0x0000002c90500000] [id=29560]
  0x0000022c2b7ef4c0 ConcurrentGCThread "G1 Refine#1" [stack: 0x0000002c94e00000,0x0000002c94f00000] [id=28984]
  0x0000022c2d7163c0 ConcurrentGCThread "G1 Refine#2" [stack: 0x0000002c94f00000,0x0000002c95000000] [id=24168]
  0x0000022c2c699cf0 ConcurrentGCThread "G1 Refine#3" [stack: 0x0000002c95000000,0x0000002c95100000] [id=10324]
  0x0000022c2be43fb0 ConcurrentGCThread "G1 Refine#4" [stack: 0x0000002c95100000,0x0000002c95200000] [id=21160]
  0x0000022c2da11150 ConcurrentGCThread "G1 Refine#5" [stack: 0x0000002c95200000,0x0000002c95300000] [id=35184]
  0x0000022c2d7763a0 ConcurrentGCThread "G1 Refine#6" [stack: 0x0000002c95300000,0x0000002c95400000] [id=36132]
  0x0000022c23f85510 ConcurrentGCThread "G1 Refine#7" [stack: 0x0000002c91e00000,0x0000002c91f00000] [id=25024]
  0x0000022c374613c0 ConcurrentGCThread "G1 Refine#8" [stack: 0x0000002c94d00000,0x0000002c94e00000] [id=23688]
  0x0000022c39164830 ConcurrentGCThread "G1 Refine#9" [stack: 0x0000002c9e300000,0x0000002c9e400000] [id=25292]
  0x0000022c23aa4e20 ConcurrentGCThread "G1 Service" [stack: 0x0000002c90500000,0x0000002c90600000] [id=35448]

Threads with active compile tasks:
C2 CompilerThread0   453875 46471       4       com.android.tools.r8.graph.D3::b (716 bytes)
C1 CompilerThread0   453875 46509 %     3       com.android.tools.r8.graph.D3::d @ 25 (455 bytes)
C2 CompilerThread1   453875 46333   !   4       com.android.tools.r8.graph.e4::c (917 bytes)
C2 CompilerThread2   453875 46313       4       com.android.tools.r8.internal.hd::a (5094 bytes)

VM state: at safepoint (normal execution)

VM Mutex/Monitor currently owned by a thread:  ([mutex/lock_event])
[0x0000022c07626c20] Threads_lock - owner thread: 0x0000022c23b70b80
[0x0000022c07addd30] Heap_lock - owner thread: 0x0000022c38f56f90

Heap address: 0x0000000080000000, size: 2048 MB, Compressed Oops mode: 32-bit

CDS archive(s) not mapped
Compressed class space mapped at: 0x0000000100000000-0x0000000140000000, reserved size: 1073741824
Narrow klass base: 0x0000000000000000, Narrow klass shift: 3, Narrow klass range: 0x140000000

GC Precious Log:
 CPUs: 12 total, 12 available
 Memory: 23933M
 Large Page Support: Disabled
 NUMA Support: Disabled
 Compressed Oops: Enabled (32-bit)
 Heap Region Size: 1M
 Heap Min Capacity: 8M
 Heap Initial Capacity: 374M
 Heap Max Capacity: 2G
 Pre-touch: Disabled
 Parallel Workers: 10
 Concurrent Workers: 3
 Concurrent Refinement Workers: 10
 Periodic GC: Disabled

Heap:
 garbage-first heap   total 1198080K, used 783360K [0x0000000080000000, 0x0000000100000000)
  region size 1024K, 31 young (31744K), 31 survivors (31744K)
 Metaspace       used 303947K, committed 305856K, reserved 1376256K
  class space    used 37786K, committed 38720K, reserved 1048576K

Heap Regions: E=young(eden), S=young(survivor), O=old, HS=humongous(starts), HC=humongous(continues), CS=collection set, F=free, OA=open archive, CA=closed archive, TAMS=top-at-mark-start (previous, next)
|   0|0x0000000080000000, 0x0000000080100000, 0x0000000080100000|100%|HS|  |TAMS 0x0000000080100000, 0x0000000080000000| Complete 
|   1|0x0000000080100000, 0x0000000080200000, 0x0000000080200000|100%|HC|  |TAMS 0x0000000080200000, 0x0000000080100000| Complete 
|   2|0x0000000080200000, 0x0000000080300000, 0x0000000080300000|100%|HC|  |TAMS 0x0000000080300000, 0x0000000080200000| Complete 
|   3|0x0000000080300000, 0x0000000080400000, 0x0000000080400000|100%|HC|  |TAMS 0x0000000080400000, 0x0000000080300000| Complete 
|   4|0x0000000080400000, 0x0000000080500000, 0x0000000080500000|100%| O|  |TAMS 0x0000000080500000, 0x0000000080400000| Untracked 
|   5|0x0000000080500000, 0x0000000080600000, 0x0000000080600000|100%| O|  |TAMS 0x0000000080600000, 0x0000000080500000| Untracked 
|   6|0x0000000080600000, 0x0000000080700000, 0x0000000080700000|100%| O|  |TAMS 0x0000000080700000, 0x0000000080600000| Untracked 
|   7|0x0000000080700000, 0x0000000080800000, 0x0000000080800000|100%| O|  |TAMS 0x0000000080800000, 0x0000000080700000| Untracked 
|   8|0x0000000080800000, 0x0000000080900000, 0x0000000080900000|100%| O|  |TAMS 0x0000000080900000, 0x0000000080800000| Untracked 
|   9|0x0000000080900000, 0x0000000080a00000, 0x0000000080a00000|100%| O|  |TAMS 0x0000000080a00000, 0x0000000080900000| Untracked 
|  10|0x0000000080a00000, 0x0000000080b00000, 0x0000000080b00000|100%| O|  |TAMS 0x0000000080b00000, 0x0000000080a00000| Untracked 
|  11|0x0000000080b00000, 0x0000000080c00000, 0x0000000080c00000|100%| O|  |TAMS 0x0000000080c00000, 0x0000000080b00000| Untracked 
|  12|0x0000000080c00000, 0x0000000080d00000, 0x0000000080d00000|100%| O|  |TAMS 0x0000000080d00000, 0x0000000080c00000| Untracked 
|  13|0x0000000080d00000, 0x0000000080e00000, 0x0000000080e00000|100%| O|  |TAMS 0x0000000080e00000, 0x0000000080d00000| Untracked 
|  14|0x0000000080e00000, 0x0000000080f00000, 0x0000000080f00000|100%| O|  |TAMS 0x0000000080f00000, 0x0000000080e00000| Untracked 
|  15|0x0000000080f00000, 0x0000000081000000, 0x0000000081000000|100%| O|  |TAMS 0x0000000081000000, 0x0000000080f00000| Untracked 
|  16|0x0000000081000000, 0x0000000081100000, 0x0000000081100000|100%| O|  |TAMS 0x0000000081100000, 0x0000000081000000| Untracked 
|  17|0x0000000081100000, 0x0000000081200000, 0x0000000081200000|100%| O|  |TAMS 0x0000000081200000, 0x0000000081100000| Untracked 
|  18|0x0000000081200000, 0x0000000081300000, 0x0000000081300000|100%| O|  |TAMS 0x0000000081300000, 0x0000000081200000| Untracked 
|  19|0x0000000081300000, 0x0000000081400000, 0x0000000081400000|100%| O|  |TAMS 0x0000000081400000, 0x0000000081300000| Untracked 
|  20|0x0000000081400000, 0x0000000081500000, 0x0000000081500000|100%| O|  |TAMS 0x0000000081500000, 0x0000000081400000| Untracked 
|  21|0x0000000081500000, 0x0000000081600000, 0x0000000081600000|100%| O|  |TAMS 0x0000000081600000, 0x0000000081500000| Untracked 
|  22|0x0000000081600000, 0x0000000081700000, 0x0000000081700000|100%| O|  |TAMS 0x0000000081700000, 0x0000000081600000| Untracked 
|  23|0x0000000081700000, 0x0000000081800000, 0x0000000081800000|100%|HS|  |TAMS 0x0000000081800000, 0x0000000081700000| Complete 
|  24|0x0000000081800000, 0x0000000081900000, 0x0000000081900000|100%| O|  |TAMS 0x0000000081900000, 0x0000000081800000| Untracked 
|  25|0x0000000081900000, 0x0000000081a00000, 0x0000000081a00000|100%| O|  |TAMS 0x0000000081a00000, 0x0000000081900000| Untracked 
|  26|0x0000000081a00000, 0x0000000081b00000, 0x0000000081b00000|100%| O|  |TAMS 0x0000000081b00000, 0x0000000081a00000| Untracked 
|  27|0x0000000081b00000, 0x0000000081c00000, 0x0000000081c00000|100%| O|  |TAMS 0x0000000081c00000, 0x0000000081b00000| Untracked 
|  28|0x0000000081c00000, 0x0000000081d00000, 0x0000000081d00000|100%| O|  |TAMS 0x0000000081d00000, 0x0000000081c00000| Untracked 
|  29|0x0000000081d00000, 0x0000000081e00000, 0x0000000081e00000|100%| O|  |TAMS 0x0000000081e00000, 0x0000000081d00000| Untracked 
|  30|0x0000000081e00000, 0x0000000081f00000, 0x0000000081f00000|100%| O|  |TAMS 0x0000000081f00000, 0x0000000081e00000| Untracked 
|  31|0x0000000081f00000, 0x0000000082000000, 0x0000000082000000|100%| O|  |TAMS 0x0000000082000000, 0x0000000081f00000| Untracked 
|  32|0x0000000082000000, 0x0000000082100000, 0x0000000082100000|100%| O|  |TAMS 0x0000000082100000, 0x0000000082000000| Untracked 
|  33|0x0000000082100000, 0x0000000082200000, 0x0000000082200000|100%| O|  |TAMS 0x0000000082200000, 0x0000000082100000| Untracked 
|  34|0x0000000082200000, 0x0000000082300000, 0x0000000082300000|100%|HS|  |TAMS 0x0000000082300000, 0x0000000082200000| Complete 
|  35|0x0000000082300000, 0x0000000082400000, 0x0000000082400000|100%| O|  |TAMS 0x0000000082400000, 0x0000000082300000| Untracked 
|  36|0x0000000082400000, 0x0000000082500000, 0x0000000082500000|100%|HS|  |TAMS 0x0000000082500000, 0x0000000082400000| Complete 
|  37|0x0000000082500000, 0x0000000082600000, 0x0000000082600000|100%|HC|  |TAMS 0x0000000082600000, 0x0000000082500000| Complete 
|  38|0x0000000082600000, 0x0000000082700000, 0x0000000082700000|100%|HS|  |TAMS 0x0000000082700000, 0x0000000082600000| Complete 
|  39|0x0000000082700000, 0x0000000082800000, 0x0000000082800000|100%|HC|  |TAMS 0x0000000082800000, 0x0000000082700000| Complete 
|  40|0x0000000082800000, 0x0000000082900000, 0x0000000082900000|100%|HS|  |TAMS 0x0000000082900000, 0x0000000082800000| Complete 
|  41|0x0000000082900000, 0x0000000082a00000, 0x0000000082a00000|100%|HS|  |TAMS 0x0000000082a00000, 0x0000000082900000| Complete 
|  42|0x0000000082a00000, 0x0000000082b00000, 0x0000000082b00000|100%|HC|  |TAMS 0x0000000082b00000, 0x0000000082a00000| Complete 
|  43|0x0000000082b00000, 0x0000000082c00000, 0x0000000082c00000|100%|HC|  |TAMS 0x0000000082c00000, 0x0000000082b00000| Complete 
|  44|0x0000000082c00000, 0x0000000082d00000, 0x0000000082d00000|100%|HC|  |TAMS 0x0000000082d00000, 0x0000000082c00000| Complete 
|  45|0x0000000082d00000, 0x0000000082e00000, 0x0000000082e00000|100%|HS|  |TAMS 0x0000000082e00000, 0x0000000082d00000| Complete 
|  46|0x0000000082e00000, 0x0000000082f00000, 0x0000000082f00000|100%| O|  |TAMS 0x0000000082f00000, 0x0000000082e00000| Untracked 
|  47|0x0000000082f00000, 0x0000000083000000, 0x0000000083000000|100%|HS|  |TAMS 0x0000000083000000, 0x0000000082f00000| Complete 
|  48|0x0000000083000000, 0x0000000083100000, 0x0000000083100000|100%|HS|  |TAMS 0x0000000083100000, 0x0000000083000000| Complete 
|  49|0x0000000083100000, 0x0000000083200000, 0x0000000083200000|100%| O|  |TAMS 0x0000000083200000, 0x0000000083100000| Untracked 
|  50|0x0000000083200000, 0x0000000083300000, 0x0000000083300000|100%| O|  |TAMS 0x0000000083300000, 0x0000000083200000| Untracked 
|  51|0x0000000083300000, 0x0000000083400000, 0x0000000083400000|100%| O|  |TAMS 0x0000000083400000, 0x0000000083300000| Untracked 
|  52|0x0000000083400000, 0x0000000083500000, 0x0000000083500000|100%|HS|  |TAMS 0x0000000083500000, 0x0000000083400000| Complete 
|  53|0x0000000083500000, 0x0000000083600000, 0x0000000083600000|100%| O|  |TAMS 0x0000000083600000, 0x0000000083500000| Untracked 
|  54|0x0000000083600000, 0x0000000083700000, 0x0000000083700000|100%| O|  |TAMS 0x0000000083700000, 0x0000000083600000| Untracked 
|  55|0x0000000083700000, 0x0000000083800000, 0x0000000083800000|100%| O|  |TAMS 0x0000000083800000, 0x0000000083700000| Untracked 
|  56|0x0000000083800000, 0x0000000083900000, 0x0000000083900000|100%| O|  |TAMS 0x0000000083900000, 0x0000000083800000| Untracked 
|  57|0x0000000083900000, 0x0000000083a00000, 0x0000000083a00000|100%| O|  |TAMS 0x0000000083a00000, 0x0000000083900000| Untracked 
|  58|0x0000000083a00000, 0x0000000083b00000, 0x0000000083b00000|100%| O|  |TAMS 0x0000000083b00000, 0x0000000083a00000| Untracked 
|  59|0x0000000083b00000, 0x0000000083c00000, 0x0000000083c00000|100%| O|  |TAMS 0x0000000083c00000, 0x0000000083b00000| Untracked 
|  60|0x0000000083c00000, 0x0000000083d00000, 0x0000000083d00000|100%| O|  |TAMS 0x0000000083d00000, 0x0000000083c00000| Untracked 
|  61|0x0000000083d00000, 0x0000000083e00000, 0x0000000083e00000|100%| O|  |TAMS 0x0000000083e00000, 0x0000000083d00000| Untracked 
|  62|0x0000000083e00000, 0x0000000083f00000, 0x0000000083f00000|100%| O|  |TAMS 0x0000000083f00000, 0x0000000083e00000| Untracked 
|  63|0x0000000083f00000, 0x0000000084000000, 0x0000000084000000|100%| O|  |TAMS 0x0000000084000000, 0x0000000083f00000| Untracked 
|  64|0x0000000084000000, 0x0000000084100000, 0x0000000084100000|100%| O|  |TAMS 0x0000000084100000, 0x0000000084000000| Untracked 
|  65|0x0000000084100000, 0x0000000084200000, 0x0000000084200000|100%| O|  |TAMS 0x0000000084200000, 0x0000000084100000| Untracked 
|  66|0x0000000084200000, 0x0000000084300000, 0x0000000084300000|100%| O|  |TAMS 0x0000000084300000, 0x0000000084200000| Untracked 
|  67|0x0000000084300000, 0x0000000084400000, 0x0000000084400000|100%| O|  |TAMS 0x0000000084400000, 0x0000000084300000| Untracked 
|  68|0x0000000084400000, 0x0000000084500000, 0x0000000084500000|100%| O|  |TAMS 0x0000000084500000, 0x0000000084400000| Untracked 
|  69|0x0000000084500000, 0x0000000084600000, 0x0000000084600000|100%|HS|  |TAMS 0x0000000084600000, 0x0000000084500000| Complete 
|  70|0x0000000084600000, 0x0000000084700000, 0x0000000084700000|100%|HC|  |TAMS 0x0000000084700000, 0x0000000084600000| Complete 
|  71|0x0000000084700000, 0x0000000084800000, 0x0000000084800000|100%|HC|  |TAMS 0x0000000084800000, 0x0000000084700000| Complete 
|  72|0x0000000084800000, 0x0000000084900000, 0x0000000084900000|100%|HC|  |TAMS 0x0000000084900000, 0x0000000084800000| Complete 
|  73|0x0000000084900000, 0x0000000084a00000, 0x0000000084a00000|100%| O|  |TAMS 0x0000000084a00000, 0x0000000084900000| Untracked 
|  74|0x0000000084a00000, 0x0000000084b00000, 0x0000000084b00000|100%| O|  |TAMS 0x0000000084b00000, 0x0000000084a00000| Untracked 
|  75|0x0000000084b00000, 0x0000000084c00000, 0x0000000084c00000|100%| O|  |TAMS 0x0000000084c00000, 0x0000000084b00000| Untracked 
|  76|0x0000000084c00000, 0x0000000084d00000, 0x0000000084d00000|100%| O|  |TAMS 0x0000000084d00000, 0x0000000084c00000| Untracked 
|  77|0x0000000084d00000, 0x0000000084e00000, 0x0000000084e00000|100%| O|  |TAMS 0x0000000084e00000, 0x0000000084d00000| Untracked 
|  78|0x0000000084e00000, 0x0000000084f00000, 0x0000000084f00000|100%| O|  |TAMS 0x0000000084f00000, 0x0000000084e00000| Untracked 
|  79|0x0000000084f00000, 0x0000000085000000, 0x0000000085000000|100%| O|  |TAMS 0x0000000085000000, 0x0000000084f00000| Untracked 
|  80|0x0000000085000000, 0x0000000085100000, 0x0000000085100000|100%| O|  |TAMS 0x0000000085100000, 0x0000000085000000| Untracked 
|  81|0x0000000085100000, 0x0000000085200000, 0x0000000085200000|100%| O|  |TAMS 0x0000000085200000, 0x0000000085100000| Untracked 
|  82|0x0000000085200000, 0x0000000085300000, 0x0000000085300000|100%| O|  |TAMS 0x0000000085300000, 0x0000000085200000| Untracked 
|  83|0x0000000085300000, 0x0000000085400000, 0x0000000085400000|100%| O|  |TAMS 0x0000000085400000, 0x0000000085300000| Untracked 
|  84|0x0000000085400000, 0x0000000085500000, 0x0000000085500000|100%| O|  |TAMS 0x0000000085500000, 0x0000000085400000| Untracked 
|  85|0x0000000085500000, 0x0000000085600000, 0x0000000085600000|100%| O|  |TAMS 0x0000000085600000, 0x0000000085500000| Untracked 
|  86|0x0000000085600000, 0x0000000085700000, 0x0000000085700000|100%| O|  |TAMS 0x0000000085700000, 0x0000000085600000| Untracked 
|  87|0x0000000085700000, 0x0000000085800000, 0x0000000085800000|100%| O|  |TAMS 0x0000000085800000, 0x0000000085700000| Untracked 
|  88|0x0000000085800000, 0x0000000085900000, 0x0000000085900000|100%| O|  |TAMS 0x0000000085900000, 0x0000000085800000| Untracked 
|  89|0x0000000085900000, 0x0000000085a00000, 0x0000000085a00000|100%| O|  |TAMS 0x0000000085a00000, 0x0000000085900000| Untracked 
|  90|0x0000000085a00000, 0x0000000085b00000, 0x0000000085b00000|100%| O|  |TAMS 0x0000000085b00000, 0x0000000085a00000| Untracked 
|  91|0x0000000085b00000, 0x0000000085c00000, 0x0000000085c00000|100%| O|  |TAMS 0x0000000085c00000, 0x0000000085b00000| Untracked 
|  92|0x0000000085c00000, 0x0000000085d00000, 0x0000000085d00000|100%| O|  |TAMS 0x0000000085d00000, 0x0000000085c00000| Untracked 
|  93|0x0000000085d00000, 0x0000000085e00000, 0x0000000085e00000|100%| O|  |TAMS 0x0000000085e00000, 0x0000000085d00000| Untracked 
|  94|0x0000000085e00000, 0x0000000085f00000, 0x0000000085f00000|100%| O|  |TAMS 0x0000000085f00000, 0x0000000085e00000| Untracked 
|  95|0x0000000085f00000, 0x0000000086000000, 0x0000000086000000|100%| O|  |TAMS 0x0000000086000000, 0x0000000085f00000| Untracked 
|  96|0x0000000086000000, 0x0000000086100000, 0x0000000086100000|100%| O|  |TAMS 0x0000000086100000, 0x0000000086000000| Untracked 
|  97|0x0000000086100000, 0x0000000086200000, 0x0000000086200000|100%| O|  |TAMS 0x0000000086200000, 0x0000000086100000| Untracked 
|  98|0x0000000086200000, 0x0000000086300000, 0x0000000086300000|100%| O|  |TAMS 0x0000000086300000, 0x0000000086200000| Untracked 
|  99|0x0000000086300000, 0x0000000086400000, 0x0000000086400000|100%| O|  |TAMS 0x0000000086400000, 0x0000000086300000| Untracked 
| 100|0x0000000086400000, 0x0000000086500000, 0x0000000086500000|100%| O|  |TAMS 0x0000000086500000, 0x0000000086400000| Untracked 
| 101|0x0000000086500000, 0x0000000086600000, 0x0000000086600000|100%| O|  |TAMS 0x0000000086600000, 0x0000000086500000| Untracked 
| 102|0x0000000086600000, 0x0000000086700000, 0x0000000086700000|100%| O|  |TAMS 0x0000000086700000, 0x0000000086600000| Untracked 
| 103|0x0000000086700000, 0x0000000086800000, 0x0000000086800000|100%| O|  |TAMS 0x0000000086800000, 0x0000000086700000| Untracked 
| 104|0x0000000086800000, 0x0000000086900000, 0x0000000086900000|100%| O|  |TAMS 0x0000000086900000, 0x0000000086800000| Untracked 
| 105|0x0000000086900000, 0x0000000086a00000, 0x0000000086a00000|100%| O|  |TAMS 0x0000000086a00000, 0x0000000086900000| Untracked 
| 106|0x0000000086a00000, 0x0000000086b00000, 0x0000000086b00000|100%| O|  |TAMS 0x0000000086b00000, 0x0000000086a00000| Untracked 
| 107|0x0000000086b00000, 0x0000000086c00000, 0x0000000086c00000|100%| O|  |TAMS 0x0000000086c00000, 0x0000000086b00000| Untracked 
| 108|0x0000000086c00000, 0x0000000086d00000, 0x0000000086d00000|100%| O|  |TAMS 0x0000000086d00000, 0x0000000086c00000| Untracked 
| 109|0x0000000086d00000, 0x0000000086e00000, 0x0000000086e00000|100%| O|  |TAMS 0x0000000086e00000, 0x0000000086d00000| Untracked 
| 110|0x0000000086e00000, 0x0000000086f00000, 0x0000000086f00000|100%| O|  |TAMS 0x0000000086f00000, 0x0000000086e00000| Untracked 
| 111|0x0000000086f00000, 0x0000000087000000, 0x0000000087000000|100%| O|  |TAMS 0x0000000087000000, 0x0000000086f00000| Untracked 
| 112|0x0000000087000000, 0x0000000087100000, 0x0000000087100000|100%| O|  |TAMS 0x0000000087100000, 0x0000000087000000| Untracked 
| 113|0x0000000087100000, 0x0000000087200000, 0x0000000087200000|100%| O|  |TAMS 0x0000000087200000, 0x0000000087100000| Untracked 
| 114|0x0000000087200000, 0x0000000087300000, 0x0000000087300000|100%| O|  |TAMS 0x0000000087300000, 0x0000000087200000| Untracked 
| 115|0x0000000087300000, 0x0000000087400000, 0x0000000087400000|100%| O|  |TAMS 0x0000000087400000, 0x0000000087300000| Untracked 
| 116|0x0000000087400000, 0x0000000087500000, 0x0000000087500000|100%| O|  |TAMS 0x0000000087500000, 0x0000000087400000| Untracked 
| 117|0x0000000087500000, 0x0000000087600000, 0x0000000087600000|100%| O|  |TAMS 0x0000000087600000, 0x0000000087500000| Untracked 
| 118|0x0000000087600000, 0x0000000087700000, 0x0000000087700000|100%| O|  |TAMS 0x0000000087700000, 0x0000000087600000| Untracked 
| 119|0x0000000087700000, 0x0000000087800000, 0x0000000087800000|100%| O|  |TAMS 0x0000000087800000, 0x0000000087700000| Untracked 
| 120|0x0000000087800000, 0x0000000087900000, 0x0000000087900000|100%| O|  |TAMS 0x0000000087900000, 0x0000000087800000| Untracked 
| 121|0x0000000087900000, 0x0000000087a00000, 0x0000000087a00000|100%| O|  |TAMS 0x0000000087a00000, 0x0000000087900000| Untracked 
| 122|0x0000000087a00000, 0x0000000087b00000, 0x0000000087b00000|100%| O|  |TAMS 0x0000000087b00000, 0x0000000087a00000| Untracked 
| 123|0x0000000087b00000, 0x0000000087c00000, 0x0000000087c00000|100%| O|  |TAMS 0x0000000087c00000, 0x0000000087b00000| Untracked 
| 124|0x0000000087c00000, 0x0000000087d00000, 0x0000000087d00000|100%| O|  |TAMS 0x0000000087d00000, 0x0000000087c00000| Untracked 
| 125|0x0000000087d00000, 0x0000000087e00000, 0x0000000087e00000|100%| O|  |TAMS 0x0000000087e00000, 0x0000000087d00000| Untracked 
| 126|0x0000000087e00000, 0x0000000087f00000, 0x0000000087f00000|100%| O|  |TAMS 0x0000000087f00000, 0x0000000087e00000| Untracked 
| 127|0x0000000087f00000, 0x0000000088000000, 0x0000000088000000|100%| O|  |TAMS 0x0000000088000000, 0x0000000087f00000| Untracked 
| 128|0x0000000088000000, 0x0000000088100000, 0x0000000088100000|100%|HS|  |TAMS 0x0000000088100000, 0x0000000088000000| Complete 
| 129|0x0000000088100000, 0x0000000088200000, 0x0000000088200000|100%| O|  |TAMS 0x0000000088200000, 0x0000000088100000| Untracked 
| 130|0x0000000088200000, 0x0000000088300000, 0x0000000088300000|100%| O|  |TAMS 0x0000000088300000, 0x0000000088200000| Untracked 
| 131|0x0000000088300000, 0x0000000088400000, 0x0000000088400000|100%| O|  |TAMS 0x0000000088400000, 0x0000000088300000| Untracked 
| 132|0x0000000088400000, 0x0000000088500000, 0x0000000088500000|100%| O|  |TAMS 0x0000000088500000, 0x0000000088400000| Untracked 
| 133|0x0000000088500000, 0x0000000088600000, 0x0000000088600000|100%| O|  |TAMS 0x0000000088600000, 0x0000000088500000| Untracked 
| 134|0x0000000088600000, 0x0000000088700000, 0x0000000088700000|100%| O|  |TAMS 0x0000000088700000, 0x0000000088600000| Untracked 
| 135|0x0000000088700000, 0x0000000088800000, 0x0000000088800000|100%| O|  |TAMS 0x0000000088800000, 0x0000000088700000| Untracked 
| 136|0x0000000088800000, 0x0000000088900000, 0x0000000088900000|100%| O|  |TAMS 0x0000000088900000, 0x0000000088800000| Untracked 
| 137|0x0000000088900000, 0x0000000088a00000, 0x0000000088a00000|100%| O|  |TAMS 0x0000000088a00000, 0x0000000088900000| Untracked 
| 138|0x0000000088a00000, 0x0000000088b00000, 0x0000000088b00000|100%| O|  |TAMS 0x0000000088b00000, 0x0000000088a00000| Untracked 
| 139|0x0000000088b00000, 0x0000000088c00000, 0x0000000088c00000|100%| O|  |TAMS 0x0000000088c00000, 0x0000000088b00000| Untracked 
| 140|0x0000000088c00000, 0x0000000088d00000, 0x0000000088d00000|100%| O|  |TAMS 0x0000000088d00000, 0x0000000088c00000| Untracked 
| 141|0x0000000088d00000, 0x0000000088e00000, 0x0000000088e00000|100%| O|  |TAMS 0x0000000088e00000, 0x0000000088d00000| Untracked 
| 142|0x0000000088e00000, 0x0000000088f00000, 0x0000000088f00000|100%| O|  |TAMS 0x0000000088f00000, 0x0000000088e00000| Untracked 
| 143|0x0000000088f00000, 0x0000000089000000, 0x0000000089000000|100%| O|  |TAMS 0x0000000089000000, 0x0000000088f00000| Untracked 
| 144|0x0000000089000000, 0x0000000089100000, 0x0000000089100000|100%| O|  |TAMS 0x0000000089100000, 0x0000000089000000| Untracked 
| 145|0x0000000089100000, 0x0000000089200000, 0x0000000089200000|100%| O|  |TAMS 0x0000000089200000, 0x0000000089100000| Untracked 
| 146|0x0000000089200000, 0x0000000089300000, 0x0000000089300000|100%| O|  |TAMS 0x0000000089300000, 0x0000000089200000| Untracked 
| 147|0x0000000089300000, 0x0000000089400000, 0x0000000089400000|100%| O|  |TAMS 0x0000000089400000, 0x0000000089300000| Untracked 
| 148|0x0000000089400000, 0x0000000089500000, 0x0000000089500000|100%| O|  |TAMS 0x0000000089500000, 0x0000000089400000| Untracked 
| 149|0x0000000089500000, 0x0000000089600000, 0x0000000089600000|100%| O|  |TAMS 0x0000000089600000, 0x0000000089500000| Untracked 
| 150|0x0000000089600000, 0x0000000089700000, 0x0000000089700000|100%| O|  |TAMS 0x0000000089700000, 0x0000000089600000| Untracked 
| 151|0x0000000089700000, 0x0000000089800000, 0x0000000089800000|100%| O|  |TAMS 0x0000000089800000, 0x0000000089700000| Untracked 
| 152|0x0000000089800000, 0x0000000089900000, 0x0000000089900000|100%| O|  |TAMS 0x0000000089900000, 0x0000000089800000| Untracked 
| 153|0x0000000089900000, 0x0000000089a00000, 0x0000000089a00000|100%| O|  |TAMS 0x0000000089a00000, 0x0000000089900000| Untracked 
| 154|0x0000000089a00000, 0x0000000089b00000, 0x0000000089b00000|100%| O|  |TAMS 0x0000000089b00000, 0x0000000089a00000| Untracked 
| 155|0x0000000089b00000, 0x0000000089c00000, 0x0000000089c00000|100%| O|  |TAMS 0x0000000089c00000, 0x0000000089b00000| Untracked 
| 156|0x0000000089c00000, 0x0000000089d00000, 0x0000000089d00000|100%| O|  |TAMS 0x0000000089d00000, 0x0000000089c00000| Untracked 
| 157|0x0000000089d00000, 0x0000000089e00000, 0x0000000089e00000|100%| O|  |TAMS 0x0000000089e00000, 0x0000000089d00000| Untracked 
| 158|0x0000000089e00000, 0x0000000089f00000, 0x0000000089f00000|100%| O|  |TAMS 0x0000000089f00000, 0x0000000089e00000| Untracked 
| 159|0x0000000089f00000, 0x000000008a000000, 0x000000008a000000|100%| O|  |TAMS 0x000000008a000000, 0x0000000089f00000| Untracked 
| 160|0x000000008a000000, 0x000000008a100000, 0x000000008a100000|100%| O|  |TAMS 0x000000008a100000, 0x000000008a000000| Untracked 
| 161|0x000000008a100000, 0x000000008a200000, 0x000000008a200000|100%| O|  |TAMS 0x000000008a200000, 0x000000008a100000| Untracked 
| 162|0x000000008a200000, 0x000000008a300000, 0x000000008a300000|100%| O|  |TAMS 0x000000008a300000, 0x000000008a200000| Untracked 
| 163|0x000000008a300000, 0x000000008a400000, 0x000000008a400000|100%| O|  |TAMS 0x000000008a400000, 0x000000008a300000| Untracked 
| 164|0x000000008a400000, 0x000000008a500000, 0x000000008a500000|100%| O|  |TAMS 0x000000008a500000, 0x000000008a400000| Untracked 
| 165|0x000000008a500000, 0x000000008a600000, 0x000000008a600000|100%| O|  |TAMS 0x000000008a600000, 0x000000008a500000| Untracked 
| 166|0x000000008a600000, 0x000000008a700000, 0x000000008a700000|100%| O|  |TAMS 0x000000008a700000, 0x000000008a600000| Untracked 
| 167|0x000000008a700000, 0x000000008a800000, 0x000000008a800000|100%| O|  |TAMS 0x000000008a800000, 0x000000008a700000| Untracked 
| 168|0x000000008a800000, 0x000000008a900000, 0x000000008a900000|100%| O|  |TAMS 0x000000008a900000, 0x000000008a800000| Untracked 
| 169|0x000000008a900000, 0x000000008aa00000, 0x000000008aa00000|100%|HS|  |TAMS 0x000000008aa00000, 0x000000008a900000| Complete 
| 170|0x000000008aa00000, 0x000000008ab00000, 0x000000008ab00000|100%|HC|  |TAMS 0x000000008ab00000, 0x000000008aa00000| Complete 
| 171|0x000000008ab00000, 0x000000008ac00000, 0x000000008ac00000|100%|HC|  |TAMS 0x000000008ac00000, 0x000000008ab00000| Complete 
| 172|0x000000008ac00000, 0x000000008ad00000, 0x000000008ad00000|100%| O|  |TAMS 0x000000008ad00000, 0x000000008ac00000| Untracked 
| 173|0x000000008ad00000, 0x000000008ae00000, 0x000000008ae00000|100%| O|  |TAMS 0x000000008ae00000, 0x000000008ad00000| Untracked 
| 174|0x000000008ae00000, 0x000000008af00000, 0x000000008af00000|100%|HS|  |TAMS 0x000000008af00000, 0x000000008ae00000| Complete 
| 175|0x000000008af00000, 0x000000008b000000, 0x000000008b000000|100%|HC|  |TAMS 0x000000008b000000, 0x000000008af00000| Complete 
| 176|0x000000008b000000, 0x000000008b100000, 0x000000008b100000|100%|HC|  |TAMS 0x000000008b100000, 0x000000008b000000| Complete 
| 177|0x000000008b100000, 0x000000008b200000, 0x000000008b200000|100%|HC|  |TAMS 0x000000008b200000, 0x000000008b100000| Complete 
| 178|0x000000008b200000, 0x000000008b300000, 0x000000008b300000|100%|HC|  |TAMS 0x000000008b300000, 0x000000008b200000| Complete 
| 179|0x000000008b300000, 0x000000008b400000, 0x000000008b400000|100%|HS|  |TAMS 0x000000008b400000, 0x000000008b300000| Complete 
| 180|0x000000008b400000, 0x000000008b500000, 0x000000008b500000|100%|HC|  |TAMS 0x000000008b500000, 0x000000008b400000| Complete 
| 181|0x000000008b500000, 0x000000008b600000, 0x000000008b600000|100%|HC|  |TAMS 0x000000008b600000, 0x000000008b500000| Complete 
| 182|0x000000008b600000, 0x000000008b700000, 0x000000008b700000|100%|HS|  |TAMS 0x000000008b700000, 0x000000008b600000| Complete 
| 183|0x000000008b700000, 0x000000008b800000, 0x000000008b800000|100%|HC|  |TAMS 0x000000008b800000, 0x000000008b700000| Complete 
| 184|0x000000008b800000, 0x000000008b900000, 0x000000008b900000|100%|HC|  |TAMS 0x000000008b900000, 0x000000008b800000| Complete 
| 185|0x000000008b900000, 0x000000008ba00000, 0x000000008ba00000|100%|HS|  |TAMS 0x000000008ba00000, 0x000000008b900000| Complete 
| 186|0x000000008ba00000, 0x000000008bb00000, 0x000000008bb00000|100%| O|  |TAMS 0x000000008bb00000, 0x000000008ba00000| Untracked 
| 187|0x000000008bb00000, 0x000000008bc00000, 0x000000008bc00000|100%|HS|  |TAMS 0x000000008bc00000, 0x000000008bb00000| Complete 
| 188|0x000000008bc00000, 0x000000008bd00000, 0x000000008bd00000|100%|HC|  |TAMS 0x000000008bd00000, 0x000000008bc00000| Complete 
| 189|0x000000008bd00000, 0x000000008be00000, 0x000000008be00000|100%|HC|  |TAMS 0x000000008be00000, 0x000000008bd00000| Complete 
| 190|0x000000008be00000, 0x000000008bf00000, 0x000000008bf00000|100%|HC|  |TAMS 0x000000008bf00000, 0x000000008be00000| Complete 
| 191|0x000000008bf00000, 0x000000008c000000, 0x000000008c000000|100%|HC|  |TAMS 0x000000008c000000, 0x000000008bf00000| Complete 
| 192|0x000000008c000000, 0x000000008c100000, 0x000000008c100000|100%|HS|  |TAMS 0x000000008c100000, 0x000000008c000000| Complete 
| 193|0x000000008c100000, 0x000000008c200000, 0x000000008c200000|100%|HC|  |TAMS 0x000000008c200000, 0x000000008c100000| Complete 
| 194|0x000000008c200000, 0x000000008c300000, 0x000000008c300000|100%|HC|  |TAMS 0x000000008c300000, 0x000000008c200000| Complete 
| 195|0x000000008c300000, 0x000000008c400000, 0x000000008c400000|100%|HS|  |TAMS 0x000000008c400000, 0x000000008c300000| Complete 
| 196|0x000000008c400000, 0x000000008c500000, 0x000000008c500000|100%|HC|  |TAMS 0x000000008c500000, 0x000000008c400000| Complete 
| 197|0x000000008c500000, 0x000000008c600000, 0x000000008c600000|100%|HC|  |TAMS 0x000000008c600000, 0x000000008c500000| Complete 
| 198|0x000000008c600000, 0x000000008c700000, 0x000000008c700000|100%|HC|  |TAMS 0x000000008c700000, 0x000000008c600000| Complete 
| 199|0x000000008c700000, 0x000000008c800000, 0x000000008c800000|100%|HC|  |TAMS 0x000000008c800000, 0x000000008c700000| Complete 
| 200|0x000000008c800000, 0x000000008c900000, 0x000000008c900000|100%| O|  |TAMS 0x000000008c900000, 0x000000008c800000| Untracked 
| 201|0x000000008c900000, 0x000000008ca00000, 0x000000008ca00000|100%| O|  |TAMS 0x000000008ca00000, 0x000000008c900000| Untracked 
| 202|0x000000008ca00000, 0x000000008cb00000, 0x000000008cb00000|100%| O|  |TAMS 0x000000008cb00000, 0x000000008ca00000| Untracked 
| 203|0x000000008cb00000, 0x000000008cc00000, 0x000000008cc00000|100%|HS|  |TAMS 0x000000008cc00000, 0x000000008cb00000| Complete 
| 204|0x000000008cc00000, 0x000000008cd00000, 0x000000008cd00000|100%| O|  |TAMS 0x000000008cd00000, 0x000000008cc00000| Untracked 
| 205|0x000000008cd00000, 0x000000008ce00000, 0x000000008ce00000|100%| O|  |TAMS 0x000000008ce00000, 0x000000008cd00000| Untracked 
| 206|0x000000008ce00000, 0x000000008cf00000, 0x000000008cf00000|100%| O|  |TAMS 0x000000008cf00000, 0x000000008ce00000| Untracked 
| 207|0x000000008cf00000, 0x000000008d000000, 0x000000008d000000|100%| O|  |TAMS 0x000000008d000000, 0x000000008cf00000| Untracked 
| 208|0x000000008d000000, 0x000000008d100000, 0x000000008d100000|100%| O|  |TAMS 0x000000008d100000, 0x000000008d000000| Untracked 
| 209|0x000000008d100000, 0x000000008d200000, 0x000000008d200000|100%|HS|  |TAMS 0x000000008d200000, 0x000000008d100000| Complete 
| 210|0x000000008d200000, 0x000000008d300000, 0x000000008d300000|100%|HC|  |TAMS 0x000000008d300000, 0x000000008d200000| Complete 
| 211|0x000000008d300000, 0x000000008d400000, 0x000000008d400000|100%|HC|  |TAMS 0x000000008d400000, 0x000000008d300000| Complete 
| 212|0x000000008d400000, 0x000000008d500000, 0x000000008d500000|100%|HC|  |TAMS 0x000000008d500000, 0x000000008d400000| Complete 
| 213|0x000000008d500000, 0x000000008d600000, 0x000000008d600000|100%|HC|  |TAMS 0x000000008d600000, 0x000000008d500000| Complete 
| 214|0x000000008d600000, 0x000000008d700000, 0x000000008d700000|100%|HS|  |TAMS 0x000000008d700000, 0x000000008d600000| Complete 
| 215|0x000000008d700000, 0x000000008d800000, 0x000000008d800000|100%|HC|  |TAMS 0x000000008d800000, 0x000000008d700000| Complete 
| 216|0x000000008d800000, 0x000000008d900000, 0x000000008d900000|100%|HC|  |TAMS 0x000000008d900000, 0x000000008d800000| Complete 
| 217|0x000000008d900000, 0x000000008da00000, 0x000000008da00000|100%|HS|  |TAMS 0x000000008da00000, 0x000000008d900000| Complete 
| 218|0x000000008da00000, 0x000000008db00000, 0x000000008db00000|100%|HC|  |TAMS 0x000000008db00000, 0x000000008da00000| Complete 
| 219|0x000000008db00000, 0x000000008dc00000, 0x000000008dc00000|100%|HC|  |TAMS 0x000000008dc00000, 0x000000008db00000| Complete 
| 220|0x000000008dc00000, 0x000000008dd00000, 0x000000008dd00000|100%|HS|  |TAMS 0x000000008dd00000, 0x000000008dc00000| Complete 
| 221|0x000000008dd00000, 0x000000008de00000, 0x000000008de00000|100%|HC|  |TAMS 0x000000008de00000, 0x000000008dd00000| Complete 
| 222|0x000000008de00000, 0x000000008df00000, 0x000000008df00000|100%|HC|  |TAMS 0x000000008df00000, 0x000000008de00000| Complete 
| 223|0x000000008df00000, 0x000000008e000000, 0x000000008e000000|100%| O|  |TAMS 0x000000008df00000, 0x000000008df00000| Untracked 
| 224|0x000000008e000000, 0x000000008e100000, 0x000000008e100000|100%| O|  |TAMS 0x000000008e100000, 0x000000008e000000| Untracked 
| 225|0x000000008e100000, 0x000000008e200000, 0x000000008e200000|100%| O|  |TAMS 0x000000008e200000, 0x000000008e100000| Untracked 
| 226|0x000000008e200000, 0x000000008e300000, 0x000000008e300000|100%| O|  |TAMS 0x000000008e300000, 0x000000008e200000| Untracked 
| 227|0x000000008e300000, 0x000000008e400000, 0x000000008e400000|100%| O|  |TAMS 0x000000008e400000, 0x000000008e300000| Untracked 
| 228|0x000000008e400000, 0x000000008e500000, 0x000000008e500000|100%| O|  |TAMS 0x000000008e500000, 0x000000008e400000| Untracked 
| 229|0x000000008e500000, 0x000000008e600000, 0x000000008e600000|100%| O|  |TAMS 0x000000008e600000, 0x000000008e500000| Untracked 
| 230|0x000000008e600000, 0x000000008e700000, 0x000000008e700000|100%| O|  |TAMS 0x000000008e700000, 0x000000008e600000| Untracked 
| 231|0x000000008e700000, 0x000000008e800000, 0x000000008e800000|100%|HS|  |TAMS 0x000000008e800000, 0x000000008e700000| Complete 
| 232|0x000000008e800000, 0x000000008e900000, 0x000000008e900000|100%|HC|  |TAMS 0x000000008e900000, 0x000000008e800000| Complete 
| 233|0x000000008e900000, 0x000000008ea00000, 0x000000008ea00000|100%| O|  |TAMS 0x000000008e900000, 0x000000008e900000| Untracked 
| 234|0x000000008ea00000, 0x000000008eb00000, 0x000000008eb00000|100%|HS|  |TAMS 0x000000008ea00000, 0x000000008ea00000| Complete 
| 235|0x000000008eb00000, 0x000000008ec00000, 0x000000008ec00000|100%| O|  |TAMS 0x000000008eb00000, 0x000000008eb00000| Untracked 
| 236|0x000000008ec00000, 0x000000008ed00000, 0x000000008ed00000|100%| O|  |TAMS 0x000000008ed00000, 0x000000008ec00000| Untracked 
| 237|0x000000008ed00000, 0x000000008ee00000, 0x000000008ee00000|100%| O|  |TAMS 0x000000008ee00000, 0x000000008ed00000| Untracked 
| 238|0x000000008ee00000, 0x000000008ef00000, 0x000000008ef00000|100%| O|  |TAMS 0x000000008ef00000, 0x000000008ee00000| Untracked 
| 239|0x000000008ef00000, 0x000000008f000000, 0x000000008f000000|100%| O|  |TAMS 0x000000008f000000, 0x000000008ef00000| Untracked 
| 240|0x000000008f000000, 0x000000008f100000, 0x000000008f100000|100%| O|  |TAMS 0x000000008f100000, 0x000000008f000000| Untracked 
| 241|0x000000008f100000, 0x000000008f200000, 0x000000008f200000|100%| O|  |TAMS 0x000000008f200000, 0x000000008f100000| Untracked 
| 242|0x000000008f200000, 0x000000008f300000, 0x000000008f300000|100%| O|  |TAMS 0x000000008f300000, 0x000000008f200000| Untracked 
| 243|0x000000008f300000, 0x000000008f400000, 0x000000008f400000|100%| O|  |TAMS 0x000000008f400000, 0x000000008f300000| Untracked 
| 244|0x000000008f400000, 0x000000008f500000, 0x000000008f500000|100%| O|  |TAMS 0x000000008f500000, 0x000000008f400000| Untracked 
| 245|0x000000008f500000, 0x000000008f600000, 0x000000008f600000|100%| O|  |TAMS 0x000000008f600000, 0x000000008f500000| Untracked 
| 246|0x000000008f600000, 0x000000008f700000, 0x000000008f700000|100%| O|  |TAMS 0x000000008f700000, 0x000000008f600000| Untracked 
| 247|0x000000008f700000, 0x000000008f800000, 0x000000008f800000|100%| O|  |TAMS 0x000000008f800000, 0x000000008f700000| Untracked 
| 248|0x000000008f800000, 0x000000008f900000, 0x000000008f900000|100%| O|  |TAMS 0x000000008f900000, 0x000000008f800000| Untracked 
| 249|0x000000008f900000, 0x000000008fa00000, 0x000000008fa00000|100%| O|  |TAMS 0x000000008fa00000, 0x000000008f900000| Untracked 
| 250|0x000000008fa00000, 0x000000008fb00000, 0x000000008fb00000|100%| O|  |TAMS 0x000000008fb00000, 0x000000008fa00000| Untracked 
| 251|0x000000008fb00000, 0x000000008fc00000, 0x000000008fc00000|100%| O|  |TAMS 0x000000008fc00000, 0x000000008fb00000| Untracked 
| 252|0x000000008fc00000, 0x000000008fd00000, 0x000000008fd00000|100%| O|  |TAMS 0x000000008fd00000, 0x000000008fc00000| Untracked 
| 253|0x000000008fd00000, 0x000000008fe00000, 0x000000008fe00000|100%|HS|  |TAMS 0x000000008fe00000, 0x000000008fd00000| Complete 
| 254|0x000000008fe00000, 0x000000008ff00000, 0x000000008ff00000|100%|HC|  |TAMS 0x000000008ff00000, 0x000000008fe00000| Complete 
| 255|0x000000008ff00000, 0x0000000090000000, 0x0000000090000000|100%| O|  |TAMS 0x0000000090000000, 0x000000008ff00000| Untracked 
| 256|0x0000000090000000, 0x0000000090100000, 0x0000000090100000|100%| O|  |TAMS 0x0000000090100000, 0x0000000090000000| Untracked 
| 257|0x0000000090100000, 0x0000000090200000, 0x0000000090200000|100%| O|  |TAMS 0x0000000090200000, 0x0000000090100000| Untracked 
| 258|0x0000000090200000, 0x0000000090300000, 0x0000000090300000|100%|HS|  |TAMS 0x0000000090200000, 0x0000000090200000| Complete 
| 259|0x0000000090300000, 0x0000000090400000, 0x0000000090400000|100%| O|  |TAMS 0x0000000090400000, 0x0000000090300000| Untracked 
| 260|0x0000000090400000, 0x0000000090500000, 0x0000000090500000|100%| O|  |TAMS 0x0000000090500000, 0x0000000090400000| Untracked 
| 261|0x0000000090500000, 0x0000000090600000, 0x0000000090600000|100%| O|  |TAMS 0x0000000090600000, 0x0000000090500000| Untracked 
| 262|0x0000000090600000, 0x0000000090700000, 0x0000000090700000|100%| O|  |TAMS 0x0000000090700000, 0x0000000090600000| Untracked 
| 263|0x0000000090700000, 0x0000000090800000, 0x0000000090800000|100%| O|  |TAMS 0x0000000090800000, 0x0000000090700000| Untracked 
| 264|0x0000000090800000, 0x0000000090900000, 0x0000000090900000|100%| O|  |TAMS 0x0000000090900000, 0x0000000090800000| Untracked 
| 265|0x0000000090900000, 0x0000000090a00000, 0x0000000090a00000|100%|HS|  |TAMS 0x0000000090900000, 0x0000000090900000| Complete 
| 266|0x0000000090a00000, 0x0000000090b00000, 0x0000000090b00000|100%|HS|  |TAMS 0x0000000090b00000, 0x0000000090a00000| Complete 
| 267|0x0000000090b00000, 0x0000000090c00000, 0x0000000090c00000|100%|HC|  |TAMS 0x0000000090c00000, 0x0000000090b00000| Complete 
| 268|0x0000000090c00000, 0x0000000090d00000, 0x0000000090d00000|100%|HC|  |TAMS 0x0000000090d00000, 0x0000000090c00000| Complete 
| 269|0x0000000090d00000, 0x0000000090e00000, 0x0000000090e00000|100%|HC|  |TAMS 0x0000000090e00000, 0x0000000090d00000| Complete 
| 270|0x0000000090e00000, 0x0000000090f00000, 0x0000000090f00000|100%| O|  |TAMS 0x0000000090f00000, 0x0000000090e00000| Untracked 
| 271|0x0000000090f00000, 0x0000000091000000, 0x0000000091000000|100%| O|  |TAMS 0x0000000091000000, 0x0000000090f00000| Untracked 
| 272|0x0000000091000000, 0x0000000091100000, 0x0000000091100000|100%| O|  |TAMS 0x0000000091100000, 0x0000000091000000| Untracked 
| 273|0x0000000091100000, 0x0000000091200000, 0x0000000091200000|100%| O|  |TAMS 0x0000000091200000, 0x0000000091100000| Untracked 
| 274|0x0000000091200000, 0x0000000091300000, 0x0000000091300000|100%| O|  |TAMS 0x0000000091300000, 0x0000000091200000| Untracked 
| 275|0x0000000091300000, 0x0000000091400000, 0x0000000091400000|100%| O|  |TAMS 0x0000000091400000, 0x0000000091300000| Untracked 
| 276|0x0000000091400000, 0x0000000091500000, 0x0000000091500000|100%| O|  |TAMS 0x0000000091400000, 0x0000000091400000| Untracked 
| 277|0x0000000091500000, 0x0000000091600000, 0x0000000091600000|100%| O|  |TAMS 0x0000000091500000, 0x0000000091500000| Untracked 
| 278|0x0000000091600000, 0x0000000091700000, 0x0000000091700000|100%| O|  |TAMS 0x0000000091600000, 0x0000000091600000| Untracked 
| 279|0x0000000091700000, 0x0000000091800000, 0x0000000091800000|100%| O|  |TAMS 0x0000000091700000, 0x0000000091700000| Untracked 
| 280|0x0000000091800000, 0x0000000091900000, 0x0000000091900000|100%| O|  |TAMS 0x0000000091800000, 0x0000000091800000| Untracked 
| 281|0x0000000091900000, 0x0000000091a00000, 0x0000000091a00000|100%| O|  |TAMS 0x0000000091900000, 0x0000000091900000| Untracked 
| 282|0x0000000091a00000, 0x0000000091b00000, 0x0000000091b00000|100%| O|  |TAMS 0x0000000091a00000, 0x0000000091a00000| Untracked 
| 283|0x0000000091b00000, 0x0000000091c00000, 0x0000000091c00000|100%| O|  |TAMS 0x0000000091b00000, 0x0000000091b00000| Untracked 
| 284|0x0000000091c00000, 0x0000000091d00000, 0x0000000091d00000|100%| O|  |TAMS 0x0000000091d00000, 0x0000000091c00000| Untracked 
| 285|0x0000000091d00000, 0x0000000091e00000, 0x0000000091e00000|100%| O|  |TAMS 0x0000000091e00000, 0x0000000091d00000| Untracked 
| 286|0x0000000091e00000, 0x0000000091f00000, 0x0000000091f00000|100%| O|  |TAMS 0x0000000091e00000, 0x0000000091e00000| Untracked 
| 287|0x0000000091f00000, 0x0000000092000000, 0x0000000092000000|100%| O|  |TAMS 0x0000000092000000, 0x0000000091f00000| Untracked 
| 288|0x0000000092000000, 0x0000000092100000, 0x0000000092100000|100%| O|  |TAMS 0x0000000092100000, 0x0000000092000000| Untracked 
| 289|0x0000000092100000, 0x0000000092200000, 0x0000000092200000|100%| O|  |TAMS 0x0000000092200000, 0x0000000092100000| Untracked 
| 290|0x0000000092200000, 0x0000000092300000, 0x0000000092300000|100%| O|  |TAMS 0x0000000092200000, 0x0000000092200000| Untracked 
| 291|0x0000000092300000, 0x0000000092400000, 0x0000000092400000|100%| O|  |TAMS 0x0000000092400000, 0x0000000092300000| Untracked 
| 292|0x0000000092400000, 0x0000000092500000, 0x0000000092500000|100%| O|  |TAMS 0x0000000092500000, 0x0000000092400000| Untracked 
| 293|0x0000000092500000, 0x0000000092600000, 0x0000000092600000|100%| O|  |TAMS 0x0000000092600000, 0x0000000092500000| Untracked 
| 294|0x0000000092600000, 0x0000000092700000, 0x0000000092700000|100%| O|  |TAMS 0x0000000092700000, 0x0000000092600000| Untracked 
| 295|0x0000000092700000, 0x0000000092800000, 0x0000000092800000|100%| O|  |TAMS 0x0000000092800000, 0x0000000092700000| Untracked 
| 296|0x0000000092800000, 0x0000000092900000, 0x0000000092900000|100%| O|  |TAMS 0x0000000092900000, 0x0000000092800000| Untracked 
| 297|0x0000000092900000, 0x0000000092a00000, 0x0000000092a00000|100%| O|  |TAMS 0x0000000092a00000, 0x0000000092900000| Untracked 
| 298|0x0000000092a00000, 0x0000000092b00000, 0x0000000092b00000|100%| O|  |TAMS 0x0000000092b00000, 0x0000000092a00000| Untracked 
| 299|0x0000000092b00000, 0x0000000092c00000, 0x0000000092c00000|100%| O|  |TAMS 0x0000000092c00000, 0x0000000092b00000| Untracked 
| 300|0x0000000092c00000, 0x0000000092d00000, 0x0000000092d00000|100%| O|  |TAMS 0x0000000092d00000, 0x0000000092c00000| Untracked 
| 301|0x0000000092d00000, 0x0000000092e00000, 0x0000000092e00000|100%| O|  |TAMS 0x0000000092e00000, 0x0000000092d00000| Untracked 
| 302|0x0000000092e00000, 0x0000000092f00000, 0x0000000092f00000|100%| O|  |TAMS 0x0000000092f00000, 0x0000000092e00000| Untracked 
| 303|0x0000000092f00000, 0x0000000093000000, 0x0000000093000000|100%| O|  |TAMS 0x0000000093000000, 0x0000000092f00000| Untracked 
| 304|0x0000000093000000, 0x0000000093100000, 0x0000000093100000|100%| O|  |TAMS 0x0000000093100000, 0x0000000093000000| Untracked 
| 305|0x0000000093100000, 0x0000000093200000, 0x0000000093200000|100%| O|  |TAMS 0x0000000093100000, 0x0000000093100000| Untracked 
| 306|0x0000000093200000, 0x0000000093300000, 0x0000000093300000|100%| O|  |TAMS 0x0000000093200000, 0x0000000093200000| Untracked 
| 307|0x0000000093300000, 0x0000000093400000, 0x0000000093400000|100%| O|  |TAMS 0x0000000093300000, 0x0000000093300000| Untracked 
| 308|0x0000000093400000, 0x0000000093500000, 0x0000000093500000|100%| O|  |TAMS 0x0000000093400000, 0x0000000093400000| Untracked 
| 309|0x0000000093500000, 0x0000000093600000, 0x0000000093600000|100%| O|  |TAMS 0x0000000093500000, 0x0000000093500000| Untracked 
| 310|0x0000000093600000, 0x0000000093700000, 0x0000000093700000|100%| O|  |TAMS 0x0000000093600000, 0x0000000093600000| Untracked 
| 311|0x0000000093700000, 0x0000000093800000, 0x0000000093800000|100%| O|  |TAMS 0x0000000093800000, 0x0000000093700000| Untracked 
| 312|0x0000000093800000, 0x0000000093900000, 0x0000000093900000|100%| O|  |TAMS 0x0000000093900000, 0x0000000093800000| Untracked 
| 313|0x0000000093900000, 0x0000000093a00000, 0x0000000093a00000|100%| O|  |TAMS 0x0000000093900000, 0x0000000093900000| Untracked 
| 314|0x0000000093a00000, 0x0000000093b00000, 0x0000000093b00000|100%| O|  |TAMS 0x0000000093b00000, 0x0000000093a00000| Untracked 
| 315|0x0000000093b00000, 0x0000000093c00000, 0x0000000093c00000|100%| O|  |TAMS 0x0000000093c00000, 0x0000000093b00000| Untracked 
| 316|0x0000000093c00000, 0x0000000093d00000, 0x0000000093d00000|100%| O|  |TAMS 0x0000000093d00000, 0x0000000093c00000| Untracked 
| 317|0x0000000093d00000, 0x0000000093e00000, 0x0000000093e00000|100%| O|  |TAMS 0x0000000093e00000, 0x0000000093d00000| Untracked 
| 318|0x0000000093e00000, 0x0000000093f00000, 0x0000000093f00000|100%| O|  |TAMS 0x0000000093f00000, 0x0000000093e00000| Untracked 
| 319|0x0000000093f00000, 0x0000000094000000, 0x0000000094000000|100%| O|  |TAMS 0x0000000094000000, 0x0000000093f00000| Untracked 
| 320|0x0000000094000000, 0x0000000094100000, 0x0000000094100000|100%| O|  |TAMS 0x0000000094100000, 0x0000000094000000| Untracked 
| 321|0x0000000094100000, 0x0000000094200000, 0x0000000094200000|100%| O|  |TAMS 0x0000000094200000, 0x0000000094100000| Untracked 
| 322|0x0000000094200000, 0x0000000094300000, 0x0000000094300000|100%| O|  |TAMS 0x0000000094300000, 0x0000000094200000| Untracked 
| 323|0x0000000094300000, 0x0000000094400000, 0x0000000094400000|100%| O|  |TAMS 0x0000000094300000, 0x0000000094300000| Untracked 
| 324|0x0000000094400000, 0x0000000094500000, 0x0000000094500000|100%| O|  |TAMS 0x0000000094400000, 0x0000000094400000| Untracked 
| 325|0x0000000094500000, 0x0000000094600000, 0x0000000094600000|100%| O|  |TAMS 0x0000000094500000, 0x0000000094500000| Untracked 
| 326|0x0000000094600000, 0x0000000094700000, 0x0000000094700000|100%| O|  |TAMS 0x0000000094600000, 0x0000000094600000| Untracked 
| 327|0x0000000094700000, 0x0000000094800000, 0x0000000094800000|100%| O|  |TAMS 0x0000000094800000, 0x0000000094700000| Untracked 
| 328|0x0000000094800000, 0x0000000094900000, 0x0000000094900000|100%| O|  |TAMS 0x0000000094900000, 0x0000000094800000| Untracked 
| 329|0x0000000094900000, 0x0000000094a00000, 0x0000000094a00000|100%| O|  |TAMS 0x0000000094a00000, 0x0000000094900000| Untracked 
| 330|0x0000000094a00000, 0x0000000094b00000, 0x0000000094b00000|100%| O|  |TAMS 0x0000000094a00000, 0x0000000094a00000| Untracked 
| 331|0x0000000094b00000, 0x0000000094c00000, 0x0000000094c00000|100%| O|  |TAMS 0x0000000094b00000, 0x0000000094b00000| Untracked 
| 332|0x0000000094c00000, 0x0000000094d00000, 0x0000000094d00000|100%| O|  |TAMS 0x0000000094c00000, 0x0000000094c00000| Untracked 
| 333|0x0000000094d00000, 0x0000000094e00000, 0x0000000094e00000|100%| O|  |TAMS 0x0000000094d00000, 0x0000000094d00000| Untracked 
| 334|0x0000000094e00000, 0x0000000094f00000, 0x0000000094f00000|100%| O|  |TAMS 0x0000000094e00000, 0x0000000094e00000| Untracked 
| 335|0x0000000094f00000, 0x0000000095000000, 0x0000000095000000|100%| O|  |TAMS 0x0000000094f00000, 0x0000000094f00000| Untracked 
| 336|0x0000000095000000, 0x0000000095100000, 0x0000000095100000|100%| O|  |TAMS 0x0000000095000000, 0x0000000095000000| Untracked 
| 337|0x0000000095100000, 0x0000000095200000, 0x0000000095200000|100%| O|  |TAMS 0x0000000095200000, 0x0000000095100000| Untracked 
| 338|0x0000000095200000, 0x0000000095300000, 0x0000000095300000|100%| O|  |TAMS 0x0000000095300000, 0x0000000095200000| Untracked 
| 339|0x0000000095300000, 0x0000000095400000, 0x0000000095400000|100%| O|  |TAMS 0x0000000095400000, 0x0000000095300000| Untracked 
| 340|0x0000000095400000, 0x0000000095500000, 0x0000000095500000|100%| O|  |TAMS 0x0000000095500000, 0x0000000095400000| Untracked 
| 341|0x0000000095500000, 0x0000000095600000, 0x0000000095600000|100%| O|  |TAMS 0x0000000095600000, 0x0000000095500000| Untracked 
| 342|0x0000000095600000, 0x0000000095700000, 0x0000000095700000|100%| O|  |TAMS 0x0000000095700000, 0x0000000095600000| Untracked 
| 343|0x0000000095700000, 0x0000000095800000, 0x0000000095800000|100%| O|  |TAMS 0x0000000095800000, 0x0000000095700000| Untracked 
| 344|0x0000000095800000, 0x0000000095900000, 0x0000000095900000|100%| O|  |TAMS 0x0000000095900000, 0x0000000095800000| Untracked 
| 345|0x0000000095900000, 0x0000000095a00000, 0x0000000095a00000|100%| O|  |TAMS 0x0000000095a00000, 0x0000000095900000| Untracked 
| 346|0x0000000095a00000, 0x0000000095b00000, 0x0000000095b00000|100%| O|  |TAMS 0x0000000095b00000, 0x0000000095a00000| Untracked 
| 347|0x0000000095b00000, 0x0000000095c00000, 0x0000000095c00000|100%| O|  |TAMS 0x0000000095c00000, 0x0000000095b00000| Untracked 
| 348|0x0000000095c00000, 0x0000000095d00000, 0x0000000095d00000|100%| O|  |TAMS 0x0000000095d00000, 0x0000000095c00000| Untracked 
| 349|0x0000000095d00000, 0x0000000095e00000, 0x0000000095e00000|100%| O|  |TAMS 0x0000000095e00000, 0x0000000095d00000| Untracked 
| 350|0x0000000095e00000, 0x0000000095f00000, 0x0000000095f00000|100%| O|  |TAMS 0x0000000095f00000, 0x0000000095e00000| Untracked 
| 351|0x0000000095f00000, 0x0000000096000000, 0x0000000096000000|100%| O|  |TAMS 0x0000000096000000, 0x0000000095f00000| Untracked 
| 352|0x0000000096000000, 0x0000000096100000, 0x0000000096100000|100%| O|  |TAMS 0x0000000096100000, 0x0000000096000000| Untracked 
| 353|0x0000000096100000, 0x0000000096200000, 0x0000000096200000|100%| O|  |TAMS 0x0000000096200000, 0x0000000096100000| Untracked 
| 354|0x0000000096200000, 0x0000000096300000, 0x0000000096300000|100%| O|  |TAMS 0x0000000096200000, 0x0000000096200000| Untracked 
| 355|0x0000000096300000, 0x0000000096400000, 0x0000000096400000|100%|HS|  |TAMS 0x0000000096400000, 0x0000000096300000| Complete 
| 356|0x0000000096400000, 0x0000000096500000, 0x0000000096500000|100%| O|  |TAMS 0x0000000096400000, 0x0000000096400000| Untracked 
| 357|0x0000000096500000, 0x0000000096600000, 0x0000000096600000|100%| O|  |TAMS 0x0000000096500000, 0x0000000096500000| Untracked 
| 358|0x0000000096600000, 0x0000000096700000, 0x0000000096700000|100%| O|  |TAMS 0x0000000096600000, 0x0000000096600000| Untracked 
| 359|0x0000000096700000, 0x0000000096800000, 0x0000000096800000|100%|HS|  |TAMS 0x0000000096800000, 0x0000000096700000| Complete 
| 360|0x0000000096800000, 0x0000000096900000, 0x0000000096900000|100%|HC|  |TAMS 0x0000000096900000, 0x0000000096800000| Complete 
| 361|0x0000000096900000, 0x0000000096a00000, 0x0000000096a00000|100%| O|  |TAMS 0x0000000096900000, 0x0000000096900000| Untracked 
| 362|0x0000000096a00000, 0x0000000096b00000, 0x0000000096b00000|100%| O|  |TAMS 0x0000000096a00000, 0x0000000096a00000| Untracked 
| 363|0x0000000096b00000, 0x0000000096c00000, 0x0000000096c00000|100%| O|  |TAMS 0x0000000096c00000, 0x0000000096b00000| Untracked 
| 364|0x0000000096c00000, 0x0000000096d00000, 0x0000000096d00000|100%| O|  |TAMS 0x0000000096c00000, 0x0000000096c00000| Untracked 
| 365|0x0000000096d00000, 0x0000000096e00000, 0x0000000096e00000|100%| O|  |TAMS 0x0000000096d00000, 0x0000000096d00000| Untracked 
| 366|0x0000000096e00000, 0x0000000096f00000, 0x0000000096f00000|100%| O|  |TAMS 0x0000000096e00000, 0x0000000096e00000| Untracked 
| 367|0x0000000096f00000, 0x0000000097000000, 0x0000000097000000|100%| O|  |TAMS 0x0000000096f00000, 0x0000000096f00000| Untracked 
| 368|0x0000000097000000, 0x0000000097100000, 0x0000000097100000|100%| O|  |TAMS 0x0000000097100000, 0x0000000097000000| Untracked 
| 369|0x0000000097100000, 0x0000000097200000, 0x0000000097200000|100%| O|  |TAMS 0x0000000097200000, 0x0000000097100000| Untracked 
| 370|0x0000000097200000, 0x0000000097300000, 0x0000000097300000|100%| O|  |TAMS 0x0000000097300000, 0x0000000097200000| Untracked 
| 371|0x0000000097300000, 0x0000000097400000, 0x0000000097400000|100%| O|  |TAMS 0x0000000097400000, 0x0000000097300000| Untracked 
| 372|0x0000000097400000, 0x0000000097500000, 0x0000000097500000|100%| O|  |TAMS 0x0000000097500000, 0x0000000097400000| Untracked 
| 373|0x0000000097500000, 0x0000000097600000, 0x0000000097600000|100%| O|  |TAMS 0x0000000097600000, 0x0000000097500000| Untracked 
| 374|0x0000000097600000, 0x0000000097700000, 0x0000000097700000|100%| O|  |TAMS 0x0000000097700000, 0x0000000097600000| Untracked 
| 375|0x0000000097700000, 0x0000000097800000, 0x0000000097800000|100%| O|  |TAMS 0x0000000097700000, 0x0000000097700000| Untracked 
| 376|0x0000000097800000, 0x0000000097900000, 0x0000000097900000|100%| O|  |TAMS 0x0000000097900000, 0x0000000097800000| Untracked 
| 377|0x0000000097900000, 0x0000000097a00000, 0x0000000097a00000|100%| O|  |TAMS 0x0000000097a00000, 0x0000000097900000| Untracked 
| 378|0x0000000097a00000, 0x0000000097b00000, 0x0000000097b00000|100%| O|  |TAMS 0x0000000097b00000, 0x0000000097a00000| Untracked 
| 379|0x0000000097b00000, 0x0000000097c00000, 0x0000000097c00000|100%| O|  |TAMS 0x0000000097b00000, 0x0000000097b00000| Untracked 
| 380|0x0000000097c00000, 0x0000000097d00000, 0x0000000097d00000|100%| O|  |TAMS 0x0000000097c00000, 0x0000000097c00000| Untracked 
| 381|0x0000000097d00000, 0x0000000097e00000, 0x0000000097e00000|100%| O|  |TAMS 0x0000000097e00000, 0x0000000097d00000| Untracked 
| 382|0x0000000097e00000, 0x0000000097f00000, 0x0000000097f00000|100%| O|  |TAMS 0x0000000097e00000, 0x0000000097e00000| Untracked 
| 383|0x0000000097f00000, 0x0000000098000000, 0x0000000098000000|100%| O|  |TAMS 0x0000000097f00000, 0x0000000097f00000| Untracked 
| 384|0x0000000098000000, 0x0000000098100000, 0x0000000098100000|100%| O|  |TAMS 0x0000000098100000, 0x0000000098000000| Untracked 
| 385|0x0000000098100000, 0x0000000098200000, 0x0000000098200000|100%| O|  |TAMS 0x0000000098200000, 0x0000000098100000| Untracked 
| 386|0x0000000098200000, 0x0000000098300000, 0x0000000098300000|100%| O|  |TAMS 0x0000000098300000, 0x0000000098200000| Untracked 
| 387|0x0000000098300000, 0x0000000098400000, 0x0000000098400000|100%| O|  |TAMS 0x0000000098300000, 0x0000000098300000| Untracked 
| 388|0x0000000098400000, 0x0000000098500000, 0x0000000098500000|100%| O|  |TAMS 0x0000000098400000, 0x0000000098400000| Untracked 
| 389|0x0000000098500000, 0x0000000098600000, 0x0000000098600000|100%| O|  |TAMS 0x0000000098600000, 0x0000000098500000| Untracked 
| 390|0x0000000098600000, 0x0000000098700000, 0x0000000098700000|100%| O|  |TAMS 0x0000000098700000, 0x0000000098600000| Untracked 
| 391|0x0000000098700000, 0x0000000098800000, 0x0000000098800000|100%| O|  |TAMS 0x0000000098800000, 0x0000000098700000| Untracked 
| 392|0x0000000098800000, 0x0000000098900000, 0x0000000098900000|100%| O|  |TAMS 0x0000000098800000, 0x0000000098800000| Untracked 
| 393|0x0000000098900000, 0x0000000098a00000, 0x0000000098a00000|100%| O|  |TAMS 0x0000000098a00000, 0x0000000098900000| Untracked 
| 394|0x0000000098a00000, 0x0000000098b00000, 0x0000000098b00000|100%| O|  |TAMS 0x0000000098a00000, 0x0000000098a00000| Untracked 
| 395|0x0000000098b00000, 0x0000000098c00000, 0x0000000098c00000|100%| O|  |TAMS 0x0000000098b00000, 0x0000000098b00000| Untracked 
| 396|0x0000000098c00000, 0x0000000098d00000, 0x0000000098d00000|100%| O|  |TAMS 0x0000000098d00000, 0x0000000098c00000| Untracked 
| 397|0x0000000098d00000, 0x0000000098e00000, 0x0000000098e00000|100%| O|  |TAMS 0x0000000098e00000, 0x0000000098d00000| Untracked 
| 398|0x0000000098e00000, 0x0000000098f00000, 0x0000000098f00000|100%| O|  |TAMS 0x0000000098f00000, 0x0000000098e00000| Untracked 
| 399|0x0000000098f00000, 0x0000000099000000, 0x0000000099000000|100%| O|  |TAMS 0x0000000098f00000, 0x0000000098f00000| Untracked 
| 400|0x0000000099000000, 0x0000000099100000, 0x0000000099100000|100%| O|  |TAMS 0x0000000099000000, 0x0000000099000000| Untracked 
| 401|0x0000000099100000, 0x0000000099200000, 0x0000000099200000|100%| O|  |TAMS 0x0000000099200000, 0x0000000099100000| Untracked 
| 402|0x0000000099200000, 0x0000000099300000, 0x0000000099300000|100%| O|  |TAMS 0x0000000099200000, 0x0000000099200000| Untracked 
| 403|0x0000000099300000, 0x0000000099400000, 0x0000000099400000|100%| O|  |TAMS 0x0000000099400000, 0x0000000099300000| Untracked 
| 404|0x0000000099400000, 0x0000000099500000, 0x0000000099500000|100%| O|  |TAMS 0x0000000099500000, 0x0000000099400000| Untracked 
| 405|0x0000000099500000, 0x0000000099600000, 0x0000000099600000|100%| O|  |TAMS 0x0000000099600000, 0x0000000099500000| Untracked 
| 406|0x0000000099600000, 0x0000000099700000, 0x0000000099700000|100%| O|  |TAMS 0x0000000099700000, 0x0000000099600000| Untracked 
| 407|0x0000000099700000, 0x0000000099800000, 0x0000000099800000|100%| O|  |TAMS 0x0000000099800000, 0x0000000099700000| Untracked 
| 408|0x0000000099800000, 0x0000000099900000, 0x0000000099900000|100%| O|  |TAMS 0x0000000099900000, 0x0000000099800000| Untracked 
| 409|0x0000000099900000, 0x0000000099a00000, 0x0000000099a00000|100%| O|  |TAMS 0x0000000099a00000, 0x0000000099900000| Untracked 
| 410|0x0000000099a00000, 0x0000000099b00000, 0x0000000099b00000|100%| O|  |TAMS 0x0000000099b00000, 0x0000000099a00000| Untracked 
| 411|0x0000000099b00000, 0x0000000099c00000, 0x0000000099c00000|100%| O|  |TAMS 0x0000000099c00000, 0x0000000099b00000| Untracked 
| 412|0x0000000099c00000, 0x0000000099d00000, 0x0000000099d00000|100%| O|  |TAMS 0x0000000099d00000, 0x0000000099c00000| Untracked 
| 413|0x0000000099d00000, 0x0000000099e00000, 0x0000000099e00000|100%| O|  |TAMS 0x0000000099d00000, 0x0000000099d00000| Untracked 
| 414|0x0000000099e00000, 0x0000000099f00000, 0x0000000099f00000|100%| O|  |TAMS 0x0000000099e00000, 0x0000000099e00000| Untracked 
| 415|0x0000000099f00000, 0x000000009a000000, 0x000000009a000000|100%| O|  |TAMS 0x0000000099f00000, 0x0000000099f00000| Untracked 
| 416|0x000000009a000000, 0x000000009a100000, 0x000000009a100000|100%| O|  |TAMS 0x000000009a000000, 0x000000009a000000| Untracked 
| 417|0x000000009a100000, 0x000000009a200000, 0x000000009a200000|100%| O|  |TAMS 0x000000009a100000, 0x000000009a100000| Untracked 
| 418|0x000000009a200000, 0x000000009a300000, 0x000000009a300000|100%| O|  |TAMS 0x000000009a200000, 0x000000009a200000| Untracked 
| 419|0x000000009a300000, 0x000000009a400000, 0x000000009a400000|100%| O|  |TAMS 0x000000009a300000, 0x000000009a300000| Untracked 
| 420|0x000000009a400000, 0x000000009a500000, 0x000000009a500000|100%| O|  |TAMS 0x000000009a500000, 0x000000009a400000| Untracked 
| 421|0x000000009a500000, 0x000000009a600000, 0x000000009a600000|100%| O|  |TAMS 0x000000009a500000, 0x000000009a500000| Untracked 
| 422|0x000000009a600000, 0x000000009a700000, 0x000000009a700000|100%| O|  |TAMS 0x000000009a600000, 0x000000009a600000| Untracked 
| 423|0x000000009a700000, 0x000000009a800000, 0x000000009a800000|100%| O|  |TAMS 0x000000009a700000, 0x000000009a700000| Untracked 
| 424|0x000000009a800000, 0x000000009a900000, 0x000000009a900000|100%| O|  |TAMS 0x000000009a900000, 0x000000009a800000| Untracked 
| 425|0x000000009a900000, 0x000000009aa00000, 0x000000009aa00000|100%| O|  |TAMS 0x000000009a900000, 0x000000009a900000| Untracked 
| 426|0x000000009aa00000, 0x000000009ab00000, 0x000000009ab00000|100%| O|  |TAMS 0x000000009ab00000, 0x000000009aa00000| Untracked 
| 427|0x000000009ab00000, 0x000000009ac00000, 0x000000009ac00000|100%| O|  |TAMS 0x000000009ac00000, 0x000000009ab00000| Untracked 
| 428|0x000000009ac00000, 0x000000009ad00000, 0x000000009ad00000|100%| O|  |TAMS 0x000000009ad00000, 0x000000009ac00000| Untracked 
| 429|0x000000009ad00000, 0x000000009ae00000, 0x000000009ae00000|100%| O|  |TAMS 0x000000009ae00000, 0x000000009ad00000| Untracked 
| 430|0x000000009ae00000, 0x000000009af00000, 0x000000009af00000|100%| O|  |TAMS 0x000000009af00000, 0x000000009ae00000| Untracked 
| 431|0x000000009af00000, 0x000000009b000000, 0x000000009b000000|100%| O|  |TAMS 0x000000009b000000, 0x000000009af00000| Untracked 
| 432|0x000000009b000000, 0x000000009b100000, 0x000000009b100000|100%| O|  |TAMS 0x000000009b100000, 0x000000009b000000| Untracked 
| 433|0x000000009b100000, 0x000000009b200000, 0x000000009b200000|100%| O|  |TAMS 0x000000009b200000, 0x000000009b100000| Untracked 
| 434|0x000000009b200000, 0x000000009b300000, 0x000000009b300000|100%| O|  |TAMS 0x000000009b300000, 0x000000009b200000| Untracked 
| 435|0x000000009b300000, 0x000000009b400000, 0x000000009b400000|100%| O|  |TAMS 0x000000009b400000, 0x000000009b300000| Untracked 
| 436|0x000000009b400000, 0x000000009b500000, 0x000000009b500000|100%| O|  |TAMS 0x000000009b500000, 0x000000009b400000| Untracked 
| 437|0x000000009b500000, 0x000000009b600000, 0x000000009b600000|100%| O|  |TAMS 0x000000009b600000, 0x000000009b500000| Untracked 
| 438|0x000000009b600000, 0x000000009b700000, 0x000000009b700000|100%| O|  |TAMS 0x000000009b700000, 0x000000009b600000| Untracked 
| 439|0x000000009b700000, 0x000000009b800000, 0x000000009b800000|100%| O|  |TAMS 0x000000009b800000, 0x000000009b700000| Untracked 
| 440|0x000000009b800000, 0x000000009b900000, 0x000000009b900000|100%| O|  |TAMS 0x000000009b900000, 0x000000009b800000| Untracked 
| 441|0x000000009b900000, 0x000000009ba00000, 0x000000009ba00000|100%| O|  |TAMS 0x000000009ba00000, 0x000000009b900000| Untracked 
| 442|0x000000009ba00000, 0x000000009bb00000, 0x000000009bb00000|100%| O|  |TAMS 0x000000009bb00000, 0x000000009ba00000| Untracked 
| 443|0x000000009bb00000, 0x000000009bc00000, 0x000000009bc00000|100%| O|  |TAMS 0x000000009bc00000, 0x000000009bb00000| Untracked 
| 444|0x000000009bc00000, 0x000000009bd00000, 0x000000009bd00000|100%| O|  |TAMS 0x000000009bd00000, 0x000000009bc00000| Untracked 
| 445|0x000000009bd00000, 0x000000009be00000, 0x000000009be00000|100%| O|  |TAMS 0x000000009bd00000, 0x000000009bd00000| Untracked 
| 446|0x000000009be00000, 0x000000009bf00000, 0x000000009bf00000|100%| O|  |TAMS 0x000000009be00000, 0x000000009be00000| Untracked 
| 447|0x000000009bf00000, 0x000000009c000000, 0x000000009c000000|100%| O|  |TAMS 0x000000009bf00000, 0x000000009bf00000| Untracked 
| 448|0x000000009c000000, 0x000000009c100000, 0x000000009c100000|100%| O|  |TAMS 0x000000009c100000, 0x000000009c000000| Untracked 
| 449|0x000000009c100000, 0x000000009c200000, 0x000000009c200000|100%| O|  |TAMS 0x000000009c200000, 0x000000009c100000| Untracked 
| 450|0x000000009c200000, 0x000000009c300000, 0x000000009c300000|100%| O|  |TAMS 0x000000009c300000, 0x000000009c200000| Untracked 
| 451|0x000000009c300000, 0x000000009c400000, 0x000000009c400000|100%| O|  |TAMS 0x000000009c300000, 0x000000009c300000| Untracked 
| 452|0x000000009c400000, 0x000000009c500000, 0x000000009c500000|100%| O|  |TAMS 0x000000009c500000, 0x000000009c400000| Untracked 
| 453|0x000000009c500000, 0x000000009c600000, 0x000000009c600000|100%| O|  |TAMS 0x000000009c600000, 0x000000009c500000| Untracked 
| 454|0x000000009c600000, 0x000000009c700000, 0x000000009c700000|100%| O|  |TAMS 0x000000009c700000, 0x000000009c600000| Untracked 
| 455|0x000000009c700000, 0x000000009c800000, 0x000000009c800000|100%| O|  |TAMS 0x000000009c800000, 0x000000009c700000| Untracked 
| 456|0x000000009c800000, 0x000000009c900000, 0x000000009c900000|100%| O|  |TAMS 0x000000009c900000, 0x000000009c800000| Untracked 
| 457|0x000000009c900000, 0x000000009ca00000, 0x000000009ca00000|100%| O|  |TAMS 0x000000009ca00000, 0x000000009c900000| Untracked 
| 458|0x000000009ca00000, 0x000000009cb00000, 0x000000009cb00000|100%| O|  |TAMS 0x000000009cb00000, 0x000000009ca00000| Untracked 
| 459|0x000000009cb00000, 0x000000009cc00000, 0x000000009cc00000|100%| O|  |TAMS 0x000000009cc00000, 0x000000009cb00000| Untracked 
| 460|0x000000009cc00000, 0x000000009cd00000, 0x000000009cd00000|100%| O|  |TAMS 0x000000009cd00000, 0x000000009cc00000| Untracked 
| 461|0x000000009cd00000, 0x000000009ce00000, 0x000000009ce00000|100%| O|  |TAMS 0x000000009ce00000, 0x000000009cd00000| Untracked 
| 462|0x000000009ce00000, 0x000000009cf00000, 0x000000009cf00000|100%| O|  |TAMS 0x000000009cf00000, 0x000000009ce00000| Untracked 
| 463|0x000000009cf00000, 0x000000009d000000, 0x000000009d000000|100%| O|  |TAMS 0x000000009d000000, 0x000000009cf00000| Untracked 
| 464|0x000000009d000000, 0x000000009d100000, 0x000000009d100000|100%| O|  |TAMS 0x000000009d100000, 0x000000009d000000| Untracked 
| 465|0x000000009d100000, 0x000000009d200000, 0x000000009d200000|100%| O|  |TAMS 0x000000009d200000, 0x000000009d100000| Untracked 
| 466|0x000000009d200000, 0x000000009d300000, 0x000000009d300000|100%| O|  |TAMS 0x000000009d300000, 0x000000009d200000| Untracked 
| 467|0x000000009d300000, 0x000000009d400000, 0x000000009d400000|100%| O|  |TAMS 0x000000009d400000, 0x000000009d300000| Untracked 
| 468|0x000000009d400000, 0x000000009d500000, 0x000000009d500000|100%| O|  |TAMS 0x000000009d500000, 0x000000009d400000| Untracked 
| 469|0x000000009d500000, 0x000000009d600000, 0x000000009d600000|100%| O|  |TAMS 0x000000009d600000, 0x000000009d500000| Untracked 
| 470|0x000000009d600000, 0x000000009d700000, 0x000000009d700000|100%| O|  |TAMS 0x000000009d700000, 0x000000009d600000| Untracked 
| 471|0x000000009d700000, 0x000000009d800000, 0x000000009d800000|100%| O|  |TAMS 0x000000009d800000, 0x000000009d700000| Untracked 
| 472|0x000000009d800000, 0x000000009d900000, 0x000000009d900000|100%| O|  |TAMS 0x000000009d900000, 0x000000009d800000| Untracked 
| 473|0x000000009d900000, 0x000000009da00000, 0x000000009da00000|100%| O|  |TAMS 0x000000009da00000, 0x000000009d900000| Untracked 
| 474|0x000000009da00000, 0x000000009db00000, 0x000000009db00000|100%| O|  |TAMS 0x000000009db00000, 0x000000009da00000| Untracked 
| 475|0x000000009db00000, 0x000000009dc00000, 0x000000009dc00000|100%| O|  |TAMS 0x000000009dc00000, 0x000000009db00000| Untracked 
| 476|0x000000009dc00000, 0x000000009dd00000, 0x000000009dd00000|100%| O|  |TAMS 0x000000009dd00000, 0x000000009dc00000| Untracked 
| 477|0x000000009dd00000, 0x000000009de00000, 0x000000009de00000|100%| O|  |TAMS 0x000000009de00000, 0x000000009dd00000| Untracked 
| 478|0x000000009de00000, 0x000000009df00000, 0x000000009df00000|100%| O|  |TAMS 0x000000009df00000, 0x000000009de00000| Untracked 
| 479|0x000000009df00000, 0x000000009e000000, 0x000000009e000000|100%| O|  |TAMS 0x000000009e000000, 0x000000009df00000| Untracked 
| 480|0x000000009e000000, 0x000000009e100000, 0x000000009e100000|100%| O|  |TAMS 0x000000009e100000, 0x000000009e000000| Untracked 
| 481|0x000000009e100000, 0x000000009e200000, 0x000000009e200000|100%| O|  |TAMS 0x000000009e200000, 0x000000009e100000| Untracked 
| 482|0x000000009e200000, 0x000000009e300000, 0x000000009e300000|100%| O|  |TAMS 0x000000009e300000, 0x000000009e200000| Untracked 
| 483|0x000000009e300000, 0x000000009e400000, 0x000000009e400000|100%| O|  |TAMS 0x000000009e400000, 0x000000009e300000| Untracked 
| 484|0x000000009e400000, 0x000000009e500000, 0x000000009e500000|100%| O|  |TAMS 0x000000009e400000, 0x000000009e400000| Untracked 
| 485|0x000000009e500000, 0x000000009e600000, 0x000000009e600000|100%| O|  |TAMS 0x000000009e600000, 0x000000009e500000| Untracked 
| 486|0x000000009e600000, 0x000000009e700000, 0x000000009e700000|100%| O|  |TAMS 0x000000009e600000, 0x000000009e600000| Untracked 
| 487|0x000000009e700000, 0x000000009e800000, 0x000000009e800000|100%| O|  |TAMS 0x000000009e800000, 0x000000009e700000| Untracked 
| 488|0x000000009e800000, 0x000000009e900000, 0x000000009e900000|100%| O|  |TAMS 0x000000009e900000, 0x000000009e800000| Untracked 
| 489|0x000000009e900000, 0x000000009ea00000, 0x000000009ea00000|100%| O|  |TAMS 0x000000009ea00000, 0x000000009e900000| Untracked 
| 490|0x000000009ea00000, 0x000000009eb00000, 0x000000009eb00000|100%| O|  |TAMS 0x000000009eb00000, 0x000000009ea00000| Untracked 
| 491|0x000000009eb00000, 0x000000009ec00000, 0x000000009ec00000|100%| O|  |TAMS 0x000000009eb00000, 0x000000009eb00000| Untracked 
| 492|0x000000009ec00000, 0x000000009ed00000, 0x000000009ed00000|100%| O|  |TAMS 0x000000009ec00000, 0x000000009ec00000| Untracked 
| 493|0x000000009ed00000, 0x000000009ee00000, 0x000000009ee00000|100%| O|  |TAMS 0x000000009ee00000, 0x000000009ed00000| Untracked 
| 494|0x000000009ee00000, 0x000000009ef00000, 0x000000009ef00000|100%| O|  |TAMS 0x000000009ef00000, 0x000000009ee00000| Untracked 
| 495|0x000000009ef00000, 0x000000009f000000, 0x000000009f000000|100%| O|  |TAMS 0x000000009ef00000, 0x000000009ef00000| Untracked 
| 496|0x000000009f000000, 0x000000009f100000, 0x000000009f100000|100%| O|  |TAMS 0x000000009f000000, 0x000000009f000000| Untracked 
| 497|0x000000009f100000, 0x000000009f200000, 0x000000009f200000|100%| O|  |TAMS 0x000000009f100000, 0x000000009f100000| Untracked 
| 498|0x000000009f200000, 0x000000009f300000, 0x000000009f300000|100%| O|  |TAMS 0x000000009f200000, 0x000000009f200000| Untracked 
| 499|0x000000009f300000, 0x000000009f400000, 0x000000009f400000|100%| O|  |TAMS 0x000000009f300000, 0x000000009f300000| Untracked 
| 500|0x000000009f400000, 0x000000009f500000, 0x000000009f500000|100%| O|  |TAMS 0x000000009f400000, 0x000000009f400000| Untracked 
| 501|0x000000009f500000, 0x000000009f600000, 0x000000009f600000|100%| O|  |TAMS 0x000000009f500000, 0x000000009f500000| Untracked 
| 502|0x000000009f600000, 0x000000009f700000, 0x000000009f700000|100%| O|  |TAMS 0x000000009f600000, 0x000000009f600000| Untracked 
| 503|0x000000009f700000, 0x000000009f800000, 0x000000009f800000|100%| O|  |TAMS 0x000000009f700000, 0x000000009f700000| Untracked 
| 504|0x000000009f800000, 0x000000009f900000, 0x000000009f900000|100%| O|  |TAMS 0x000000009f800000, 0x000000009f800000| Untracked 
| 505|0x000000009f900000, 0x000000009fa00000, 0x000000009fa00000|100%| O|  |TAMS 0x000000009fa00000, 0x000000009f900000| Untracked 
| 506|0x000000009fa00000, 0x000000009fb00000, 0x000000009fb00000|100%| O|  |TAMS 0x000000009fb00000, 0x000000009fa00000| Untracked 
| 507|0x000000009fb00000, 0x000000009fc00000, 0x000000009fc00000|100%| O|  |TAMS 0x000000009fc00000, 0x000000009fb00000| Untracked 
| 508|0x000000009fc00000, 0x000000009fd00000, 0x000000009fd00000|100%| O|  |TAMS 0x000000009fd00000, 0x000000009fc00000| Untracked 
| 509|0x000000009fd00000, 0x000000009fe00000, 0x000000009fe00000|100%| O|  |TAMS 0x000000009fe00000, 0x000000009fd00000| Untracked 
| 510|0x000000009fe00000, 0x000000009ff00000, 0x000000009ff00000|100%| O|  |TAMS 0x000000009ff00000, 0x000000009fe00000| Untracked 
| 511|0x000000009ff00000, 0x00000000a0000000, 0x00000000a0000000|100%| O|  |TAMS 0x00000000a0000000, 0x000000009ff00000| Untracked 
| 512|0x00000000a0000000, 0x00000000a0100000, 0x00000000a0100000|100%| O|  |TAMS 0x00000000a0100000, 0x00000000a0000000| Untracked 
| 513|0x00000000a0100000, 0x00000000a0200000, 0x00000000a0200000|100%| O|  |TAMS 0x00000000a0200000, 0x00000000a0100000| Untracked 
| 514|0x00000000a0200000, 0x00000000a0300000, 0x00000000a0300000|100%| O|  |TAMS 0x00000000a0300000, 0x00000000a0200000| Untracked 
| 515|0x00000000a0300000, 0x00000000a0400000, 0x00000000a0400000|100%| O|  |TAMS 0x00000000a0400000, 0x00000000a0300000| Untracked 
| 516|0x00000000a0400000, 0x00000000a0500000, 0x00000000a0500000|100%| O|  |TAMS 0x00000000a0500000, 0x00000000a0400000| Untracked 
| 517|0x00000000a0500000, 0x00000000a0600000, 0x00000000a0600000|100%| O|  |TAMS 0x00000000a0600000, 0x00000000a0500000| Untracked 
| 518|0x00000000a0600000, 0x00000000a0700000, 0x00000000a0700000|100%| O|  |TAMS 0x00000000a0700000, 0x00000000a0600000| Untracked 
| 519|0x00000000a0700000, 0x00000000a0800000, 0x00000000a0800000|100%| O|  |TAMS 0x00000000a0700000, 0x00000000a0700000| Untracked 
| 520|0x00000000a0800000, 0x00000000a0900000, 0x00000000a0900000|100%| O|  |TAMS 0x00000000a0900000, 0x00000000a0800000| Untracked 
| 521|0x00000000a0900000, 0x00000000a0a00000, 0x00000000a0a00000|100%| O|  |TAMS 0x00000000a0a00000, 0x00000000a0900000| Untracked 
| 522|0x00000000a0a00000, 0x00000000a0b00000, 0x00000000a0b00000|100%| O|  |TAMS 0x00000000a0a00000, 0x00000000a0a00000| Untracked 
| 523|0x00000000a0b00000, 0x00000000a0c00000, 0x00000000a0c00000|100%| O|  |TAMS 0x00000000a0b00000, 0x00000000a0b00000| Untracked 
| 524|0x00000000a0c00000, 0x00000000a0d00000, 0x00000000a0d00000|100%| O|  |TAMS 0x00000000a0d00000, 0x00000000a0c00000| Untracked 
| 525|0x00000000a0d00000, 0x00000000a0e00000, 0x00000000a0e00000|100%| O|  |TAMS 0x00000000a0e00000, 0x00000000a0d00000| Untracked 
| 526|0x00000000a0e00000, 0x00000000a0f00000, 0x00000000a0f00000|100%| O|  |TAMS 0x00000000a0f00000, 0x00000000a0e00000| Untracked 
| 527|0x00000000a0f00000, 0x00000000a1000000, 0x00000000a1000000|100%| O|  |TAMS 0x00000000a1000000, 0x00000000a0f00000| Untracked 
| 528|0x00000000a1000000, 0x00000000a1100000, 0x00000000a1100000|100%| O|  |TAMS 0x00000000a1100000, 0x00000000a1000000| Untracked 
| 529|0x00000000a1100000, 0x00000000a1200000, 0x00000000a1200000|100%| O|  |TAMS 0x00000000a1200000, 0x00000000a1100000| Untracked 
| 530|0x00000000a1200000, 0x00000000a1300000, 0x00000000a1300000|100%| O|  |TAMS 0x00000000a1300000, 0x00000000a1200000| Untracked 
| 531|0x00000000a1300000, 0x00000000a1400000, 0x00000000a1400000|100%| O|  |TAMS 0x00000000a1400000, 0x00000000a1300000| Untracked 
| 532|0x00000000a1400000, 0x00000000a1500000, 0x00000000a1500000|100%| O|  |TAMS 0x00000000a1400000, 0x00000000a1400000| Untracked 
| 533|0x00000000a1500000, 0x00000000a1600000, 0x00000000a1600000|100%| O|  |TAMS 0x00000000a1500000, 0x00000000a1500000| Untracked 
| 534|0x00000000a1600000, 0x00000000a1700000, 0x00000000a1700000|100%| O|  |TAMS 0x00000000a1600000, 0x00000000a1600000| Untracked 
| 535|0x00000000a1700000, 0x00000000a1800000, 0x00000000a1800000|100%| O|  |TAMS 0x00000000a1700000, 0x00000000a1700000| Untracked 
| 536|0x00000000a1800000, 0x00000000a1900000, 0x00000000a1900000|100%| O|  |TAMS 0x00000000a1800000, 0x00000000a1800000| Untracked 
| 537|0x00000000a1900000, 0x00000000a1a00000, 0x00000000a1a00000|100%| O|  |TAMS 0x00000000a1900000, 0x00000000a1900000| Untracked 
| 538|0x00000000a1a00000, 0x00000000a1b00000, 0x00000000a1b00000|100%| O|  |TAMS 0x00000000a1a00000, 0x00000000a1a00000| Untracked 
| 539|0x00000000a1b00000, 0x00000000a1c00000, 0x00000000a1c00000|100%| O|  |TAMS 0x00000000a1c00000, 0x00000000a1b00000| Untracked 
| 540|0x00000000a1c00000, 0x00000000a1d00000, 0x00000000a1d00000|100%| O|  |TAMS 0x00000000a1d00000, 0x00000000a1c00000| Untracked 
| 541|0x00000000a1d00000, 0x00000000a1e00000, 0x00000000a1e00000|100%| O|  |TAMS 0x00000000a1e00000, 0x00000000a1d00000| Untracked 
| 542|0x00000000a1e00000, 0x00000000a1f00000, 0x00000000a1f00000|100%| O|  |TAMS 0x00000000a1e00000, 0x00000000a1e00000| Untracked 
| 543|0x00000000a1f00000, 0x00000000a2000000, 0x00000000a2000000|100%| O|  |TAMS 0x00000000a2000000, 0x00000000a1f00000| Untracked 
| 544|0x00000000a2000000, 0x00000000a2100000, 0x00000000a2100000|100%| O|  |TAMS 0x00000000a2100000, 0x00000000a2000000| Untracked 
| 545|0x00000000a2100000, 0x00000000a2200000, 0x00000000a2200000|100%| O|  |TAMS 0x00000000a2200000, 0x00000000a2100000| Untracked 
| 546|0x00000000a2200000, 0x00000000a2300000, 0x00000000a2300000|100%| O|  |TAMS 0x00000000a2300000, 0x00000000a2200000| Untracked 
| 547|0x00000000a2300000, 0x00000000a2400000, 0x00000000a2400000|100%| O|  |TAMS 0x00000000a2400000, 0x00000000a2300000| Untracked 
| 548|0x00000000a2400000, 0x00000000a2500000, 0x00000000a2500000|100%| O|  |TAMS 0x00000000a2500000, 0x00000000a2400000| Untracked 
| 549|0x00000000a2500000, 0x00000000a2600000, 0x00000000a2600000|100%| O|  |TAMS 0x00000000a2600000, 0x00000000a2500000| Untracked 
| 550|0x00000000a2600000, 0x00000000a2700000, 0x00000000a2700000|100%| O|  |TAMS 0x00000000a2700000, 0x00000000a2600000| Untracked 
| 551|0x00000000a2700000, 0x00000000a2800000, 0x00000000a2800000|100%| O|  |TAMS 0x00000000a2800000, 0x00000000a2700000| Untracked 
| 552|0x00000000a2800000, 0x00000000a2900000, 0x00000000a2900000|100%| O|  |TAMS 0x00000000a2900000, 0x00000000a2800000| Untracked 
| 553|0x00000000a2900000, 0x00000000a2a00000, 0x00000000a2a00000|100%| O|  |TAMS 0x00000000a2a00000, 0x00000000a2900000| Untracked 
| 554|0x00000000a2a00000, 0x00000000a2b00000, 0x00000000a2b00000|100%| O|  |TAMS 0x00000000a2b00000, 0x00000000a2a00000| Untracked 
| 555|0x00000000a2b00000, 0x00000000a2c00000, 0x00000000a2c00000|100%| O|  |TAMS 0x00000000a2c00000, 0x00000000a2b00000| Untracked 
| 556|0x00000000a2c00000, 0x00000000a2d00000, 0x00000000a2d00000|100%| O|  |TAMS 0x00000000a2d00000, 0x00000000a2c00000| Untracked 
| 557|0x00000000a2d00000, 0x00000000a2e00000, 0x00000000a2e00000|100%| O|  |TAMS 0x00000000a2e00000, 0x00000000a2d00000| Untracked 
| 558|0x00000000a2e00000, 0x00000000a2f00000, 0x00000000a2f00000|100%| O|  |TAMS 0x00000000a2f00000, 0x00000000a2e00000| Untracked 
| 559|0x00000000a2f00000, 0x00000000a3000000, 0x00000000a3000000|100%| O|  |TAMS 0x00000000a2f00000, 0x00000000a2f00000| Untracked 
| 560|0x00000000a3000000, 0x00000000a3100000, 0x00000000a3100000|100%| O|  |TAMS 0x00000000a3000000, 0x00000000a3000000| Untracked 
| 561|0x00000000a3100000, 0x00000000a3200000, 0x00000000a3200000|100%| O|  |TAMS 0x00000000a3100000, 0x00000000a3100000| Untracked 
| 562|0x00000000a3200000, 0x00000000a3300000, 0x00000000a3300000|100%| O|  |TAMS 0x00000000a3200000, 0x00000000a3200000| Untracked 
| 563|0x00000000a3300000, 0x00000000a3400000, 0x00000000a3400000|100%| O|  |TAMS 0x00000000a3300000, 0x00000000a3300000| Untracked 
| 564|0x00000000a3400000, 0x00000000a3500000, 0x00000000a3500000|100%| O|  |TAMS 0x00000000a3400000, 0x00000000a3400000| Untracked 
| 565|0x00000000a3500000, 0x00000000a3600000, 0x00000000a3600000|100%| O|  |TAMS 0x00000000a3500000, 0x00000000a3500000| Untracked 
| 566|0x00000000a3600000, 0x00000000a3700000, 0x00000000a3700000|100%| O|  |TAMS 0x00000000a3600000, 0x00000000a3600000| Untracked 
| 567|0x00000000a3700000, 0x00000000a3800000, 0x00000000a3800000|100%| O|  |TAMS 0x00000000a3700000, 0x00000000a3700000| Untracked 
| 568|0x00000000a3800000, 0x00000000a3900000, 0x00000000a3900000|100%| O|  |TAMS 0x00000000a3800000, 0x00000000a3800000| Untracked 
| 569|0x00000000a3900000, 0x00000000a3a00000, 0x00000000a3a00000|100%| O|  |TAMS 0x00000000a3900000, 0x00000000a3900000| Untracked 
| 570|0x00000000a3a00000, 0x00000000a3b00000, 0x00000000a3b00000|100%| O|  |TAMS 0x00000000a3a00000, 0x00000000a3a00000| Untracked 
| 571|0x00000000a3b00000, 0x00000000a3c00000, 0x00000000a3c00000|100%| O|  |TAMS 0x00000000a3b00000, 0x00000000a3b00000| Untracked 
| 572|0x00000000a3c00000, 0x00000000a3d00000, 0x00000000a3d00000|100%| O|  |TAMS 0x00000000a3c00000, 0x00000000a3c00000| Untracked 
| 573|0x00000000a3d00000, 0x00000000a3e00000, 0x00000000a3e00000|100%| O|  |TAMS 0x00000000a3d00000, 0x00000000a3d00000| Untracked 
| 574|0x00000000a3e00000, 0x00000000a3f00000, 0x00000000a3f00000|100%| O|  |TAMS 0x00000000a3e00000, 0x00000000a3e00000| Untracked 
| 575|0x00000000a3f00000, 0x00000000a4000000, 0x00000000a4000000|100%| O|  |TAMS 0x00000000a3f00000, 0x00000000a3f00000| Untracked 
| 576|0x00000000a4000000, 0x00000000a4100000, 0x00000000a4100000|100%| O|  |TAMS 0x00000000a4000000, 0x00000000a4000000| Untracked 
| 577|0x00000000a4100000, 0x00000000a4200000, 0x00000000a4200000|100%| O|  |TAMS 0x00000000a4100000, 0x00000000a4100000| Untracked 
| 578|0x00000000a4200000, 0x00000000a4300000, 0x00000000a4300000|100%| O|  |TAMS 0x00000000a4200000, 0x00000000a4200000| Untracked 
| 579|0x00000000a4300000, 0x00000000a4400000, 0x00000000a4400000|100%| O|  |TAMS 0x00000000a4300000, 0x00000000a4300000| Untracked 
| 580|0x00000000a4400000, 0x00000000a4500000, 0x00000000a4500000|100%| O|  |TAMS 0x00000000a4400000, 0x00000000a4400000| Untracked 
| 581|0x00000000a4500000, 0x00000000a4600000, 0x00000000a4600000|100%| O|  |TAMS 0x00000000a4500000, 0x00000000a4500000| Untracked 
| 582|0x00000000a4600000, 0x00000000a4700000, 0x00000000a4700000|100%| O|  |TAMS 0x00000000a4600000, 0x00000000a4600000| Untracked 
| 583|0x00000000a4700000, 0x00000000a4800000, 0x00000000a4800000|100%| O|  |TAMS 0x00000000a4800000, 0x00000000a4700000| Untracked 
| 584|0x00000000a4800000, 0x00000000a4900000, 0x00000000a4900000|100%| O|  |TAMS 0x00000000a4900000, 0x00000000a4800000| Untracked 
| 585|0x00000000a4900000, 0x00000000a4a00000, 0x00000000a4a00000|100%| O|  |TAMS 0x00000000a4a00000, 0x00000000a4900000| Untracked 
| 586|0x00000000a4a00000, 0x00000000a4b00000, 0x00000000a4b00000|100%| O|  |TAMS 0x00000000a4b00000, 0x00000000a4a00000| Untracked 
| 587|0x00000000a4b00000, 0x00000000a4c00000, 0x00000000a4c00000|100%| O|  |TAMS 0x00000000a4c00000, 0x00000000a4b00000| Untracked 
| 588|0x00000000a4c00000, 0x00000000a4d00000, 0x00000000a4d00000|100%| O|  |TAMS 0x00000000a4c00000, 0x00000000a4c00000| Untracked 
| 589|0x00000000a4d00000, 0x00000000a4e00000, 0x00000000a4e00000|100%| O|  |TAMS 0x00000000a4d00000, 0x00000000a4d00000| Untracked 
| 590|0x00000000a4e00000, 0x00000000a4f00000, 0x00000000a4f00000|100%| O|  |TAMS 0x00000000a4e00000, 0x00000000a4e00000| Untracked 
| 591|0x00000000a4f00000, 0x00000000a5000000, 0x00000000a5000000|100%| O|  |TAMS 0x00000000a4f00000, 0x00000000a4f00000| Untracked 
| 592|0x00000000a5000000, 0x00000000a5100000, 0x00000000a5100000|100%| O|  |TAMS 0x00000000a5000000, 0x00000000a5000000| Untracked 
| 593|0x00000000a5100000, 0x00000000a5200000, 0x00000000a5200000|100%| O|  |TAMS 0x00000000a5100000, 0x00000000a5100000| Untracked 
| 594|0x00000000a5200000, 0x00000000a5300000, 0x00000000a5300000|100%| O|  |TAMS 0x00000000a5200000, 0x00000000a5200000| Untracked 
| 595|0x00000000a5300000, 0x00000000a5400000, 0x00000000a5400000|100%| O|  |TAMS 0x00000000a5300000, 0x00000000a5300000| Untracked 
| 596|0x00000000a5400000, 0x00000000a5500000, 0x00000000a5500000|100%| O|  |TAMS 0x00000000a5400000, 0x00000000a5400000| Untracked 
| 597|0x00000000a5500000, 0x00000000a5600000, 0x00000000a5600000|100%| O|  |TAMS 0x00000000a5500000, 0x00000000a5500000| Untracked 
| 598|0x00000000a5600000, 0x00000000a5700000, 0x00000000a5700000|100%| O|  |TAMS 0x00000000a5600000, 0x00000000a5600000| Untracked 
| 599|0x00000000a5700000, 0x00000000a5800000, 0x00000000a5800000|100%| O|  |TAMS 0x00000000a5700000, 0x00000000a5700000| Untracked 
| 600|0x00000000a5800000, 0x00000000a5900000, 0x00000000a5900000|100%| O|  |TAMS 0x00000000a5900000, 0x00000000a5800000| Untracked 
| 601|0x00000000a5900000, 0x00000000a5a00000, 0x00000000a5a00000|100%| O|  |TAMS 0x00000000a5a00000, 0x00000000a5900000| Untracked 
| 602|0x00000000a5a00000, 0x00000000a5b00000, 0x00000000a5b00000|100%| O|  |TAMS 0x00000000a5b00000, 0x00000000a5a00000| Untracked 
| 603|0x00000000a5b00000, 0x00000000a5c00000, 0x00000000a5c00000|100%| O|  |TAMS 0x00000000a5c00000, 0x00000000a5b00000| Untracked 
| 604|0x00000000a5c00000, 0x00000000a5d00000, 0x00000000a5d00000|100%| O|  |TAMS 0x00000000a5d00000, 0x00000000a5c00000| Untracked 
| 605|0x00000000a5d00000, 0x00000000a5e00000, 0x00000000a5e00000|100%| O|  |TAMS 0x00000000a5e00000, 0x00000000a5d00000| Untracked 
| 606|0x00000000a5e00000, 0x00000000a5f00000, 0x00000000a5f00000|100%| O|  |TAMS 0x00000000a5f00000, 0x00000000a5e00000| Untracked 
| 607|0x00000000a5f00000, 0x00000000a6000000, 0x00000000a6000000|100%| O|  |TAMS 0x00000000a6000000, 0x00000000a5f00000| Untracked 
| 608|0x00000000a6000000, 0x00000000a6100000, 0x00000000a6100000|100%| O|  |TAMS 0x00000000a6100000, 0x00000000a6000000| Untracked 
| 609|0x00000000a6100000, 0x00000000a6200000, 0x00000000a6200000|100%| O|  |TAMS 0x00000000a6200000, 0x00000000a6100000| Untracked 
| 610|0x00000000a6200000, 0x00000000a6300000, 0x00000000a6300000|100%| O|  |TAMS 0x00000000a6300000, 0x00000000a6200000| Untracked 
| 611|0x00000000a6300000, 0x00000000a6400000, 0x00000000a6400000|100%| O|  |TAMS 0x00000000a6400000, 0x00000000a6300000| Untracked 
| 612|0x00000000a6400000, 0x00000000a6500000, 0x00000000a6500000|100%| O|  |TAMS 0x00000000a6400000, 0x00000000a6400000| Untracked 
| 613|0x00000000a6500000, 0x00000000a6600000, 0x00000000a6600000|100%| O|  |TAMS 0x00000000a6500000, 0x00000000a6500000| Untracked 
| 614|0x00000000a6600000, 0x00000000a6700000, 0x00000000a6700000|100%| O|  |TAMS 0x00000000a6700000, 0x00000000a6600000| Untracked 
| 615|0x00000000a6700000, 0x00000000a6800000, 0x00000000a6800000|100%| O|  |TAMS 0x00000000a6800000, 0x00000000a6700000| Untracked 
| 616|0x00000000a6800000, 0x00000000a6900000, 0x00000000a6900000|100%| O|  |TAMS 0x00000000a6900000, 0x00000000a6800000| Untracked 
| 617|0x00000000a6900000, 0x00000000a6a00000, 0x00000000a6a00000|100%| O|  |TAMS 0x00000000a6a00000, 0x00000000a6900000| Untracked 
| 618|0x00000000a6a00000, 0x00000000a6b00000, 0x00000000a6b00000|100%| O|  |TAMS 0x00000000a6b00000, 0x00000000a6a00000| Untracked 
| 619|0x00000000a6b00000, 0x00000000a6c00000, 0x00000000a6c00000|100%| O|  |TAMS 0x00000000a6c00000, 0x00000000a6b00000| Untracked 
| 620|0x00000000a6c00000, 0x00000000a6d00000, 0x00000000a6d00000|100%| O|  |TAMS 0x00000000a6d00000, 0x00000000a6c00000| Untracked 
| 621|0x00000000a6d00000, 0x00000000a6e00000, 0x00000000a6e00000|100%| O|  |TAMS 0x00000000a6e00000, 0x00000000a6d00000| Untracked 
| 622|0x00000000a6e00000, 0x00000000a6f00000, 0x00000000a6f00000|100%| O|  |TAMS 0x00000000a6f00000, 0x00000000a6e00000| Untracked 
| 623|0x00000000a6f00000, 0x00000000a7000000, 0x00000000a7000000|100%| O|  |TAMS 0x00000000a7000000, 0x00000000a6f00000| Untracked 
| 624|0x00000000a7000000, 0x00000000a7100000, 0x00000000a7100000|100%| O|  |TAMS 0x00000000a7100000, 0x00000000a7000000| Untracked 
| 625|0x00000000a7100000, 0x00000000a7100000, 0x00000000a7200000|  0%| F|  |TAMS 0x00000000a7100000, 0x00000000a7100000| Untracked 
| 626|0x00000000a7200000, 0x00000000a7300000, 0x00000000a7300000|100%| O|  |TAMS 0x00000000a722c200, 0x00000000a7200000| Untracked 
| 627|0x00000000a7300000, 0x00000000a7400000, 0x00000000a7400000|100%| O|  |TAMS 0x00000000a7300000, 0x00000000a7300000| Untracked 
| 628|0x00000000a7400000, 0x00000000a7500000, 0x00000000a7500000|100%| O|  |TAMS 0x00000000a7400000, 0x00000000a7400000| Untracked 
| 629|0x00000000a7500000, 0x00000000a7600000, 0x00000000a7600000|100%| O|  |TAMS 0x00000000a7500000, 0x00000000a7500000| Untracked 
| 630|0x00000000a7600000, 0x00000000a7700000, 0x00000000a7700000|100%| O|  |TAMS 0x00000000a7600000, 0x00000000a7600000| Untracked 
| 631|0x00000000a7700000, 0x00000000a7800000, 0x00000000a7800000|100%| O|  |TAMS 0x00000000a7700000, 0x00000000a7700000| Untracked 
| 632|0x00000000a7800000, 0x00000000a7900000, 0x00000000a7900000|100%| O|  |TAMS 0x00000000a7800000, 0x00000000a7800000| Untracked 
| 633|0x00000000a7900000, 0x00000000a7a00000, 0x00000000a7a00000|100%| O|  |TAMS 0x00000000a7900000, 0x00000000a7900000| Untracked 
| 634|0x00000000a7a00000, 0x00000000a7b00000, 0x00000000a7b00000|100%| O|  |TAMS 0x00000000a7a00000, 0x00000000a7a00000| Untracked 
| 635|0x00000000a7b00000, 0x00000000a7c00000, 0x00000000a7c00000|100%| O|  |TAMS 0x00000000a7b00000, 0x00000000a7b00000| Untracked 
| 636|0x00000000a7c00000, 0x00000000a7d00000, 0x00000000a7d00000|100%| O|  |TAMS 0x00000000a7c00000, 0x00000000a7c00000| Untracked 
| 637|0x00000000a7d00000, 0x00000000a7e00000, 0x00000000a7e00000|100%| O|  |TAMS 0x00000000a7d00000, 0x00000000a7d00000| Untracked 
| 638|0x00000000a7e00000, 0x00000000a7f00000, 0x00000000a7f00000|100%| O|  |TAMS 0x00000000a7e00000, 0x00000000a7e00000| Untracked 
| 639|0x00000000a7f00000, 0x00000000a8000000, 0x00000000a8000000|100%| O|  |TAMS 0x00000000a7f00000, 0x00000000a7f00000| Untracked 
| 640|0x00000000a8000000, 0x00000000a8100000, 0x00000000a8100000|100%| O|  |TAMS 0x00000000a8000000, 0x00000000a8000000| Untracked 
| 641|0x00000000a8100000, 0x00000000a8200000, 0x00000000a8200000|100%|HS|  |TAMS 0x00000000a8100000, 0x00000000a8100000| Complete 
| 642|0x00000000a8200000, 0x00000000a8300000, 0x00000000a8300000|100%| O|  |TAMS 0x00000000a8200000, 0x00000000a8200000| Untracked 
| 643|0x00000000a8300000, 0x00000000a8400000, 0x00000000a8400000|100%| O|  |TAMS 0x00000000a8300000, 0x00000000a8300000| Untracked 
| 644|0x00000000a8400000, 0x00000000a8500000, 0x00000000a8500000|100%| O|  |TAMS 0x00000000a8400000, 0x00000000a8400000| Untracked 
| 645|0x00000000a8500000, 0x00000000a8600000, 0x00000000a8600000|100%| O|  |TAMS 0x00000000a8500000, 0x00000000a8500000| Untracked 
| 646|0x00000000a8600000, 0x00000000a8700000, 0x00000000a8700000|100%| O|  |TAMS 0x00000000a8600000, 0x00000000a8600000| Untracked 
| 647|0x00000000a8700000, 0x00000000a8800000, 0x00000000a8800000|100%| O|  |TAMS 0x00000000a8700000, 0x00000000a8700000| Untracked 
| 648|0x00000000a8800000, 0x00000000a8900000, 0x00000000a8900000|100%| O|  |TAMS 0x00000000a8800000, 0x00000000a8800000| Untracked 
| 649|0x00000000a8900000, 0x00000000a8a00000, 0x00000000a8a00000|100%| O|  |TAMS 0x00000000a8900000, 0x00000000a8900000| Untracked 
| 650|0x00000000a8a00000, 0x00000000a8b00000, 0x00000000a8b00000|100%| O|  |TAMS 0x00000000a8a00000, 0x00000000a8a00000| Untracked 
| 651|0x00000000a8b00000, 0x00000000a8c00000, 0x00000000a8c00000|100%| O|  |TAMS 0x00000000a8b00000, 0x00000000a8b00000| Untracked 
| 652|0x00000000a8c00000, 0x00000000a8d00000, 0x00000000a8d00000|100%| O|  |TAMS 0x00000000a8c00000, 0x00000000a8c00000| Untracked 
| 653|0x00000000a8d00000, 0x00000000a8e00000, 0x00000000a8e00000|100%| O|  |TAMS 0x00000000a8d00000, 0x00000000a8d00000| Untracked 
| 654|0x00000000a8e00000, 0x00000000a8f00000, 0x00000000a8f00000|100%| O|  |TAMS 0x00000000a8e00000, 0x00000000a8e00000| Untracked 
| 655|0x00000000a8f00000, 0x00000000a9000000, 0x00000000a9000000|100%| O|  |TAMS 0x00000000a8f00000, 0x00000000a8f00000| Untracked 
| 656|0x00000000a9000000, 0x00000000a9100000, 0x00000000a9100000|100%| O|  |TAMS 0x00000000a9000000, 0x00000000a9000000| Untracked 
| 657|0x00000000a9100000, 0x00000000a9200000, 0x00000000a9200000|100%| O|  |TAMS 0x00000000a9100000, 0x00000000a9100000| Untracked 
| 658|0x00000000a9200000, 0x00000000a9300000, 0x00000000a9300000|100%| O|  |TAMS 0x00000000a9200000, 0x00000000a9200000| Untracked 
| 659|0x00000000a9300000, 0x00000000a9400000, 0x00000000a9400000|100%| O|  |TAMS 0x00000000a9300000, 0x00000000a9300000| Untracked 
| 660|0x00000000a9400000, 0x00000000a9500000, 0x00000000a9500000|100%| O|  |TAMS 0x00000000a9400000, 0x00000000a9400000| Untracked 
| 661|0x00000000a9500000, 0x00000000a9600000, 0x00000000a9600000|100%| O|  |TAMS 0x00000000a9500000, 0x00000000a9500000| Untracked 
| 662|0x00000000a9600000, 0x00000000a9700000, 0x00000000a9700000|100%| O|  |TAMS 0x00000000a9600000, 0x00000000a9600000| Untracked 
| 663|0x00000000a9700000, 0x00000000a9800000, 0x00000000a9800000|100%| O|  |TAMS 0x00000000a9700000, 0x00000000a9700000| Untracked 
| 664|0x00000000a9800000, 0x00000000a9900000, 0x00000000a9900000|100%| O|  |TAMS 0x00000000a9800000, 0x00000000a9800000| Untracked 
| 665|0x00000000a9900000, 0x00000000a9a00000, 0x00000000a9a00000|100%| O|  |TAMS 0x00000000a9900000, 0x00000000a9900000| Untracked 
| 666|0x00000000a9a00000, 0x00000000a9b00000, 0x00000000a9b00000|100%| O|  |TAMS 0x00000000a9a00000, 0x00000000a9a00000| Untracked 
| 667|0x00000000a9b00000, 0x00000000a9c00000, 0x00000000a9c00000|100%| O|  |TAMS 0x00000000a9b00000, 0x00000000a9b00000| Untracked 
| 668|0x00000000a9c00000, 0x00000000a9d00000, 0x00000000a9d00000|100%| O|  |TAMS 0x00000000a9c00000, 0x00000000a9c00000| Untracked 
| 669|0x00000000a9d00000, 0x00000000a9e00000, 0x00000000a9e00000|100%| O|  |TAMS 0x00000000a9d00000, 0x00000000a9d00000| Untracked 
| 670|0x00000000a9e00000, 0x00000000a9f00000, 0x00000000a9f00000|100%| O|  |TAMS 0x00000000a9e00000, 0x00000000a9e00000| Untracked 
| 671|0x00000000a9f00000, 0x00000000aa000000, 0x00000000aa000000|100%| O|  |TAMS 0x00000000a9f00000, 0x00000000a9f00000| Untracked 
| 672|0x00000000aa000000, 0x00000000aa100000, 0x00000000aa100000|100%| O|  |TAMS 0x00000000aa000000, 0x00000000aa000000| Untracked 
| 673|0x00000000aa100000, 0x00000000aa200000, 0x00000000aa200000|100%| O|  |TAMS 0x00000000aa100000, 0x00000000aa100000| Untracked 
| 674|0x00000000aa200000, 0x00000000aa300000, 0x00000000aa300000|100%| O|  |TAMS 0x00000000aa200000, 0x00000000aa200000| Untracked 
| 675|0x00000000aa300000, 0x00000000aa400000, 0x00000000aa400000|100%| O|  |TAMS 0x00000000aa300000, 0x00000000aa300000| Untracked 
| 676|0x00000000aa400000, 0x00000000aa500000, 0x00000000aa500000|100%| O|  |TAMS 0x00000000aa400000, 0x00000000aa400000| Untracked 
| 677|0x00000000aa500000, 0x00000000aa600000, 0x00000000aa600000|100%| O|  |TAMS 0x00000000aa500000, 0x00000000aa500000| Untracked 
| 678|0x00000000aa600000, 0x00000000aa700000, 0x00000000aa700000|100%| O|  |TAMS 0x00000000aa600000, 0x00000000aa600000| Untracked 
| 679|0x00000000aa700000, 0x00000000aa800000, 0x00000000aa800000|100%| O|  |TAMS 0x00000000aa700000, 0x00000000aa700000| Untracked 
| 680|0x00000000aa800000, 0x00000000aa900000, 0x00000000aa900000|100%| O|  |TAMS 0x00000000aa800000, 0x00000000aa800000| Untracked 
| 681|0x00000000aa900000, 0x00000000aaa00000, 0x00000000aaa00000|100%| O|  |TAMS 0x00000000aa900000, 0x00000000aa900000| Untracked 
| 682|0x00000000aaa00000, 0x00000000aab00000, 0x00000000aab00000|100%| O|  |TAMS 0x00000000aaa00000, 0x00000000aaa00000| Untracked 
| 683|0x00000000aab00000, 0x00000000aac00000, 0x00000000aac00000|100%| O|  |TAMS 0x00000000aab00000, 0x00000000aab00000| Untracked 
| 684|0x00000000aac00000, 0x00000000aad00000, 0x00000000aad00000|100%| O|  |TAMS 0x00000000aac00000, 0x00000000aac00000| Untracked 
| 685|0x00000000aad00000, 0x00000000aae00000, 0x00000000aae00000|100%| O|  |TAMS 0x00000000aad00000, 0x00000000aad00000| Untracked 
| 686|0x00000000aae00000, 0x00000000aaf00000, 0x00000000aaf00000|100%| O|  |TAMS 0x00000000aae00000, 0x00000000aae00000| Untracked 
| 687|0x00000000aaf00000, 0x00000000ab000000, 0x00000000ab000000|100%| O|  |TAMS 0x00000000aaf00000, 0x00000000aaf00000| Untracked 
| 688|0x00000000ab000000, 0x00000000ab100000, 0x00000000ab100000|100%| O|  |TAMS 0x00000000ab000000, 0x00000000ab000000| Untracked 
| 689|0x00000000ab100000, 0x00000000ab200000, 0x00000000ab200000|100%| O|  |TAMS 0x00000000ab100000, 0x00000000ab100000| Untracked 
| 690|0x00000000ab200000, 0x00000000ab300000, 0x00000000ab300000|100%| O|  |TAMS 0x00000000ab200000, 0x00000000ab200000| Untracked 
| 691|0x00000000ab300000, 0x00000000ab400000, 0x00000000ab400000|100%| O|  |TAMS 0x00000000ab300000, 0x00000000ab300000| Untracked 
| 692|0x00000000ab400000, 0x00000000ab500000, 0x00000000ab500000|100%| O|  |TAMS 0x00000000ab400000, 0x00000000ab400000| Untracked 
| 693|0x00000000ab500000, 0x00000000ab600000, 0x00000000ab600000|100%| O|  |TAMS 0x00000000ab500000, 0x00000000ab500000| Untracked 
| 694|0x00000000ab600000, 0x00000000ab700000, 0x00000000ab700000|100%| O|  |TAMS 0x00000000ab600000, 0x00000000ab600000| Untracked 
| 695|0x00000000ab700000, 0x00000000ab800000, 0x00000000ab800000|100%| O|  |TAMS 0x00000000ab700000, 0x00000000ab700000| Untracked 
| 696|0x00000000ab800000, 0x00000000ab900000, 0x00000000ab900000|100%| O|  |TAMS 0x00000000ab800000, 0x00000000ab800000| Untracked 
| 697|0x00000000ab900000, 0x00000000aba00000, 0x00000000aba00000|100%| O|  |TAMS 0x00000000ab900000, 0x00000000ab900000| Untracked 
| 698|0x00000000aba00000, 0x00000000abb00000, 0x00000000abb00000|100%| O|  |TAMS 0x00000000aba00000, 0x00000000aba00000| Untracked 
| 699|0x00000000abb00000, 0x00000000abc00000, 0x00000000abc00000|100%| O|  |TAMS 0x00000000abb00000, 0x00000000abb00000| Untracked 
| 700|0x00000000abc00000, 0x00000000abd00000, 0x00000000abd00000|100%| O|  |TAMS 0x00000000abc00000, 0x00000000abc00000| Untracked 
| 701|0x00000000abd00000, 0x00000000abe00000, 0x00000000abe00000|100%| O|  |TAMS 0x00000000abd00000, 0x00000000abd00000| Untracked 
| 702|0x00000000abe00000, 0x00000000abf00000, 0x00000000abf00000|100%| O|  |TAMS 0x00000000abe00000, 0x00000000abe00000| Untracked 
| 703|0x00000000abf00000, 0x00000000ac000000, 0x00000000ac000000|100%| O|  |TAMS 0x00000000abf00000, 0x00000000abf00000| Untracked 
| 704|0x00000000ac000000, 0x00000000ac100000, 0x00000000ac100000|100%| O|  |TAMS 0x00000000ac000000, 0x00000000ac000000| Untracked 
| 705|0x00000000ac100000, 0x00000000ac200000, 0x00000000ac200000|100%| O|  |TAMS 0x00000000ac100000, 0x00000000ac100000| Untracked 
| 706|0x00000000ac200000, 0x00000000ac300000, 0x00000000ac300000|100%| O|  |TAMS 0x00000000ac200000, 0x00000000ac200000| Untracked 
| 707|0x00000000ac300000, 0x00000000ac400000, 0x00000000ac400000|100%| O|  |TAMS 0x00000000ac300000, 0x00000000ac300000| Untracked 
| 708|0x00000000ac400000, 0x00000000ac500000, 0x00000000ac500000|100%| O|  |TAMS 0x00000000ac400000, 0x00000000ac400000| Untracked 
| 709|0x00000000ac500000, 0x00000000ac600000, 0x00000000ac600000|100%| O|  |TAMS 0x00000000ac500000, 0x00000000ac500000| Untracked 
| 710|0x00000000ac600000, 0x00000000ac700000, 0x00000000ac700000|100%| O|  |TAMS 0x00000000ac600000, 0x00000000ac600000| Untracked 
| 711|0x00000000ac700000, 0x00000000ac800000, 0x00000000ac800000|100%| O|  |TAMS 0x00000000ac700000, 0x00000000ac700000| Untracked 
| 712|0x00000000ac800000, 0x00000000ac900000, 0x00000000ac900000|100%| O|  |TAMS 0x00000000ac800000, 0x00000000ac800000| Untracked 
| 713|0x00000000ac900000, 0x00000000aca00000, 0x00000000aca00000|100%| O|  |TAMS 0x00000000ac900000, 0x00000000ac900000| Untracked 
| 714|0x00000000aca00000, 0x00000000acb00000, 0x00000000acb00000|100%| O|  |TAMS 0x00000000aca00000, 0x00000000aca00000| Untracked 
| 715|0x00000000acb00000, 0x00000000acc00000, 0x00000000acc00000|100%| O|  |TAMS 0x00000000acb00000, 0x00000000acb00000| Untracked 
| 716|0x00000000acc00000, 0x00000000acd00000, 0x00000000acd00000|100%| O|  |TAMS 0x00000000acc00000, 0x00000000acc00000| Untracked 
| 717|0x00000000acd00000, 0x00000000ace00000, 0x00000000ace00000|100%| O|  |TAMS 0x00000000acd00000, 0x00000000acd00000| Untracked 
| 718|0x00000000ace00000, 0x00000000acf00000, 0x00000000acf00000|100%| O|  |TAMS 0x00000000ace00000, 0x00000000ace00000| Untracked 
| 719|0x00000000acf00000, 0x00000000ad000000, 0x00000000ad000000|100%| O|  |TAMS 0x00000000acf00000, 0x00000000acf00000| Untracked 
| 720|0x00000000ad000000, 0x00000000ad100000, 0x00000000ad100000|100%| O|  |TAMS 0x00000000ad000000, 0x00000000ad000000| Untracked 
| 721|0x00000000ad100000, 0x00000000ad200000, 0x00000000ad200000|100%| O|  |TAMS 0x00000000ad100000, 0x00000000ad100000| Untracked 
| 722|0x00000000ad200000, 0x00000000ad300000, 0x00000000ad300000|100%| O|  |TAMS 0x00000000ad200000, 0x00000000ad200000| Untracked 
| 723|0x00000000ad300000, 0x00000000ad400000, 0x00000000ad400000|100%| O|  |TAMS 0x00000000ad300000, 0x00000000ad300000| Untracked 
| 724|0x00000000ad400000, 0x00000000ad500000, 0x00000000ad500000|100%| O|  |TAMS 0x00000000ad400000, 0x00000000ad400000| Untracked 
| 725|0x00000000ad500000, 0x00000000ad600000, 0x00000000ad600000|100%| O|  |TAMS 0x00000000ad500000, 0x00000000ad500000| Untracked 
| 726|0x00000000ad600000, 0x00000000ad700000, 0x00000000ad700000|100%| O|  |TAMS 0x00000000ad600000, 0x00000000ad600000| Untracked 
| 727|0x00000000ad700000, 0x00000000ad800000, 0x00000000ad800000|100%| O|  |TAMS 0x00000000ad700000, 0x00000000ad700000| Untracked 
| 728|0x00000000ad800000, 0x00000000ad900000, 0x00000000ad900000|100%| O|  |TAMS 0x00000000ad800000, 0x00000000ad800000| Untracked 
| 729|0x00000000ad900000, 0x00000000ada00000, 0x00000000ada00000|100%| O|  |TAMS 0x00000000ad900000, 0x00000000ad900000| Untracked 
| 730|0x00000000ada00000, 0x00000000adb00000, 0x00000000adb00000|100%| O|  |TAMS 0x00000000ada00000, 0x00000000ada00000| Untracked 
| 731|0x00000000adb00000, 0x00000000adc00000, 0x00000000adc00000|100%| O|  |TAMS 0x00000000adb00000, 0x00000000adb00000| Untracked 
| 732|0x00000000adc00000, 0x00000000add00000, 0x00000000add00000|100%| O|  |TAMS 0x00000000adc00000, 0x00000000adc00000| Untracked 
| 733|0x00000000add00000, 0x00000000ade00000, 0x00000000ade00000|100%| O|  |TAMS 0x00000000add00000, 0x00000000add00000| Untracked 
| 734|0x00000000ade00000, 0x00000000adf00000, 0x00000000adf00000|100%| O|  |TAMS 0x00000000ade00000, 0x00000000ade00000| Untracked 
| 735|0x00000000adf00000, 0x00000000adf00000, 0x00000000ae000000|  0%| F|  |TAMS 0x00000000adf00000, 0x00000000adf00000| Untracked 
| 736|0x00000000ae000000, 0x00000000ae000000, 0x00000000ae100000|  0%| F|  |TAMS 0x00000000ae000000, 0x00000000ae000000| Untracked 
| 737|0x00000000ae100000, 0x00000000ae100000, 0x00000000ae200000|  0%| F|  |TAMS 0x00000000ae100000, 0x00000000ae100000| Untracked 
| 738|0x00000000ae200000, 0x00000000ae200000, 0x00000000ae300000|  0%| F|  |TAMS 0x00000000ae200000, 0x00000000ae200000| Untracked 
| 739|0x00000000ae300000, 0x00000000ae300000, 0x00000000ae400000|  0%| F|  |TAMS 0x00000000ae300000, 0x00000000ae300000| Untracked 
| 740|0x00000000ae400000, 0x00000000ae400000, 0x00000000ae500000|  0%| F|  |TAMS 0x00000000ae400000, 0x00000000ae400000| Untracked 
| 741|0x00000000ae500000, 0x00000000ae500000, 0x00000000ae600000|  0%| F|  |TAMS 0x00000000ae500000, 0x00000000ae500000| Untracked 
| 742|0x00000000ae600000, 0x00000000ae600000, 0x00000000ae700000|  0%| F|  |TAMS 0x00000000ae600000, 0x00000000ae600000| Untracked 
| 743|0x00000000ae700000, 0x00000000ae700000, 0x00000000ae800000|  0%| F|  |TAMS 0x00000000ae700000, 0x00000000ae700000| Untracked 
| 744|0x00000000ae800000, 0x00000000ae800000, 0x00000000ae900000|  0%| F|  |TAMS 0x00000000ae800000, 0x00000000ae800000| Untracked 
| 745|0x00000000ae900000, 0x00000000ae900000, 0x00000000aea00000|  0%| F|  |TAMS 0x00000000ae900000, 0x00000000ae900000| Untracked 
| 746|0x00000000aea00000, 0x00000000aea00000, 0x00000000aeb00000|  0%| F|  |TAMS 0x00000000aea00000, 0x00000000aea00000| Untracked 
| 747|0x00000000aeb00000, 0x00000000aeb00000, 0x00000000aec00000|  0%| F|  |TAMS 0x00000000aeb00000, 0x00000000aeb00000| Untracked 
| 748|0x00000000aec00000, 0x00000000aec00000, 0x00000000aed00000|  0%| F|  |TAMS 0x00000000aec00000, 0x00000000aec00000| Untracked 
| 749|0x00000000aed00000, 0x00000000aed00000, 0x00000000aee00000|  0%| F|  |TAMS 0x00000000aed00000, 0x00000000aed00000| Untracked 
| 750|0x00000000aee00000, 0x00000000aee00000, 0x00000000aef00000|  0%| F|  |TAMS 0x00000000aee00000, 0x00000000aee00000| Untracked 
| 751|0x00000000aef00000, 0x00000000aef00000, 0x00000000af000000|  0%| F|  |TAMS 0x00000000aef00000, 0x00000000aef00000| Untracked 
| 752|0x00000000af000000, 0x00000000af000000, 0x00000000af100000|  0%| F|  |TAMS 0x00000000af000000, 0x00000000af000000| Untracked 
| 753|0x00000000af100000, 0x00000000af100000, 0x00000000af200000|  0%| F|  |TAMS 0x00000000af100000, 0x00000000af100000| Untracked 
| 754|0x00000000af200000, 0x00000000af200000, 0x00000000af300000|  0%| F|  |TAMS 0x00000000af200000, 0x00000000af200000| Untracked 
| 755|0x00000000af300000, 0x00000000af300000, 0x00000000af400000|  0%| F|  |TAMS 0x00000000af300000, 0x00000000af300000| Untracked 
| 756|0x00000000af400000, 0x00000000af400000, 0x00000000af500000|  0%| F|  |TAMS 0x00000000af400000, 0x00000000af400000| Untracked 
| 757|0x00000000af500000, 0x00000000af500000, 0x00000000af600000|  0%| F|  |TAMS 0x00000000af500000, 0x00000000af500000| Untracked 
| 758|0x00000000af600000, 0x00000000af600000, 0x00000000af700000|  0%| F|  |TAMS 0x00000000af600000, 0x00000000af600000| Untracked 
| 759|0x00000000af700000, 0x00000000af700000, 0x00000000af800000|  0%| F|  |TAMS 0x00000000af700000, 0x00000000af700000| Untracked 
| 760|0x00000000af800000, 0x00000000af800000, 0x00000000af900000|  0%| F|  |TAMS 0x00000000af800000, 0x00000000af800000| Untracked 
| 761|0x00000000af900000, 0x00000000af900000, 0x00000000afa00000|  0%| F|  |TAMS 0x00000000af900000, 0x00000000af900000| Untracked 
| 762|0x00000000afa00000, 0x00000000afa00000, 0x00000000afb00000|  0%| F|  |TAMS 0x00000000afa00000, 0x00000000afa00000| Untracked 
| 763|0x00000000afb00000, 0x00000000afb00000, 0x00000000afc00000|  0%| F|  |TAMS 0x00000000afb00000, 0x00000000afb00000| Untracked 
| 764|0x00000000afc00000, 0x00000000afc00000, 0x00000000afd00000|  0%| F|  |TAMS 0x00000000afc00000, 0x00000000afc00000| Untracked 
| 765|0x00000000afd00000, 0x00000000afd00000, 0x00000000afe00000|  0%| F|  |TAMS 0x00000000afd00000, 0x00000000afd00000| Untracked 
| 766|0x00000000afe00000, 0x00000000afe00000, 0x00000000aff00000|  0%| F|  |TAMS 0x00000000afe00000, 0x00000000afe00000| Untracked 
| 767|0x00000000aff00000, 0x00000000aff00000, 0x00000000b0000000|  0%| F|  |TAMS 0x00000000aff00000, 0x00000000aff00000| Untracked 
| 768|0x00000000b0000000, 0x00000000b0000000, 0x00000000b0100000|  0%| F|  |TAMS 0x00000000b0000000, 0x00000000b0000000| Untracked 
| 769|0x00000000b0100000, 0x00000000b0100000, 0x00000000b0200000|  0%| F|  |TAMS 0x00000000b0100000, 0x00000000b0100000| Untracked 
| 770|0x00000000b0200000, 0x00000000b0200000, 0x00000000b0300000|  0%| F|  |TAMS 0x00000000b0200000, 0x00000000b0200000| Untracked 
| 771|0x00000000b0300000, 0x00000000b0300000, 0x00000000b0400000|  0%| F|  |TAMS 0x00000000b0300000, 0x00000000b0300000| Untracked 
| 772|0x00000000b0400000, 0x00000000b0400000, 0x00000000b0500000|  0%| F|  |TAMS 0x00000000b0400000, 0x00000000b0400000| Untracked 
| 773|0x00000000b0500000, 0x00000000b0500000, 0x00000000b0600000|  0%| F|  |TAMS 0x00000000b0500000, 0x00000000b0500000| Untracked 
| 774|0x00000000b0600000, 0x00000000b0600000, 0x00000000b0700000|  0%| F|  |TAMS 0x00000000b0600000, 0x00000000b0600000| Untracked 
| 775|0x00000000b0700000, 0x00000000b0700000, 0x00000000b0800000|  0%| F|  |TAMS 0x00000000b0700000, 0x00000000b0700000| Untracked 
| 776|0x00000000b0800000, 0x00000000b0800000, 0x00000000b0900000|  0%| F|  |TAMS 0x00000000b0800000, 0x00000000b0800000| Untracked 
| 777|0x00000000b0900000, 0x00000000b0900000, 0x00000000b0a00000|  0%| F|  |TAMS 0x00000000b0900000, 0x00000000b0900000| Untracked 
| 778|0x00000000b0a00000, 0x00000000b0a00000, 0x00000000b0b00000|  0%| F|  |TAMS 0x00000000b0a00000, 0x00000000b0a00000| Untracked 
| 779|0x00000000b0b00000, 0x00000000b0b00000, 0x00000000b0c00000|  0%| F|  |TAMS 0x00000000b0b00000, 0x00000000b0b00000| Untracked 
| 780|0x00000000b0c00000, 0x00000000b0c00000, 0x00000000b0d00000|  0%| F|  |TAMS 0x00000000b0c00000, 0x00000000b0c00000| Untracked 
| 781|0x00000000b0d00000, 0x00000000b0d00000, 0x00000000b0e00000|  0%| F|  |TAMS 0x00000000b0d00000, 0x00000000b0d00000| Untracked 
| 782|0x00000000b0e00000, 0x00000000b0e00000, 0x00000000b0f00000|  0%| F|  |TAMS 0x00000000b0e00000, 0x00000000b0e00000| Untracked 
| 783|0x00000000b0f00000, 0x00000000b0f00000, 0x00000000b1000000|  0%| F|  |TAMS 0x00000000b0f00000, 0x00000000b0f00000| Untracked 
| 784|0x00000000b1000000, 0x00000000b1000000, 0x00000000b1100000|  0%| F|  |TAMS 0x00000000b1000000, 0x00000000b1000000| Untracked 
| 785|0x00000000b1100000, 0x00000000b1100000, 0x00000000b1200000|  0%| F|  |TAMS 0x00000000b1100000, 0x00000000b1100000| Untracked 
| 786|0x00000000b1200000, 0x00000000b1200000, 0x00000000b1300000|  0%| F|  |TAMS 0x00000000b1200000, 0x00000000b1200000| Untracked 
| 787|0x00000000b1300000, 0x00000000b1300000, 0x00000000b1400000|  0%| F|  |TAMS 0x00000000b1300000, 0x00000000b1300000| Untracked 
| 788|0x00000000b1400000, 0x00000000b1400000, 0x00000000b1500000|  0%| F|  |TAMS 0x00000000b1400000, 0x00000000b1400000| Untracked 
| 789|0x00000000b1500000, 0x00000000b1500000, 0x00000000b1600000|  0%| F|  |TAMS 0x00000000b1500000, 0x00000000b1500000| Untracked 
| 790|0x00000000b1600000, 0x00000000b1600000, 0x00000000b1700000|  0%| F|  |TAMS 0x00000000b1600000, 0x00000000b1600000| Untracked 
| 791|0x00000000b1700000, 0x00000000b1700000, 0x00000000b1800000|  0%| F|  |TAMS 0x00000000b1700000, 0x00000000b1700000| Untracked 
| 792|0x00000000b1800000, 0x00000000b1800000, 0x00000000b1900000|  0%| F|  |TAMS 0x00000000b1800000, 0x00000000b1800000| Untracked 
| 793|0x00000000b1900000, 0x00000000b1900000, 0x00000000b1a00000|  0%| F|  |TAMS 0x00000000b1900000, 0x00000000b1900000| Untracked 
| 794|0x00000000b1a00000, 0x00000000b1a00000, 0x00000000b1b00000|  0%| F|  |TAMS 0x00000000b1a00000, 0x00000000b1a00000| Untracked 
| 795|0x00000000b1b00000, 0x00000000b1b00000, 0x00000000b1c00000|  0%| F|  |TAMS 0x00000000b1b00000, 0x00000000b1b00000| Untracked 
| 796|0x00000000b1c00000, 0x00000000b1c00000, 0x00000000b1d00000|  0%| F|  |TAMS 0x00000000b1c00000, 0x00000000b1c00000| Untracked 
| 797|0x00000000b1d00000, 0x00000000b1d00000, 0x00000000b1e00000|  0%| F|  |TAMS 0x00000000b1d00000, 0x00000000b1d00000| Untracked 
| 798|0x00000000b1e00000, 0x00000000b1e00000, 0x00000000b1f00000|  0%| F|  |TAMS 0x00000000b1e00000, 0x00000000b1e00000| Untracked 
| 799|0x00000000b1f00000, 0x00000000b1f00000, 0x00000000b2000000|  0%| F|  |TAMS 0x00000000b1f00000, 0x00000000b1f00000| Untracked 
| 800|0x00000000b2000000, 0x00000000b2000000, 0x00000000b2100000|  0%| F|  |TAMS 0x00000000b2000000, 0x00000000b2000000| Untracked 
| 801|0x00000000b2100000, 0x00000000b2100000, 0x00000000b2200000|  0%| F|  |TAMS 0x00000000b2100000, 0x00000000b2100000| Untracked 
| 802|0x00000000b2200000, 0x00000000b2200000, 0x00000000b2300000|  0%| F|  |TAMS 0x00000000b2200000, 0x00000000b2200000| Untracked 
| 803|0x00000000b2300000, 0x00000000b2300000, 0x00000000b2400000|  0%| F|  |TAMS 0x00000000b2300000, 0x00000000b2300000| Untracked 
| 804|0x00000000b2400000, 0x00000000b2400000, 0x00000000b2500000|  0%| F|  |TAMS 0x00000000b2400000, 0x00000000b2400000| Untracked 
| 805|0x00000000b2500000, 0x00000000b2500000, 0x00000000b2600000|  0%| F|  |TAMS 0x00000000b2500000, 0x00000000b2500000| Untracked 
| 806|0x00000000b2600000, 0x00000000b2600000, 0x00000000b2700000|  0%| F|  |TAMS 0x00000000b2600000, 0x00000000b2600000| Untracked 
| 807|0x00000000b2700000, 0x00000000b2700000, 0x00000000b2800000|  0%| F|  |TAMS 0x00000000b2700000, 0x00000000b2700000| Untracked 
| 808|0x00000000b2800000, 0x00000000b2800000, 0x00000000b2900000|  0%| F|  |TAMS 0x00000000b2800000, 0x00000000b2800000| Untracked 
| 809|0x00000000b2900000, 0x00000000b2900000, 0x00000000b2a00000|  0%| F|  |TAMS 0x00000000b2900000, 0x00000000b2900000| Untracked 
| 810|0x00000000b2a00000, 0x00000000b2a00000, 0x00000000b2b00000|  0%| F|  |TAMS 0x00000000b2a00000, 0x00000000b2a00000| Untracked 
| 811|0x00000000b2b00000, 0x00000000b2b00000, 0x00000000b2c00000|  0%| F|  |TAMS 0x00000000b2b00000, 0x00000000b2b00000| Untracked 
| 812|0x00000000b2c00000, 0x00000000b2c00000, 0x00000000b2d00000|  0%| F|  |TAMS 0x00000000b2c00000, 0x00000000b2c00000| Untracked 
| 813|0x00000000b2d00000, 0x00000000b2d00000, 0x00000000b2e00000|  0%| F|  |TAMS 0x00000000b2d00000, 0x00000000b2d00000| Untracked 
| 814|0x00000000b2e00000, 0x00000000b2e00000, 0x00000000b2f00000|  0%| F|  |TAMS 0x00000000b2e00000, 0x00000000b2e00000| Untracked 
| 815|0x00000000b2f00000, 0x00000000b2f00000, 0x00000000b3000000|  0%| F|  |TAMS 0x00000000b2f00000, 0x00000000b2f00000| Untracked 
| 816|0x00000000b3000000, 0x00000000b3000000, 0x00000000b3100000|  0%| F|  |TAMS 0x00000000b3000000, 0x00000000b3000000| Untracked 
| 817|0x00000000b3100000, 0x00000000b3100000, 0x00000000b3200000|  0%| F|  |TAMS 0x00000000b3100000, 0x00000000b3100000| Untracked 
| 818|0x00000000b3200000, 0x00000000b3200000, 0x00000000b3300000|  0%| F|  |TAMS 0x00000000b3200000, 0x00000000b3200000| Untracked 
| 819|0x00000000b3300000, 0x00000000b3300000, 0x00000000b3400000|  0%| F|  |TAMS 0x00000000b3300000, 0x00000000b3300000| Untracked 
| 820|0x00000000b3400000, 0x00000000b3400000, 0x00000000b3500000|  0%| F|  |TAMS 0x00000000b3400000, 0x00000000b3400000| Untracked 
| 821|0x00000000b3500000, 0x00000000b3500000, 0x00000000b3600000|  0%| F|  |TAMS 0x00000000b3500000, 0x00000000b3500000| Untracked 
| 822|0x00000000b3600000, 0x00000000b3600000, 0x00000000b3700000|  0%| F|  |TAMS 0x00000000b3600000, 0x00000000b3600000| Untracked 
| 823|0x00000000b3700000, 0x00000000b3700000, 0x00000000b3800000|  0%| F|  |TAMS 0x00000000b3700000, 0x00000000b3700000| Untracked 
| 824|0x00000000b3800000, 0x00000000b3800000, 0x00000000b3900000|  0%| F|  |TAMS 0x00000000b3800000, 0x00000000b3800000| Untracked 
| 825|0x00000000b3900000, 0x00000000b3900000, 0x00000000b3a00000|  0%| F|  |TAMS 0x00000000b3900000, 0x00000000b3900000| Untracked 
| 826|0x00000000b3a00000, 0x00000000b3a00000, 0x00000000b3b00000|  0%| F|  |TAMS 0x00000000b3a00000, 0x00000000b3a00000| Untracked 
| 827|0x00000000b3b00000, 0x00000000b3b00000, 0x00000000b3c00000|  0%| F|  |TAMS 0x00000000b3b00000, 0x00000000b3b00000| Untracked 
| 828|0x00000000b3c00000, 0x00000000b3c00000, 0x00000000b3d00000|  0%| F|  |TAMS 0x00000000b3c00000, 0x00000000b3c00000| Untracked 
| 829|0x00000000b3d00000, 0x00000000b3d00000, 0x00000000b3e00000|  0%| F|  |TAMS 0x00000000b3d00000, 0x00000000b3d00000| Untracked 
| 830|0x00000000b3e00000, 0x00000000b3e00000, 0x00000000b3f00000|  0%| F|  |TAMS 0x00000000b3e00000, 0x00000000b3e00000| Untracked 
| 831|0x00000000b3f00000, 0x00000000b3f00000, 0x00000000b4000000|  0%| F|  |TAMS 0x00000000b3f00000, 0x00000000b3f00000| Untracked 
| 832|0x00000000b4000000, 0x00000000b4000000, 0x00000000b4100000|  0%| F|  |TAMS 0x00000000b4000000, 0x00000000b4000000| Untracked 
| 833|0x00000000b4100000, 0x00000000b4100000, 0x00000000b4200000|  0%| F|  |TAMS 0x00000000b4100000, 0x00000000b4100000| Untracked 
| 834|0x00000000b4200000, 0x00000000b4200000, 0x00000000b4300000|  0%| F|  |TAMS 0x00000000b4200000, 0x00000000b4200000| Untracked 
| 835|0x00000000b4300000, 0x00000000b4300000, 0x00000000b4400000|  0%| F|  |TAMS 0x00000000b4300000, 0x00000000b4300000| Untracked 
| 836|0x00000000b4400000, 0x00000000b4400000, 0x00000000b4500000|  0%| F|  |TAMS 0x00000000b4400000, 0x00000000b4400000| Untracked 
| 837|0x00000000b4500000, 0x00000000b4500000, 0x00000000b4600000|  0%| F|  |TAMS 0x00000000b4500000, 0x00000000b4500000| Untracked 
| 838|0x00000000b4600000, 0x00000000b4600000, 0x00000000b4700000|  0%| F|  |TAMS 0x00000000b4600000, 0x00000000b4600000| Untracked 
| 839|0x00000000b4700000, 0x00000000b4700000, 0x00000000b4800000|  0%| F|  |TAMS 0x00000000b4700000, 0x00000000b4700000| Untracked 
| 840|0x00000000b4800000, 0x00000000b4800000, 0x00000000b4900000|  0%| F|  |TAMS 0x00000000b4800000, 0x00000000b4800000| Untracked 
| 841|0x00000000b4900000, 0x00000000b4900000, 0x00000000b4a00000|  0%| F|  |TAMS 0x00000000b4900000, 0x00000000b4900000| Untracked 
| 842|0x00000000b4a00000, 0x00000000b4a00000, 0x00000000b4b00000|  0%| F|  |TAMS 0x00000000b4a00000, 0x00000000b4a00000| Untracked 
| 843|0x00000000b4b00000, 0x00000000b4b00000, 0x00000000b4c00000|  0%| F|  |TAMS 0x00000000b4b00000, 0x00000000b4b00000| Untracked 
| 844|0x00000000b4c00000, 0x00000000b4c00000, 0x00000000b4d00000|  0%| F|  |TAMS 0x00000000b4c00000, 0x00000000b4c00000| Untracked 
| 845|0x00000000b4d00000, 0x00000000b4d00000, 0x00000000b4e00000|  0%| F|  |TAMS 0x00000000b4d00000, 0x00000000b4d00000| Untracked 
| 846|0x00000000b4e00000, 0x00000000b4e00000, 0x00000000b4f00000|  0%| F|  |TAMS 0x00000000b4e00000, 0x00000000b4e00000| Untracked 
| 847|0x00000000b4f00000, 0x00000000b4f00000, 0x00000000b5000000|  0%| F|  |TAMS 0x00000000b4f00000, 0x00000000b4f00000| Untracked 
| 848|0x00000000b5000000, 0x00000000b5000000, 0x00000000b5100000|  0%| F|  |TAMS 0x00000000b5000000, 0x00000000b5000000| Untracked 
| 849|0x00000000b5100000, 0x00000000b5100000, 0x00000000b5200000|  0%| F|  |TAMS 0x00000000b5100000, 0x00000000b5100000| Untracked 
| 850|0x00000000b5200000, 0x00000000b5200000, 0x00000000b5300000|  0%| F|  |TAMS 0x00000000b5200000, 0x00000000b5200000| Untracked 
| 851|0x00000000b5300000, 0x00000000b5300000, 0x00000000b5400000|  0%| F|  |TAMS 0x00000000b5300000, 0x00000000b5300000| Untracked 
| 852|0x00000000b5400000, 0x00000000b5400000, 0x00000000b5500000|  0%| F|  |TAMS 0x00000000b5400000, 0x00000000b5400000| Untracked 
| 853|0x00000000b5500000, 0x00000000b5500000, 0x00000000b5600000|  0%| F|  |TAMS 0x00000000b5500000, 0x00000000b5500000| Untracked 
| 854|0x00000000b5600000, 0x00000000b5600000, 0x00000000b5700000|  0%| F|  |TAMS 0x00000000b5600000, 0x00000000b5600000| Untracked 
| 855|0x00000000b5700000, 0x00000000b5700000, 0x00000000b5800000|  0%| F|  |TAMS 0x00000000b5700000, 0x00000000b5700000| Untracked 
| 856|0x00000000b5800000, 0x00000000b5800000, 0x00000000b5900000|  0%| F|  |TAMS 0x00000000b5800000, 0x00000000b5800000| Untracked 
| 857|0x00000000b5900000, 0x00000000b5900000, 0x00000000b5a00000|  0%| F|  |TAMS 0x00000000b5900000, 0x00000000b5900000| Untracked 
| 858|0x00000000b5a00000, 0x00000000b5a00000, 0x00000000b5b00000|  0%| F|  |TAMS 0x00000000b5a00000, 0x00000000b5a00000| Untracked 
| 859|0x00000000b5b00000, 0x00000000b5b00000, 0x00000000b5c00000|  0%| F|  |TAMS 0x00000000b5b00000, 0x00000000b5b00000| Untracked 
| 860|0x00000000b5c00000, 0x00000000b5c00000, 0x00000000b5d00000|  0%| F|  |TAMS 0x00000000b5c00000, 0x00000000b5c00000| Untracked 
| 861|0x00000000b5d00000, 0x00000000b5d00000, 0x00000000b5e00000|  0%| F|  |TAMS 0x00000000b5d00000, 0x00000000b5d00000| Untracked 
| 862|0x00000000b5e00000, 0x00000000b5e00000, 0x00000000b5f00000|  0%| F|  |TAMS 0x00000000b5e00000, 0x00000000b5e00000| Untracked 
| 863|0x00000000b5f00000, 0x00000000b5f00000, 0x00000000b6000000|  0%| F|  |TAMS 0x00000000b5f00000, 0x00000000b5f00000| Untracked 
| 864|0x00000000b6000000, 0x00000000b6000000, 0x00000000b6100000|  0%| F|  |TAMS 0x00000000b6000000, 0x00000000b6000000| Untracked 
| 865|0x00000000b6100000, 0x00000000b6100000, 0x00000000b6200000|  0%| F|  |TAMS 0x00000000b6100000, 0x00000000b6100000| Untracked 
| 866|0x00000000b6200000, 0x00000000b6200000, 0x00000000b6300000|  0%| F|  |TAMS 0x00000000b6200000, 0x00000000b6200000| Untracked 
| 867|0x00000000b6300000, 0x00000000b6300000, 0x00000000b6400000|  0%| F|  |TAMS 0x00000000b6300000, 0x00000000b6300000| Untracked 
| 868|0x00000000b6400000, 0x00000000b6400000, 0x00000000b6500000|  0%| F|  |TAMS 0x00000000b6400000, 0x00000000b6400000| Untracked 
| 869|0x00000000b6500000, 0x00000000b6500000, 0x00000000b6600000|  0%| F|  |TAMS 0x00000000b6500000, 0x00000000b6500000| Untracked 
| 870|0x00000000b6600000, 0x00000000b6600000, 0x00000000b6700000|  0%| F|  |TAMS 0x00000000b6600000, 0x00000000b6600000| Untracked 
| 871|0x00000000b6700000, 0x00000000b6700000, 0x00000000b6800000|  0%| F|  |TAMS 0x00000000b6700000, 0x00000000b6700000| Untracked 
| 872|0x00000000b6800000, 0x00000000b6800000, 0x00000000b6900000|  0%| F|  |TAMS 0x00000000b6800000, 0x00000000b6800000| Untracked 
| 873|0x00000000b6900000, 0x00000000b6900000, 0x00000000b6a00000|  0%| F|  |TAMS 0x00000000b6900000, 0x00000000b6900000| Untracked 
| 874|0x00000000b6a00000, 0x00000000b6a00000, 0x00000000b6b00000|  0%| F|  |TAMS 0x00000000b6a00000, 0x00000000b6a00000| Untracked 
| 875|0x00000000b6b00000, 0x00000000b6b00000, 0x00000000b6c00000|  0%| F|  |TAMS 0x00000000b6b00000, 0x00000000b6b00000| Untracked 
| 876|0x00000000b6c00000, 0x00000000b6c00000, 0x00000000b6d00000|  0%| F|  |TAMS 0x00000000b6c00000, 0x00000000b6c00000| Untracked 
| 877|0x00000000b6d00000, 0x00000000b6d00000, 0x00000000b6e00000|  0%| F|  |TAMS 0x00000000b6d00000, 0x00000000b6d00000| Untracked 
| 878|0x00000000b6e00000, 0x00000000b6e00000, 0x00000000b6f00000|  0%| F|  |TAMS 0x00000000b6e00000, 0x00000000b6e00000| Untracked 
| 879|0x00000000b6f00000, 0x00000000b6f00000, 0x00000000b7000000|  0%| F|  |TAMS 0x00000000b6f00000, 0x00000000b6f00000| Untracked 
| 880|0x00000000b7000000, 0x00000000b7000000, 0x00000000b7100000|  0%| F|  |TAMS 0x00000000b7000000, 0x00000000b7000000| Untracked 
| 881|0x00000000b7100000, 0x00000000b7100000, 0x00000000b7200000|  0%| F|  |TAMS 0x00000000b7100000, 0x00000000b7100000| Untracked 
| 882|0x00000000b7200000, 0x00000000b7200000, 0x00000000b7300000|  0%| F|  |TAMS 0x00000000b7200000, 0x00000000b7200000| Untracked 
| 883|0x00000000b7300000, 0x00000000b7300000, 0x00000000b7400000|  0%| F|  |TAMS 0x00000000b7300000, 0x00000000b7300000| Untracked 
| 884|0x00000000b7400000, 0x00000000b7400000, 0x00000000b7500000|  0%| F|  |TAMS 0x00000000b7400000, 0x00000000b7400000| Untracked 
| 885|0x00000000b7500000, 0x00000000b7500000, 0x00000000b7600000|  0%| F|  |TAMS 0x00000000b7500000, 0x00000000b7500000| Untracked 
| 886|0x00000000b7600000, 0x00000000b7600000, 0x00000000b7700000|  0%| F|  |TAMS 0x00000000b7600000, 0x00000000b7600000| Untracked 
| 887|0x00000000b7700000, 0x00000000b7700000, 0x00000000b7800000|  0%| F|  |TAMS 0x00000000b7700000, 0x00000000b7700000| Untracked 
| 888|0x00000000b7800000, 0x00000000b7800000, 0x00000000b7900000|  0%| F|  |TAMS 0x00000000b7800000, 0x00000000b7800000| Untracked 
| 889|0x00000000b7900000, 0x00000000b7900000, 0x00000000b7a00000|  0%| F|  |TAMS 0x00000000b7900000, 0x00000000b7900000| Untracked 
| 890|0x00000000b7a00000, 0x00000000b7a00000, 0x00000000b7b00000|  0%| F|  |TAMS 0x00000000b7a00000, 0x00000000b7a00000| Untracked 
| 891|0x00000000b7b00000, 0x00000000b7b00000, 0x00000000b7c00000|  0%| F|  |TAMS 0x00000000b7b00000, 0x00000000b7b00000| Untracked 
| 892|0x00000000b7c00000, 0x00000000b7c00000, 0x00000000b7d00000|  0%| F|  |TAMS 0x00000000b7c00000, 0x00000000b7c00000| Untracked 
| 893|0x00000000b7d00000, 0x00000000b7d00000, 0x00000000b7e00000|  0%| F|  |TAMS 0x00000000b7d00000, 0x00000000b7d00000| Untracked 
| 894|0x00000000b7e00000, 0x00000000b7e00000, 0x00000000b7f00000|  0%| F|  |TAMS 0x00000000b7e00000, 0x00000000b7e00000| Untracked 
| 895|0x00000000b7f00000, 0x00000000b7f00000, 0x00000000b8000000|  0%| F|  |TAMS 0x00000000b7f00000, 0x00000000b7f00000| Untracked 
| 896|0x00000000b8000000, 0x00000000b8000000, 0x00000000b8100000|  0%| F|  |TAMS 0x00000000b8000000, 0x00000000b8000000| Untracked 
| 897|0x00000000b8100000, 0x00000000b8100000, 0x00000000b8200000|  0%| F|  |TAMS 0x00000000b8100000, 0x00000000b8100000| Untracked 
| 898|0x00000000b8200000, 0x00000000b8200000, 0x00000000b8300000|  0%| F|  |TAMS 0x00000000b8200000, 0x00000000b8200000| Untracked 
| 899|0x00000000b8300000, 0x00000000b8300000, 0x00000000b8400000|  0%| F|  |TAMS 0x00000000b8300000, 0x00000000b8300000| Untracked 
| 900|0x00000000b8400000, 0x00000000b8400000, 0x00000000b8500000|  0%| F|  |TAMS 0x00000000b8400000, 0x00000000b8400000| Untracked 
| 901|0x00000000b8500000, 0x00000000b8500000, 0x00000000b8600000|  0%| F|  |TAMS 0x00000000b8500000, 0x00000000b8500000| Untracked 
| 902|0x00000000b8600000, 0x00000000b8600000, 0x00000000b8700000|  0%| F|  |TAMS 0x00000000b8600000, 0x00000000b8600000| Untracked 
| 903|0x00000000b8700000, 0x00000000b8700000, 0x00000000b8800000|  0%| F|  |TAMS 0x00000000b8700000, 0x00000000b8700000| Untracked 
| 904|0x00000000b8800000, 0x00000000b8800000, 0x00000000b8900000|  0%| F|  |TAMS 0x00000000b8800000, 0x00000000b8800000| Untracked 
| 905|0x00000000b8900000, 0x00000000b8900000, 0x00000000b8a00000|  0%| F|  |TAMS 0x00000000b8900000, 0x00000000b8900000| Untracked 
| 906|0x00000000b8a00000, 0x00000000b8a00000, 0x00000000b8b00000|  0%| F|  |TAMS 0x00000000b8a00000, 0x00000000b8a00000| Untracked 
| 907|0x00000000b8b00000, 0x00000000b8b00000, 0x00000000b8c00000|  0%| F|  |TAMS 0x00000000b8b00000, 0x00000000b8b00000| Untracked 
| 908|0x00000000b8c00000, 0x00000000b8c00000, 0x00000000b8d00000|  0%| F|  |TAMS 0x00000000b8c00000, 0x00000000b8c00000| Untracked 
| 909|0x00000000b8d00000, 0x00000000b8d00000, 0x00000000b8e00000|  0%| F|  |TAMS 0x00000000b8d00000, 0x00000000b8d00000| Untracked 
| 910|0x00000000b8e00000, 0x00000000b8e00000, 0x00000000b8f00000|  0%| F|  |TAMS 0x00000000b8e00000, 0x00000000b8e00000| Untracked 
| 911|0x00000000b8f00000, 0x00000000b8f00000, 0x00000000b9000000|  0%| F|  |TAMS 0x00000000b8f00000, 0x00000000b8f00000| Untracked 
| 912|0x00000000b9000000, 0x00000000b9000000, 0x00000000b9100000|  0%| F|  |TAMS 0x00000000b9000000, 0x00000000b9000000| Untracked 
| 913|0x00000000b9100000, 0x00000000b9100000, 0x00000000b9200000|  0%| F|  |TAMS 0x00000000b9100000, 0x00000000b9100000| Untracked 
| 914|0x00000000b9200000, 0x00000000b9200000, 0x00000000b9300000|  0%| F|  |TAMS 0x00000000b9200000, 0x00000000b9200000| Untracked 
| 915|0x00000000b9300000, 0x00000000b9300000, 0x00000000b9400000|  0%| F|  |TAMS 0x00000000b9300000, 0x00000000b9300000| Untracked 
| 916|0x00000000b9400000, 0x00000000b9400000, 0x00000000b9500000|  0%| F|  |TAMS 0x00000000b9400000, 0x00000000b9400000| Untracked 
| 917|0x00000000b9500000, 0x00000000b9500000, 0x00000000b9600000|  0%| F|  |TAMS 0x00000000b9500000, 0x00000000b9500000| Untracked 
| 918|0x00000000b9600000, 0x00000000b9600000, 0x00000000b9700000|  0%| F|  |TAMS 0x00000000b9600000, 0x00000000b9600000| Untracked 
| 919|0x00000000b9700000, 0x00000000b9700000, 0x00000000b9800000|  0%| F|  |TAMS 0x00000000b9700000, 0x00000000b9700000| Untracked 
| 920|0x00000000b9800000, 0x00000000b9800000, 0x00000000b9900000|  0%| F|  |TAMS 0x00000000b9800000, 0x00000000b9800000| Untracked 
| 921|0x00000000b9900000, 0x00000000b9900000, 0x00000000b9a00000|  0%| F|  |TAMS 0x00000000b9900000, 0x00000000b9900000| Untracked 
| 922|0x00000000b9a00000, 0x00000000b9a00000, 0x00000000b9b00000|  0%| F|  |TAMS 0x00000000b9a00000, 0x00000000b9a00000| Untracked 
| 923|0x00000000b9b00000, 0x00000000b9b00000, 0x00000000b9c00000|  0%| F|  |TAMS 0x00000000b9b00000, 0x00000000b9b00000| Untracked 
| 924|0x00000000b9c00000, 0x00000000b9c00000, 0x00000000b9d00000|  0%| F|  |TAMS 0x00000000b9c00000, 0x00000000b9c00000| Untracked 
| 925|0x00000000b9d00000, 0x00000000b9d00000, 0x00000000b9e00000|  0%| F|  |TAMS 0x00000000b9d00000, 0x00000000b9d00000| Untracked 
| 926|0x00000000b9e00000, 0x00000000b9e00000, 0x00000000b9f00000|  0%| F|  |TAMS 0x00000000b9e00000, 0x00000000b9e00000| Untracked 
| 927|0x00000000b9f00000, 0x00000000ba000000, 0x00000000ba000000|100%| S|CS|TAMS 0x00000000b9f00000, 0x00000000b9f00000| Complete 
| 928|0x00000000ba000000, 0x00000000ba100000, 0x00000000ba100000|100%| S|CS|TAMS 0x00000000ba000000, 0x00000000ba000000| Complete 
| 929|0x00000000ba100000, 0x00000000ba200000, 0x00000000ba200000|100%| S|CS|TAMS 0x00000000ba100000, 0x00000000ba100000| Complete 
| 930|0x00000000ba200000, 0x00000000ba300000, 0x00000000ba300000|100%| S|CS|TAMS 0x00000000ba200000, 0x00000000ba200000| Complete 
| 931|0x00000000ba300000, 0x00000000ba400000, 0x00000000ba400000|100%| S|CS|TAMS 0x00000000ba300000, 0x00000000ba300000| Complete 
| 932|0x00000000ba400000, 0x00000000ba500000, 0x00000000ba500000|100%| S|CS|TAMS 0x00000000ba400000, 0x00000000ba400000| Complete 
| 933|0x00000000ba500000, 0x00000000ba600000, 0x00000000ba600000|100%| S|CS|TAMS 0x00000000ba500000, 0x00000000ba500000| Complete 
| 934|0x00000000ba600000, 0x00000000ba700000, 0x00000000ba700000|100%| S|CS|TAMS 0x00000000ba600000, 0x00000000ba600000| Complete 
| 935|0x00000000ba700000, 0x00000000ba800000, 0x00000000ba800000|100%| S|CS|TAMS 0x00000000ba700000, 0x00000000ba700000| Complete 
| 936|0x00000000ba800000, 0x00000000ba900000, 0x00000000ba900000|100%| S|CS|TAMS 0x00000000ba800000, 0x00000000ba800000| Complete 
| 937|0x00000000ba900000, 0x00000000baa00000, 0x00000000baa00000|100%| S|CS|TAMS 0x00000000ba900000, 0x00000000ba900000| Complete 
| 938|0x00000000baa00000, 0x00000000bab00000, 0x00000000bab00000|100%| S|CS|TAMS 0x00000000baa00000, 0x00000000baa00000| Complete 
| 939|0x00000000bab00000, 0x00000000bac00000, 0x00000000bac00000|100%| S|CS|TAMS 0x00000000bab00000, 0x00000000bab00000| Complete 
| 940|0x00000000bac00000, 0x00000000bad00000, 0x00000000bad00000|100%| S|CS|TAMS 0x00000000bac00000, 0x00000000bac00000| Complete 
| 941|0x00000000bad00000, 0x00000000bae00000, 0x00000000bae00000|100%| S|CS|TAMS 0x00000000bad00000, 0x00000000bad00000| Complete 
| 942|0x00000000bae00000, 0x00000000baf00000, 0x00000000baf00000|100%| S|CS|TAMS 0x00000000bae00000, 0x00000000bae00000| Complete 
| 943|0x00000000baf00000, 0x00000000bb000000, 0x00000000bb000000|100%| S|CS|TAMS 0x00000000baf00000, 0x00000000baf00000| Complete 
| 944|0x00000000bb000000, 0x00000000bb100000, 0x00000000bb100000|100%| S|CS|TAMS 0x00000000bb000000, 0x00000000bb000000| Complete 
| 945|0x00000000bb100000, 0x00000000bb200000, 0x00000000bb200000|100%| S|CS|TAMS 0x00000000bb100000, 0x00000000bb100000| Complete 
| 946|0x00000000bb200000, 0x00000000bb300000, 0x00000000bb300000|100%| S|CS|TAMS 0x00000000bb200000, 0x00000000bb200000| Complete 
| 947|0x00000000bb300000, 0x00000000bb400000, 0x00000000bb400000|100%| S|CS|TAMS 0x00000000bb300000, 0x00000000bb300000| Complete 
| 948|0x00000000bb400000, 0x00000000bb500000, 0x00000000bb500000|100%| S|CS|TAMS 0x00000000bb400000, 0x00000000bb400000| Complete 
| 949|0x00000000bb500000, 0x00000000bb600000, 0x00000000bb600000|100%| S|CS|TAMS 0x00000000bb500000, 0x00000000bb500000| Complete 
| 950|0x00000000bb600000, 0x00000000bb700000, 0x00000000bb700000|100%| S|CS|TAMS 0x00000000bb600000, 0x00000000bb600000| Complete 
| 951|0x00000000bb700000, 0x00000000bb800000, 0x00000000bb800000|100%| S|CS|TAMS 0x00000000bb700000, 0x00000000bb700000| Complete 
| 952|0x00000000bb800000, 0x00000000bb900000, 0x00000000bb900000|100%| S|CS|TAMS 0x00000000bb800000, 0x00000000bb800000| Complete 
| 953|0x00000000bb900000, 0x00000000bba00000, 0x00000000bba00000|100%| S|CS|TAMS 0x00000000bb900000, 0x00000000bb900000| Complete 
| 954|0x00000000bba00000, 0x00000000bbb00000, 0x00000000bbb00000|100%| S|CS|TAMS 0x00000000bba00000, 0x00000000bba00000| Complete 
| 955|0x00000000bbb00000, 0x00000000bbc00000, 0x00000000bbc00000|100%| S|CS|TAMS 0x00000000bbb00000, 0x00000000bbb00000| Complete 
| 956|0x00000000bbc00000, 0x00000000bbd00000, 0x00000000bbd00000|100%| S|CS|TAMS 0x00000000bbc00000, 0x00000000bbc00000| Complete 
| 957|0x00000000bbd00000, 0x00000000bbe00000, 0x00000000bbe00000|100%| S|CS|TAMS 0x00000000bbd00000, 0x00000000bbd00000| Complete 
| 958|0x00000000bbe00000, 0x00000000bbe00000, 0x00000000bbf00000|  0%| F|  |TAMS 0x00000000bbe00000, 0x00000000bbe00000| Untracked 
| 959|0x00000000bbf00000, 0x00000000bbf00000, 0x00000000bc000000|  0%| F|  |TAMS 0x00000000bbf00000, 0x00000000bbf00000| Untracked 
| 960|0x00000000bc000000, 0x00000000bc000000, 0x00000000bc100000|  0%| F|  |TAMS 0x00000000bc000000, 0x00000000bc000000| Untracked 
| 961|0x00000000bc100000, 0x00000000bc100000, 0x00000000bc200000|  0%| F|  |TAMS 0x00000000bc100000, 0x00000000bc100000| Untracked 
| 962|0x00000000bc200000, 0x00000000bc200000, 0x00000000bc300000|  0%| F|  |TAMS 0x00000000bc200000, 0x00000000bc200000| Untracked 
| 963|0x00000000bc300000, 0x00000000bc300000, 0x00000000bc400000|  0%| F|  |TAMS 0x00000000bc300000, 0x00000000bc300000| Untracked 
| 964|0x00000000bc400000, 0x00000000bc400000, 0x00000000bc500000|  0%| F|  |TAMS 0x00000000bc400000, 0x00000000bc400000| Untracked 
| 965|0x00000000bc500000, 0x00000000bc500000, 0x00000000bc600000|  0%| F|  |TAMS 0x00000000bc500000, 0x00000000bc500000| Untracked 
| 966|0x00000000bc600000, 0x00000000bc600000, 0x00000000bc700000|  0%| F|  |TAMS 0x00000000bc600000, 0x00000000bc600000| Untracked 
| 967|0x00000000bc700000, 0x00000000bc700000, 0x00000000bc800000|  0%| F|  |TAMS 0x00000000bc700000, 0x00000000bc700000| Untracked 
| 968|0x00000000bc800000, 0x00000000bc800000, 0x00000000bc900000|  0%| F|  |TAMS 0x00000000bc800000, 0x00000000bc800000| Untracked 
| 969|0x00000000bc900000, 0x00000000bc900000, 0x00000000bca00000|  0%| F|  |TAMS 0x00000000bc900000, 0x00000000bc900000| Untracked 
| 970|0x00000000bca00000, 0x00000000bca00000, 0x00000000bcb00000|  0%| F|  |TAMS 0x00000000bca00000, 0x00000000bca00000| Untracked 
| 971|0x00000000bcb00000, 0x00000000bcb00000, 0x00000000bcc00000|  0%| F|  |TAMS 0x00000000bcb00000, 0x00000000bcb00000| Untracked 
| 972|0x00000000bcc00000, 0x00000000bcc00000, 0x00000000bcd00000|  0%| F|  |TAMS 0x00000000bcc00000, 0x00000000bcc00000| Untracked 
| 973|0x00000000bcd00000, 0x00000000bcd00000, 0x00000000bce00000|  0%| F|  |TAMS 0x00000000bcd00000, 0x00000000bcd00000| Untracked 
| 974|0x00000000bce00000, 0x00000000bce00000, 0x00000000bcf00000|  0%| F|  |TAMS 0x00000000bce00000, 0x00000000bce00000| Untracked 
| 975|0x00000000bcf00000, 0x00000000bcf00000, 0x00000000bd000000|  0%| F|  |TAMS 0x00000000bcf00000, 0x00000000bcf00000| Untracked 
| 976|0x00000000bd000000, 0x00000000bd000000, 0x00000000bd100000|  0%| F|  |TAMS 0x00000000bd000000, 0x00000000bd000000| Untracked 
| 977|0x00000000bd100000, 0x00000000bd100000, 0x00000000bd200000|  0%| F|  |TAMS 0x00000000bd100000, 0x00000000bd100000| Untracked 
| 978|0x00000000bd200000, 0x00000000bd200000, 0x00000000bd300000|  0%| F|  |TAMS 0x00000000bd200000, 0x00000000bd200000| Untracked 
| 979|0x00000000bd300000, 0x00000000bd300000, 0x00000000bd400000|  0%| F|  |TAMS 0x00000000bd300000, 0x00000000bd300000| Untracked 
| 980|0x00000000bd400000, 0x00000000bd400000, 0x00000000bd500000|  0%| F|  |TAMS 0x00000000bd400000, 0x00000000bd400000| Untracked 
| 981|0x00000000bd500000, 0x00000000bd500000, 0x00000000bd600000|  0%| F|  |TAMS 0x00000000bd500000, 0x00000000bd500000| Untracked 
| 982|0x00000000bd600000, 0x00000000bd600000, 0x00000000bd700000|  0%| F|  |TAMS 0x00000000bd600000, 0x00000000bd600000| Untracked 
| 983|0x00000000bd700000, 0x00000000bd700000, 0x00000000bd800000|  0%| F|  |TAMS 0x00000000bd700000, 0x00000000bd700000| Untracked 
| 984|0x00000000bd800000, 0x00000000bd800000, 0x00000000bd900000|  0%| F|  |TAMS 0x00000000bd800000, 0x00000000bd800000| Untracked 
| 985|0x00000000bd900000, 0x00000000bd900000, 0x00000000bda00000|  0%| F|  |TAMS 0x00000000bd900000, 0x00000000bd900000| Untracked 
| 986|0x00000000bda00000, 0x00000000bda00000, 0x00000000bdb00000|  0%| F|  |TAMS 0x00000000bda00000, 0x00000000bda00000| Untracked 
| 987|0x00000000bdb00000, 0x00000000bdb00000, 0x00000000bdc00000|  0%| F|  |TAMS 0x00000000bdb00000, 0x00000000bdb00000| Untracked 
| 988|0x00000000bdc00000, 0x00000000bdc00000, 0x00000000bdd00000|  0%| F|  |TAMS 0x00000000bdc00000, 0x00000000bdc00000| Untracked 
| 989|0x00000000bdd00000, 0x00000000bdd00000, 0x00000000bde00000|  0%| F|  |TAMS 0x00000000bdd00000, 0x00000000bdd00000| Untracked 
| 990|0x00000000bde00000, 0x00000000bde00000, 0x00000000bdf00000|  0%| F|  |TAMS 0x00000000bde00000, 0x00000000bde00000| Untracked 
| 991|0x00000000bdf00000, 0x00000000bdf00000, 0x00000000be000000|  0%| F|  |TAMS 0x00000000bdf00000, 0x00000000bdf00000| Untracked 
| 992|0x00000000be000000, 0x00000000be000000, 0x00000000be100000|  0%| F|  |TAMS 0x00000000be000000, 0x00000000be000000| Untracked 
| 993|0x00000000be100000, 0x00000000be100000, 0x00000000be200000|  0%| F|  |TAMS 0x00000000be100000, 0x00000000be100000| Untracked 
| 994|0x00000000be200000, 0x00000000be200000, 0x00000000be300000|  0%| F|  |TAMS 0x00000000be200000, 0x00000000be200000| Untracked 
| 995|0x00000000be300000, 0x00000000be300000, 0x00000000be400000|  0%| F|  |TAMS 0x00000000be300000, 0x00000000be300000| Untracked 
| 996|0x00000000be400000, 0x00000000be400000, 0x00000000be500000|  0%| F|  |TAMS 0x00000000be400000, 0x00000000be400000| Untracked 
| 997|0x00000000be500000, 0x00000000be500000, 0x00000000be600000|  0%| F|  |TAMS 0x00000000be500000, 0x00000000be500000| Untracked 
| 998|0x00000000be600000, 0x00000000be600000, 0x00000000be700000|  0%| F|  |TAMS 0x00000000be600000, 0x00000000be600000| Untracked 
| 999|0x00000000be700000, 0x00000000be700000, 0x00000000be800000|  0%| F|  |TAMS 0x00000000be700000, 0x00000000be700000| Untracked 
|1000|0x00000000be800000, 0x00000000be800000, 0x00000000be900000|  0%| F|  |TAMS 0x00000000be800000, 0x00000000be800000| Untracked 
|1001|0x00000000be900000, 0x00000000be900000, 0x00000000bea00000|  0%| F|  |TAMS 0x00000000be900000, 0x00000000be900000| Untracked 
|1002|0x00000000bea00000, 0x00000000bea00000, 0x00000000beb00000|  0%| F|  |TAMS 0x00000000bea00000, 0x00000000bea00000| Untracked 
|1003|0x00000000beb00000, 0x00000000beb00000, 0x00000000bec00000|  0%| F|  |TAMS 0x00000000beb00000, 0x00000000beb00000| Untracked 
|1004|0x00000000bec00000, 0x00000000bec00000, 0x00000000bed00000|  0%| F|  |TAMS 0x00000000bec00000, 0x00000000bec00000| Untracked 
|1005|0x00000000bed00000, 0x00000000bed00000, 0x00000000bee00000|  0%| F|  |TAMS 0x00000000bed00000, 0x00000000bed00000| Untracked 
|1006|0x00000000bee00000, 0x00000000bee00000, 0x00000000bef00000|  0%| F|  |TAMS 0x00000000bee00000, 0x00000000bee00000| Untracked 
|1007|0x00000000bef00000, 0x00000000bef00000, 0x00000000bf000000|  0%| F|  |TAMS 0x00000000bef00000, 0x00000000bef00000| Untracked 
|1008|0x00000000bf000000, 0x00000000bf000000, 0x00000000bf100000|  0%| F|  |TAMS 0x00000000bf000000, 0x00000000bf000000| Untracked 
|1009|0x00000000bf100000, 0x00000000bf100000, 0x00000000bf200000|  0%| F|  |TAMS 0x00000000bf100000, 0x00000000bf100000| Untracked 
|1010|0x00000000bf200000, 0x00000000bf200000, 0x00000000bf300000|  0%| F|  |TAMS 0x00000000bf200000, 0x00000000bf200000| Untracked 
|1011|0x00000000bf300000, 0x00000000bf300000, 0x00000000bf400000|  0%| F|  |TAMS 0x00000000bf300000, 0x00000000bf300000| Untracked 
|1012|0x00000000bf400000, 0x00000000bf400000, 0x00000000bf500000|  0%| F|  |TAMS 0x00000000bf400000, 0x00000000bf400000| Untracked 
|1013|0x00000000bf500000, 0x00000000bf500000, 0x00000000bf600000|  0%| F|  |TAMS 0x00000000bf500000, 0x00000000bf500000| Untracked 
|1014|0x00000000bf600000, 0x00000000bf600000, 0x00000000bf700000|  0%| F|  |TAMS 0x00000000bf600000, 0x00000000bf600000| Untracked 
|1015|0x00000000bf700000, 0x00000000bf700000, 0x00000000bf800000|  0%| F|  |TAMS 0x00000000bf700000, 0x00000000bf700000| Untracked 
|1016|0x00000000bf800000, 0x00000000bf800000, 0x00000000bf900000|  0%| F|  |TAMS 0x00000000bf800000, 0x00000000bf800000| Untracked 
|1017|0x00000000bf900000, 0x00000000bf900000, 0x00000000bfa00000|  0%| F|  |TAMS 0x00000000bf900000, 0x00000000bf900000| Untracked 
|1018|0x00000000bfa00000, 0x00000000bfa00000, 0x00000000bfb00000|  0%| F|  |TAMS 0x00000000bfa00000, 0x00000000bfa00000| Untracked 
|1019|0x00000000bfb00000, 0x00000000bfb00000, 0x00000000bfc00000|  0%| F|  |TAMS 0x00000000bfb00000, 0x00000000bfb00000| Untracked 
|1020|0x00000000bfc00000, 0x00000000bfc00000, 0x00000000bfd00000|  0%| F|  |TAMS 0x00000000bfc00000, 0x00000000bfc00000| Untracked 
|1021|0x00000000bfd00000, 0x00000000bfd00000, 0x00000000bfe00000|  0%| F|  |TAMS 0x00000000bfd00000, 0x00000000bfd00000| Untracked 
|1022|0x00000000bfe00000, 0x00000000bfe00000, 0x00000000bff00000|  0%| F|  |TAMS 0x00000000bfe00000, 0x00000000bfe00000| Untracked 
|1023|0x00000000bff00000, 0x00000000bff00000, 0x00000000c0000000|  0%| F|  |TAMS 0x00000000bff00000, 0x00000000bff00000| Untracked 
|1024|0x00000000c0000000, 0x00000000c0000000, 0x00000000c0100000|  0%| F|  |TAMS 0x00000000c0000000, 0x00000000c0000000| Untracked 
|1025|0x00000000c0100000, 0x00000000c0100000, 0x00000000c0200000|  0%| F|  |TAMS 0x00000000c0100000, 0x00000000c0100000| Untracked 
|1026|0x00000000c0200000, 0x00000000c0200000, 0x00000000c0300000|  0%| F|  |TAMS 0x00000000c0200000, 0x00000000c0200000| Untracked 
|1027|0x00000000c0300000, 0x00000000c0300000, 0x00000000c0400000|  0%| F|  |TAMS 0x00000000c0300000, 0x00000000c0300000| Untracked 
|1028|0x00000000c0400000, 0x00000000c0400000, 0x00000000c0500000|  0%| F|  |TAMS 0x00000000c0400000, 0x00000000c0400000| Untracked 
|1029|0x00000000c0500000, 0x00000000c0500000, 0x00000000c0600000|  0%| F|  |TAMS 0x00000000c0500000, 0x00000000c0500000| Untracked 
|1030|0x00000000c0600000, 0x00000000c0600000, 0x00000000c0700000|  0%| F|  |TAMS 0x00000000c0600000, 0x00000000c0600000| Untracked 
|1031|0x00000000c0700000, 0x00000000c0700000, 0x00000000c0800000|  0%| F|  |TAMS 0x00000000c0700000, 0x00000000c0700000| Untracked 
|1032|0x00000000c0800000, 0x00000000c0800000, 0x00000000c0900000|  0%| F|  |TAMS 0x00000000c0800000, 0x00000000c0800000| Untracked 
|1033|0x00000000c0900000, 0x00000000c0900000, 0x00000000c0a00000|  0%| F|  |TAMS 0x00000000c0900000, 0x00000000c0900000| Untracked 
|1034|0x00000000c0a00000, 0x00000000c0a00000, 0x00000000c0b00000|  0%| F|  |TAMS 0x00000000c0a00000, 0x00000000c0a00000| Untracked 
|1035|0x00000000c0b00000, 0x00000000c0b00000, 0x00000000c0c00000|  0%| F|  |TAMS 0x00000000c0b00000, 0x00000000c0b00000| Untracked 
|1036|0x00000000c0c00000, 0x00000000c0c00000, 0x00000000c0d00000|  0%| F|  |TAMS 0x00000000c0c00000, 0x00000000c0c00000| Untracked 
|1037|0x00000000c0d00000, 0x00000000c0d00000, 0x00000000c0e00000|  0%| F|  |TAMS 0x00000000c0d00000, 0x00000000c0d00000| Untracked 
|1038|0x00000000c0e00000, 0x00000000c0e00000, 0x00000000c0f00000|  0%| F|  |TAMS 0x00000000c0e00000, 0x00000000c0e00000| Untracked 
|1039|0x00000000c0f00000, 0x00000000c0f00000, 0x00000000c1000000|  0%| F|  |TAMS 0x00000000c0f00000, 0x00000000c0f00000| Untracked 
|1040|0x00000000c1000000, 0x00000000c1000000, 0x00000000c1100000|  0%| F|  |TAMS 0x00000000c1000000, 0x00000000c1000000| Untracked 
|1041|0x00000000c1100000, 0x00000000c1100000, 0x00000000c1200000|  0%| F|  |TAMS 0x00000000c1100000, 0x00000000c1100000| Untracked 
|1042|0x00000000c1200000, 0x00000000c1200000, 0x00000000c1300000|  0%| F|  |TAMS 0x00000000c1200000, 0x00000000c1200000| Untracked 
|1043|0x00000000c1300000, 0x00000000c1300000, 0x00000000c1400000|  0%| F|  |TAMS 0x00000000c1300000, 0x00000000c1300000| Untracked 
|1044|0x00000000c1400000, 0x00000000c1400000, 0x00000000c1500000|  0%| F|  |TAMS 0x00000000c1400000, 0x00000000c1400000| Untracked 
|1045|0x00000000c1500000, 0x00000000c1500000, 0x00000000c1600000|  0%| F|  |TAMS 0x00000000c1500000, 0x00000000c1500000| Untracked 
|1046|0x00000000c1600000, 0x00000000c1600000, 0x00000000c1700000|  0%| F|  |TAMS 0x00000000c1600000, 0x00000000c1600000| Untracked 
|1047|0x00000000c1700000, 0x00000000c1700000, 0x00000000c1800000|  0%| F|  |TAMS 0x00000000c1700000, 0x00000000c1700000| Untracked 
|1048|0x00000000c1800000, 0x00000000c1800000, 0x00000000c1900000|  0%| F|  |TAMS 0x00000000c1800000, 0x00000000c1800000| Untracked 
|1049|0x00000000c1900000, 0x00000000c1900000, 0x00000000c1a00000|  0%| F|  |TAMS 0x00000000c1900000, 0x00000000c1900000| Untracked 
|1050|0x00000000c1a00000, 0x00000000c1a00000, 0x00000000c1b00000|  0%| F|  |TAMS 0x00000000c1a00000, 0x00000000c1a00000| Untracked 
|1051|0x00000000c1b00000, 0x00000000c1b00000, 0x00000000c1c00000|  0%| F|  |TAMS 0x00000000c1b00000, 0x00000000c1b00000| Untracked 
|1052|0x00000000c1c00000, 0x00000000c1c00000, 0x00000000c1d00000|  0%| F|  |TAMS 0x00000000c1c00000, 0x00000000c1c00000| Untracked 
|1053|0x00000000c1d00000, 0x00000000c1d00000, 0x00000000c1e00000|  0%| F|  |TAMS 0x00000000c1d00000, 0x00000000c1d00000| Untracked 
|1054|0x00000000c1e00000, 0x00000000c1e00000, 0x00000000c1f00000|  0%| F|  |TAMS 0x00000000c1e00000, 0x00000000c1e00000| Untracked 
|1055|0x00000000c1f00000, 0x00000000c1f00000, 0x00000000c2000000|  0%| F|  |TAMS 0x00000000c1f00000, 0x00000000c1f00000| Untracked 
|1056|0x00000000c2000000, 0x00000000c2000000, 0x00000000c2100000|  0%| F|  |TAMS 0x00000000c2000000, 0x00000000c2000000| Untracked 
|1057|0x00000000c2100000, 0x00000000c2100000, 0x00000000c2200000|  0%| F|  |TAMS 0x00000000c2100000, 0x00000000c2100000| Untracked 
|1058|0x00000000c2200000, 0x00000000c2200000, 0x00000000c2300000|  0%| F|  |TAMS 0x00000000c2200000, 0x00000000c2200000| Untracked 
|1059|0x00000000c2300000, 0x00000000c2300000, 0x00000000c2400000|  0%| F|  |TAMS 0x00000000c2300000, 0x00000000c2300000| Untracked 
|1060|0x00000000c2400000, 0x00000000c2400000, 0x00000000c2500000|  0%| F|  |TAMS 0x00000000c2400000, 0x00000000c2400000| Untracked 
|1061|0x00000000c2500000, 0x00000000c2500000, 0x00000000c2600000|  0%| F|  |TAMS 0x00000000c2500000, 0x00000000c2500000| Untracked 
|1062|0x00000000c2600000, 0x00000000c2600000, 0x00000000c2700000|  0%| F|  |TAMS 0x00000000c2600000, 0x00000000c2600000| Untracked 
|1063|0x00000000c2700000, 0x00000000c2700000, 0x00000000c2800000|  0%| F|  |TAMS 0x00000000c2700000, 0x00000000c2700000| Untracked 
|1064|0x00000000c2800000, 0x00000000c2800000, 0x00000000c2900000|  0%| F|  |TAMS 0x00000000c2800000, 0x00000000c2800000| Untracked 
|1065|0x00000000c2900000, 0x00000000c2900000, 0x00000000c2a00000|  0%| F|  |TAMS 0x00000000c2900000, 0x00000000c2900000| Untracked 
|1066|0x00000000c2a00000, 0x00000000c2a00000, 0x00000000c2b00000|  0%| F|  |TAMS 0x00000000c2a00000, 0x00000000c2a00000| Untracked 
|1067|0x00000000c2b00000, 0x00000000c2b00000, 0x00000000c2c00000|  0%| F|  |TAMS 0x00000000c2b00000, 0x00000000c2b00000| Untracked 
|1068|0x00000000c2c00000, 0x00000000c2c00000, 0x00000000c2d00000|  0%| F|  |TAMS 0x00000000c2c00000, 0x00000000c2c00000| Untracked 
|1069|0x00000000c2d00000, 0x00000000c2d00000, 0x00000000c2e00000|  0%| F|  |TAMS 0x00000000c2d00000, 0x00000000c2d00000| Untracked 
|1070|0x00000000c2e00000, 0x00000000c2e00000, 0x00000000c2f00000|  0%| F|  |TAMS 0x00000000c2e00000, 0x00000000c2e00000| Untracked 
|1071|0x00000000c2f00000, 0x00000000c2f00000, 0x00000000c3000000|  0%| F|  |TAMS 0x00000000c2f00000, 0x00000000c2f00000| Untracked 
|1072|0x00000000c3000000, 0x00000000c3000000, 0x00000000c3100000|  0%| F|  |TAMS 0x00000000c3000000, 0x00000000c3000000| Untracked 
|1073|0x00000000c3100000, 0x00000000c3100000, 0x00000000c3200000|  0%| F|  |TAMS 0x00000000c3100000, 0x00000000c3100000| Untracked 
|1074|0x00000000c3200000, 0x00000000c3200000, 0x00000000c3300000|  0%| F|  |TAMS 0x00000000c3200000, 0x00000000c3200000| Untracked 
|1075|0x00000000c3300000, 0x00000000c3300000, 0x00000000c3400000|  0%| F|  |TAMS 0x00000000c3300000, 0x00000000c3300000| Untracked 
|1076|0x00000000c3400000, 0x00000000c3400000, 0x00000000c3500000|  0%| F|  |TAMS 0x00000000c3400000, 0x00000000c3400000| Untracked 
|1077|0x00000000c3500000, 0x00000000c3500000, 0x00000000c3600000|  0%| F|  |TAMS 0x00000000c3500000, 0x00000000c3500000| Untracked 
|1078|0x00000000c3600000, 0x00000000c3600000, 0x00000000c3700000|  0%| F|  |TAMS 0x00000000c3600000, 0x00000000c3600000| Untracked 
|1079|0x00000000c3700000, 0x00000000c3700000, 0x00000000c3800000|  0%| F|  |TAMS 0x00000000c3700000, 0x00000000c3700000| Untracked 
|1080|0x00000000c3800000, 0x00000000c3800000, 0x00000000c3900000|  0%| F|  |TAMS 0x00000000c3800000, 0x00000000c3800000| Untracked 
|1081|0x00000000c3900000, 0x00000000c3900000, 0x00000000c3a00000|  0%| F|  |TAMS 0x00000000c3900000, 0x00000000c3900000| Untracked 
|1082|0x00000000c3a00000, 0x00000000c3a00000, 0x00000000c3b00000|  0%| F|  |TAMS 0x00000000c3a00000, 0x00000000c3a00000| Untracked 
|1083|0x00000000c3b00000, 0x00000000c3b00000, 0x00000000c3c00000|  0%| F|  |TAMS 0x00000000c3b00000, 0x00000000c3b00000| Untracked 
|1084|0x00000000c3c00000, 0x00000000c3c00000, 0x00000000c3d00000|  0%| F|  |TAMS 0x00000000c3c00000, 0x00000000c3c00000| Untracked 
|1085|0x00000000c3d00000, 0x00000000c3d00000, 0x00000000c3e00000|  0%| F|  |TAMS 0x00000000c3d00000, 0x00000000c3d00000| Untracked 
|1086|0x00000000c3e00000, 0x00000000c3e00000, 0x00000000c3f00000|  0%| F|  |TAMS 0x00000000c3e00000, 0x00000000c3e00000| Untracked 
|1087|0x00000000c3f00000, 0x00000000c3f00000, 0x00000000c4000000|  0%| F|  |TAMS 0x00000000c3f00000, 0x00000000c3f00000| Untracked 
|1088|0x00000000c4000000, 0x00000000c4000000, 0x00000000c4100000|  0%| F|  |TAMS 0x00000000c4000000, 0x00000000c4000000| Untracked 
|1089|0x00000000c4100000, 0x00000000c4100000, 0x00000000c4200000|  0%| F|  |TAMS 0x00000000c4100000, 0x00000000c4100000| Untracked 
|1090|0x00000000c4200000, 0x00000000c4200000, 0x00000000c4300000|  0%| F|  |TAMS 0x00000000c4200000, 0x00000000c4200000| Untracked 
|1091|0x00000000c4300000, 0x00000000c4300000, 0x00000000c4400000|  0%| F|  |TAMS 0x00000000c4300000, 0x00000000c4300000| Untracked 
|1092|0x00000000c4400000, 0x00000000c4400000, 0x00000000c4500000|  0%| F|  |TAMS 0x00000000c4400000, 0x00000000c4400000| Untracked 
|1093|0x00000000c4500000, 0x00000000c4500000, 0x00000000c4600000|  0%| F|  |TAMS 0x00000000c4500000, 0x00000000c4500000| Untracked 
|1094|0x00000000c4600000, 0x00000000c4600000, 0x00000000c4700000|  0%| F|  |TAMS 0x00000000c4600000, 0x00000000c4600000| Untracked 
|1095|0x00000000c4700000, 0x00000000c4700000, 0x00000000c4800000|  0%| F|  |TAMS 0x00000000c4700000, 0x00000000c4700000| Untracked 
|1096|0x00000000c4800000, 0x00000000c4800000, 0x00000000c4900000|  0%| F|  |TAMS 0x00000000c4800000, 0x00000000c4800000| Untracked 
|1097|0x00000000c4900000, 0x00000000c4900000, 0x00000000c4a00000|  0%| F|  |TAMS 0x00000000c4900000, 0x00000000c4900000| Untracked 
|1098|0x00000000c4a00000, 0x00000000c4a00000, 0x00000000c4b00000|  0%| F|  |TAMS 0x00000000c4a00000, 0x00000000c4a00000| Untracked 
|1099|0x00000000c4b00000, 0x00000000c4b00000, 0x00000000c4c00000|  0%| F|  |TAMS 0x00000000c4b00000, 0x00000000c4b00000| Untracked 
|1100|0x00000000c4c00000, 0x00000000c4c00000, 0x00000000c4d00000|  0%| F|  |TAMS 0x00000000c4c00000, 0x00000000c4c00000| Untracked 
|1101|0x00000000c4d00000, 0x00000000c4d00000, 0x00000000c4e00000|  0%| F|  |TAMS 0x00000000c4d00000, 0x00000000c4d00000| Untracked 
|1102|0x00000000c4e00000, 0x00000000c4e00000, 0x00000000c4f00000|  0%| F|  |TAMS 0x00000000c4e00000, 0x00000000c4e00000| Untracked 
|1103|0x00000000c4f00000, 0x00000000c4f00000, 0x00000000c5000000|  0%| F|  |TAMS 0x00000000c4f00000, 0x00000000c4f00000| Untracked 
|1104|0x00000000c5000000, 0x00000000c5000000, 0x00000000c5100000|  0%| F|  |TAMS 0x00000000c5000000, 0x00000000c5000000| Untracked 
|1105|0x00000000c5100000, 0x00000000c5100000, 0x00000000c5200000|  0%| F|  |TAMS 0x00000000c5100000, 0x00000000c5100000| Untracked 
|1106|0x00000000c5200000, 0x00000000c5200000, 0x00000000c5300000|  0%| F|  |TAMS 0x00000000c5200000, 0x00000000c5200000| Untracked 
|1107|0x00000000c5300000, 0x00000000c5300000, 0x00000000c5400000|  0%| F|  |TAMS 0x00000000c5300000, 0x00000000c5300000| Untracked 
|1108|0x00000000c5400000, 0x00000000c5400000, 0x00000000c5500000|  0%| F|  |TAMS 0x00000000c5400000, 0x00000000c5400000| Untracked 
|1109|0x00000000c5500000, 0x00000000c5500000, 0x00000000c5600000|  0%| F|  |TAMS 0x00000000c5500000, 0x00000000c5500000| Untracked 
|1110|0x00000000c5600000, 0x00000000c5600000, 0x00000000c5700000|  0%| F|  |TAMS 0x00000000c5600000, 0x00000000c5600000| Untracked 
|1111|0x00000000c5700000, 0x00000000c5700000, 0x00000000c5800000|  0%| F|  |TAMS 0x00000000c5700000, 0x00000000c5700000| Untracked 
|1112|0x00000000c5800000, 0x00000000c5800000, 0x00000000c5900000|  0%| F|  |TAMS 0x00000000c5800000, 0x00000000c5800000| Untracked 
|1113|0x00000000c5900000, 0x00000000c5900000, 0x00000000c5a00000|  0%| F|  |TAMS 0x00000000c5900000, 0x00000000c5900000| Untracked 
|1114|0x00000000c5a00000, 0x00000000c5a00000, 0x00000000c5b00000|  0%| F|  |TAMS 0x00000000c5a00000, 0x00000000c5a00000| Untracked 
|1115|0x00000000c5b00000, 0x00000000c5b00000, 0x00000000c5c00000|  0%| F|  |TAMS 0x00000000c5b00000, 0x00000000c5b00000| Untracked 
|1116|0x00000000c5c00000, 0x00000000c5c00000, 0x00000000c5d00000|  0%| F|  |TAMS 0x00000000c5c00000, 0x00000000c5c00000| Untracked 
|1117|0x00000000c5d00000, 0x00000000c5d00000, 0x00000000c5e00000|  0%| F|  |TAMS 0x00000000c5d00000, 0x00000000c5d00000| Untracked 
|1118|0x00000000c5e00000, 0x00000000c5e00000, 0x00000000c5f00000|  0%| F|  |TAMS 0x00000000c5e00000, 0x00000000c5e00000| Untracked 
|1119|0x00000000c5f00000, 0x00000000c5f00000, 0x00000000c6000000|  0%| F|  |TAMS 0x00000000c5f00000, 0x00000000c5f00000| Untracked 
|1120|0x00000000c6000000, 0x00000000c6000000, 0x00000000c6100000|  0%| F|  |TAMS 0x00000000c6000000, 0x00000000c6000000| Untracked 
|1121|0x00000000c6100000, 0x00000000c6100000, 0x00000000c6200000|  0%| F|  |TAMS 0x00000000c6100000, 0x00000000c6100000| Untracked 
|1122|0x00000000c6200000, 0x00000000c6200000, 0x00000000c6300000|  0%| F|  |TAMS 0x00000000c6200000, 0x00000000c6200000| Untracked 
|1123|0x00000000c6300000, 0x00000000c6300000, 0x00000000c6400000|  0%| F|  |TAMS 0x00000000c6300000, 0x00000000c6300000| Untracked 
|1124|0x00000000c6400000, 0x00000000c6400000, 0x00000000c6500000|  0%| F|  |TAMS 0x00000000c6400000, 0x00000000c6400000| Untracked 
|1125|0x00000000c6500000, 0x00000000c6500000, 0x00000000c6600000|  0%| F|  |TAMS 0x00000000c6500000, 0x00000000c6500000| Untracked 
|1126|0x00000000c6600000, 0x00000000c6600000, 0x00000000c6700000|  0%| F|  |TAMS 0x00000000c6600000, 0x00000000c6600000| Untracked 
|1127|0x00000000c6700000, 0x00000000c6700000, 0x00000000c6800000|  0%| F|  |TAMS 0x00000000c6700000, 0x00000000c6700000| Untracked 
|1128|0x00000000c6800000, 0x00000000c6800000, 0x00000000c6900000|  0%| F|  |TAMS 0x00000000c6800000, 0x00000000c6800000| Untracked 
|1129|0x00000000c6900000, 0x00000000c6900000, 0x00000000c6a00000|  0%| F|  |TAMS 0x00000000c6900000, 0x00000000c6900000| Untracked 
|1130|0x00000000c6a00000, 0x00000000c6a00000, 0x00000000c6b00000|  0%| F|  |TAMS 0x00000000c6a00000, 0x00000000c6a00000| Untracked 
|1131|0x00000000c6b00000, 0x00000000c6b00000, 0x00000000c6c00000|  0%| F|  |TAMS 0x00000000c6b00000, 0x00000000c6b00000| Untracked 
|1132|0x00000000c6c00000, 0x00000000c6c00000, 0x00000000c6d00000|  0%| F|  |TAMS 0x00000000c6c00000, 0x00000000c6c00000| Untracked 
|1133|0x00000000c6d00000, 0x00000000c6d00000, 0x00000000c6e00000|  0%| F|  |TAMS 0x00000000c6d00000, 0x00000000c6d00000| Untracked 
|1134|0x00000000c6e00000, 0x00000000c6e00000, 0x00000000c6f00000|  0%| F|  |TAMS 0x00000000c6e00000, 0x00000000c6e00000| Untracked 
|1135|0x00000000c6f00000, 0x00000000c6f00000, 0x00000000c7000000|  0%| F|  |TAMS 0x00000000c6f00000, 0x00000000c6f00000| Untracked 
|1136|0x00000000c7000000, 0x00000000c7000000, 0x00000000c7100000|  0%| F|  |TAMS 0x00000000c7000000, 0x00000000c7000000| Untracked 
|1137|0x00000000c7100000, 0x00000000c7100000, 0x00000000c7200000|  0%| F|  |TAMS 0x00000000c7100000, 0x00000000c7100000| Untracked 
|1138|0x00000000c7200000, 0x00000000c7200000, 0x00000000c7300000|  0%| F|  |TAMS 0x00000000c7200000, 0x00000000c7200000| Untracked 
|1139|0x00000000c7300000, 0x00000000c7300000, 0x00000000c7400000|  0%| F|  |TAMS 0x00000000c7300000, 0x00000000c7300000| Untracked 
|1140|0x00000000c7400000, 0x00000000c7400000, 0x00000000c7500000|  0%| F|  |TAMS 0x00000000c7400000, 0x00000000c7400000| Untracked 
|1141|0x00000000c7500000, 0x00000000c7500000, 0x00000000c7600000|  0%| F|  |TAMS 0x00000000c7500000, 0x00000000c7500000| Untracked 
|1142|0x00000000c7600000, 0x00000000c7600000, 0x00000000c7700000|  0%| F|  |TAMS 0x00000000c7600000, 0x00000000c7600000| Untracked 
|1143|0x00000000c7700000, 0x00000000c7700000, 0x00000000c7800000|  0%| F|  |TAMS 0x00000000c7700000, 0x00000000c7700000| Untracked 
|1144|0x00000000c7800000, 0x00000000c7800000, 0x00000000c7900000|  0%| F|  |TAMS 0x00000000c7800000, 0x00000000c7800000| Untracked 
|1145|0x00000000c7900000, 0x00000000c7900000, 0x00000000c7a00000|  0%| F|  |TAMS 0x00000000c7900000, 0x00000000c7900000| Untracked 
|1146|0x00000000c7a00000, 0x00000000c7a00000, 0x00000000c7b00000|  0%| F|  |TAMS 0x00000000c7a00000, 0x00000000c7a00000| Untracked 
|1147|0x00000000c7b00000, 0x00000000c7b00000, 0x00000000c7c00000|  0%| F|  |TAMS 0x00000000c7b00000, 0x00000000c7b00000| Untracked 
|1148|0x00000000c7c00000, 0x00000000c7c00000, 0x00000000c7d00000|  0%| F|  |TAMS 0x00000000c7c00000, 0x00000000c7c00000| Untracked 
|1149|0x00000000c7d00000, 0x00000000c7d00000, 0x00000000c7e00000|  0%| F|  |TAMS 0x00000000c7d00000, 0x00000000c7d00000| Untracked 
|1150|0x00000000c7e00000, 0x00000000c7e00000, 0x00000000c7f00000|  0%| F|  |TAMS 0x00000000c7e00000, 0x00000000c7e00000| Untracked 
|1151|0x00000000c7f00000, 0x00000000c7f00000, 0x00000000c8000000|  0%| F|  |TAMS 0x00000000c7f00000, 0x00000000c7f00000| Untracked 
|1152|0x00000000c8000000, 0x00000000c8000000, 0x00000000c8100000|  0%| F|  |TAMS 0x00000000c8000000, 0x00000000c8000000| Untracked 
|1153|0x00000000c8100000, 0x00000000c8100000, 0x00000000c8200000|  0%| F|  |TAMS 0x00000000c8100000, 0x00000000c8100000| Untracked 
|1154|0x00000000c8200000, 0x00000000c8200000, 0x00000000c8300000|  0%| F|  |TAMS 0x00000000c8200000, 0x00000000c8200000| Untracked 
|1155|0x00000000c8300000, 0x00000000c8300000, 0x00000000c8400000|  0%| F|  |TAMS 0x00000000c8300000, 0x00000000c8300000| Untracked 
|1156|0x00000000c8400000, 0x00000000c8400000, 0x00000000c8500000|  0%| F|  |TAMS 0x00000000c8400000, 0x00000000c8400000| Untracked 
|1157|0x00000000c8500000, 0x00000000c8500000, 0x00000000c8600000|  0%| F|  |TAMS 0x00000000c8500000, 0x00000000c8500000| Untracked 
|1158|0x00000000c8600000, 0x00000000c8600000, 0x00000000c8700000|  0%| F|  |TAMS 0x00000000c8600000, 0x00000000c8600000| Untracked 
|1159|0x00000000c8700000, 0x00000000c8700000, 0x00000000c8800000|  0%| F|  |TAMS 0x00000000c8700000, 0x00000000c8700000| Untracked 
|1160|0x00000000c8800000, 0x00000000c8800000, 0x00000000c8900000|  0%| F|  |TAMS 0x00000000c8800000, 0x00000000c8800000| Untracked 
|1161|0x00000000c8900000, 0x00000000c8900000, 0x00000000c8a00000|  0%| F|  |TAMS 0x00000000c8900000, 0x00000000c8900000| Untracked 
|1162|0x00000000c8a00000, 0x00000000c8a00000, 0x00000000c8b00000|  0%| F|  |TAMS 0x00000000c8a00000, 0x00000000c8a00000| Untracked 
|1163|0x00000000c8b00000, 0x00000000c8b00000, 0x00000000c8c00000|  0%| F|  |TAMS 0x00000000c8b00000, 0x00000000c8b00000| Untracked 
|1164|0x00000000c8c00000, 0x00000000c8c00000, 0x00000000c8d00000|  0%| F|  |TAMS 0x00000000c8c00000, 0x00000000c8c00000| Untracked 
|1165|0x00000000c8d00000, 0x00000000c8d00000, 0x00000000c8e00000|  0%| F|  |TAMS 0x00000000c8d00000, 0x00000000c8d00000| Untracked 
|1166|0x00000000c8e00000, 0x00000000c8e00000, 0x00000000c8f00000|  0%| F|  |TAMS 0x00000000c8e00000, 0x00000000c8e00000| Untracked 
|1167|0x00000000c8f00000, 0x00000000c8f00000, 0x00000000c9000000|  0%| F|  |TAMS 0x00000000c8f00000, 0x00000000c8f00000| Untracked 
|1168|0x00000000c9000000, 0x00000000c9000000, 0x00000000c9100000|  0%| F|  |TAMS 0x00000000c9000000, 0x00000000c9000000| Untracked 
|1169|0x00000000c9100000, 0x00000000c9100000, 0x00000000c9200000|  0%| F|  |TAMS 0x00000000c9100000, 0x00000000c9100000| Untracked 

Card table byte_map: [0x0000022c1c670000,0x0000022c1ca70000] _byte_map_base: 0x0000022c1c270000

Marking Bits (Prev, Next): (CMBitMap*) 0x0000022c07b3beb0, (CMBitMap*) 0x0000022c07b3bef0
 Prev Bits: [0x0000022c1ce70000, 0x0000022c1ee70000)
 Next Bits: [0x0000022c1ee70000, 0x0000022c20e70000)

Polling page: 0x0000022c07850000

Metaspace:

Usage:
  Non-class:    259.92 MB used.
      Class:     36.90 MB used.
       Both:    296.82 MB used.

Virtual space:
  Non-class space:      320.00 MB reserved,     260.88 MB ( 82%) committed,  5 nodes.
      Class space:        1.00 GB reserved,      37.81 MB (  4%) committed,  1 nodes.
             Both:        1.31 GB reserved,     298.69 MB ( 22%) committed. 

Chunk freelists:
   Non-Class:  11.09 MB
       Class:  10.23 MB
        Both:  21.33 MB

MaxMetaspaceSize: unlimited
CompressedClassSpaceSize: 1.00 GB
Initial GC threshold: 21.00 MB
Current GC threshold: 476.19 MB
CDS: off
MetaspaceReclaimPolicy: balanced
 - commit_granule_bytes: 65536.
 - commit_granule_words: 8192.
 - virtual_space_node_default_size: 8388608.
 - enlarge_chunks_in_place: 1.
 - new_chunks_are_fully_committed: 0.
 - uncommit_free_chunks: 1.
 - use_allocation_guard: 0.
 - handle_deallocations: 1.


Internal statistics:

num_allocs_failed_limit: 15.
num_arena_births: 3310.
num_arena_deaths: 12.
num_vsnodes_births: 6.
num_vsnodes_deaths: 0.
num_space_committed: 5202.
num_space_uncommitted: 430.
num_chunks_returned_to_freelist: 1004.
num_chunks_taken_from_freelist: 16607.
num_chunk_merges: 454.
num_chunk_splits: 11749.
num_chunks_enlarged: 8395.
num_inconsistent_stats: 0.

CodeHeap 'non-profiled nmethods': size=120000Kb used=25449Kb max_used=26404Kb free=94550Kb
 bounds [0x0000022c140b0000, 0x0000022c15a80000, 0x0000022c1b5e0000]
CodeHeap 'profiled nmethods': size=120000Kb used=71884Kb max_used=71884Kb free=48116Kb
 bounds [0x0000022c0c5e0000, 0x0000022c10c20000, 0x0000022c13b10000]
CodeHeap 'non-nmethods': size=5760Kb used=2785Kb max_used=2845Kb free=2975Kb
 bounds [0x0000022c13b10000, 0x0000022c13de0000, 0x0000022c140b0000]
 total_blobs=35505 nmethods=34133 adapters=1281
 compilation: enabled
              stopped_count=0, restarted_count=0
 full_count=0

Compilation events (20 events):
Event: 451.617 Thread 0x0000022c23c50840 nmethod 46490 0x0000022c10c00490 code [0x0000022c10c00640, 0x0000022c10c007a8]
Event: 451.620 Thread 0x0000022c23c50840 46491       2       com.android.tools.r8.graph.A3$a::<init> (32 bytes)
Event: 451.620 Thread 0x0000022c23c50840 nmethod 46491 0x0000022c10c00890 code [0x0000022c10c00a20, 0x0000022c10c00bd8]
Event: 451.680 Thread 0x0000022c23c50840 46494       2       com.android.tools.r8.graph.b4::a (25 bytes)
Event: 451.690 Thread 0x0000022c23c4ff30 nmethod 46465 0x0000022c15a14310 code [0x0000022c15a14640, 0x0000022c15a17490]
Event: 451.756 Thread 0x0000022c23c4ff30 46471       4       com.android.tools.r8.graph.D3::b (716 bytes)
Event: 451.756 Thread 0x0000022c23c50840 nmethod 46494 0x0000022c10c00c90 code [0x0000022c10c00e40, 0x0000022c10c01078]
Event: 451.756 Thread 0x0000022c23c50840 46495       2       com.android.tools.r8.graph.b4$$Lambda$4835/0x00000001025a3c50::<init> (20 bytes)
Event: 451.756 Thread 0x0000022c23c50840 nmethod 46495 0x0000022c10c01190 code [0x0000022c10c01320, 0x0000022c10c01538]
Event: 451.756 Thread 0x0000022c23c50840 46496       2       com.android.tools.r8.graph.b4$$Lambda$4835/0x00000001025a3c50::accept (24 bytes)
Event: 451.756 Thread 0x0000022c23c50840 nmethod 46496 0x0000022c10c01610 code [0x0000022c10c017c0, 0x0000022c10c019a8]
Event: 451.757 Thread 0x0000022c23c50840 46497 %     3       com.android.tools.r8.graph.b4::a @ 220 (414 bytes)
Event: 451.760 Thread 0x0000022c23c50840 nmethod 46497% 0x0000022c10c01a90 code [0x0000022c10c02100, 0x0000022c10c06ec8]
Event: 451.763 Thread 0x0000022c23c50840 46498       2       com.android.tools.r8.graph.b4::a (23 bytes)
Event: 451.764 Thread 0x0000022c23c50840 nmethod 46498 0x0000022c10c08210 code [0x0000022c10c083c0, 0x0000022c10c086f8]
Event: 451.772 Thread 0x0000022c23c50840 46499       3       com.android.tools.r8.graph.b4::a (414 bytes)
Event: 451.774 Thread 0x0000022c23c50840 nmethod 46499 0x0000022c10c08890 code [0x0000022c10c08f00, 0x0000022c10c0db88]
Event: 451.814 Thread 0x0000022c23c50840 46502 %     3       java.util.concurrent.ForkJoinPool$WorkQueue::topLevelExec @ 8 (76 bytes)
Event: 451.814 Thread 0x0000022c23c50840 nmethod 46502% 0x0000022c10c0ed90 code [0x0000022c10c0efa0, 0x0000022c10c0f5b8]
Event: 451.916 Thread 0x0000022c23c50840 46509 %     3       com.android.tools.r8.graph.D3::d @ 25 (455 bytes)

GC Heap History (20 events):
Event: 443.403 GC heap before
{Heap before GC invocations=166 (full 0):
 garbage-first heap   total 915456K, used 771483K [0x0000000080000000, 0x0000000100000000)
  region size 1024K, 282 young (288768K), 6 survivors (6144K)
 Metaspace       used 271220K, committed 272960K, reserved 1310720K
  class space    used 33852K, committed 34688K, reserved 1048576K
}
Event: 443.410 GC heap after
{Heap after GC invocations=167 (full 0):
 garbage-first heap   total 915456K, used 495383K [0x0000000080000000, 0x0000000100000000)
  region size 1024K, 12 young (12288K), 12 survivors (12288K)
 Metaspace       used 271220K, committed 272960K, reserved 1310720K
  class space    used 33852K, committed 34688K, reserved 1048576K
}
Event: 443.818 GC heap before
{Heap before GC invocations=167 (full 0):
 garbage-first heap   total 915456K, used 785175K [0x0000000080000000, 0x0000000100000000)
  region size 1024K, 287 young (293888K), 12 survivors (12288K)
 Metaspace       used 272970K, committed 274688K, reserved 1310720K
  class space    used 34020K, committed 34816K, reserved 1048576K
}
Event: 443.825 GC heap after
{Heap after GC invocations=168 (full 0):
 garbage-first heap   total 915456K, used 503923K [0x0000000080000000, 0x0000000100000000)
  region size 1024K, 19 young (19456K), 19 survivors (19456K)
 Metaspace       used 272970K, committed 274688K, reserved 1310720K
  class space    used 34020K, committed 34816K, reserved 1048576K
}
Event: 445.130 GC heap before
{Heap before GC invocations=168 (full 0):
 garbage-first heap   total 915456K, used 798835K [0x0000000080000000, 0x0000000100000000)
  region size 1024K, 290 young (296960K), 19 survivors (19456K)
 Metaspace       used 276683K, committed 278528K, reserved 1310720K
  class space    used 34517K, committed 35392K, reserved 1048576K
}
Event: 445.139 GC heap after
{Heap after GC invocations=169 (full 0):
 garbage-first heap   total 915456K, used 504011K [0x0000000080000000, 0x0000000100000000)
  region size 1024K, 21 young (21504K), 21 survivors (21504K)
 Metaspace       used 276683K, committed 278528K, reserved 1310720K
  class space    used 34517K, committed 35392K, reserved 1048576K
}
Event: 446.751 GC heap before
{Heap before GC invocations=169 (full 0):
 garbage-first heap   total 915456K, used 788683K [0x0000000080000000, 0x0000000100000000)
  region size 1024K, 297 young (304128K), 21 survivors (21504K)
 Metaspace       used 287424K, committed 289280K, reserved 1310720K
  class space    used 35682K, committed 36544K, reserved 1048576K
}
Event: 446.770 GC heap after
{Heap after GC invocations=170 (full 0):
 garbage-first heap   total 915456K, used 553052K [0x0000000080000000, 0x0000000100000000)
  region size 1024K, 38 young (38912K), 38 survivors (38912K)
 Metaspace       used 287424K, committed 289280K, reserved 1310720K
  class space    used 35682K, committed 36544K, reserved 1048576K
}
Event: 447.030 GC heap before
{Heap before GC invocations=170 (full 0):
 garbage-first heap   total 915456K, used 757852K [0x0000000080000000, 0x0000000100000000)
  region size 1024K, 238 young (243712K), 38 survivors (38912K)
 Metaspace       used 289243K, committed 291072K, reserved 1310720K
  class space    used 35893K, committed 36736K, reserved 1048576K
}
Event: 447.050 GC heap after
{Heap after GC invocations=171 (full 0):
 garbage-first heap   total 915456K, used 633008K [0x0000000080000000, 0x0000000100000000)
  region size 1024K, 30 young (30720K), 30 survivors (30720K)
 Metaspace       used 289243K, committed 291072K, reserved 1310720K
  class space    used 35893K, committed 36736K, reserved 1048576K
}
Event: 447.272 GC heap before
{Heap before GC invocations=171 (full 0):
 garbage-first heap   total 915456K, used 750768K [0x0000000080000000, 0x0000000100000000)
  region size 1024K, 145 young (148480K), 30 survivors (30720K)
 Metaspace       used 290383K, committed 292288K, reserved 1310720K
  class space    used 36015K, committed 36928K, reserved 1048576K
}
Event: 447.284 GC heap after
{Heap after GC invocations=172 (full 0):
 garbage-first heap   total 915456K, used 674304K [0x0000000080000000, 0x0000000100000000)
  region size 1024K, 19 young (19456K), 19 survivors (19456K)
 Metaspace       used 290383K, committed 292288K, reserved 1310720K
  class space    used 36015K, committed 36928K, reserved 1048576K
}
Event: 447.591 GC heap before
{Heap before GC invocations=172 (full 0):
 garbage-first heap   total 1198080K, used 726528K [0x0000000080000000, 0x0000000100000000)
  region size 1024K, 90 young (92160K), 19 survivors (19456K)
 Metaspace       used 290659K, committed 292544K, reserved 1310720K
  class space    used 36034K, committed 36928K, reserved 1048576K
}
Event: 447.602 GC heap after
{Heap after GC invocations=173 (full 0):
 garbage-first heap   total 1198080K, used 675328K [0x0000000080000000, 0x0000000100000000)
  region size 1024K, 12 young (12288K), 12 survivors (12288K)
 Metaspace       used 290659K, committed 292544K, reserved 1310720K
  class space    used 36034K, committed 36928K, reserved 1048576K
}
Event: 451.114 GC heap before
{Heap before GC invocations=174 (full 0):
 garbage-first heap   total 1198080K, used 925184K [0x0000000080000000, 0x0000000100000000)
  region size 1024K, 257 young (263168K), 12 survivors (12288K)
 Metaspace       used 303086K, committed 304960K, reserved 1376256K
  class space    used 37699K, committed 38592K, reserved 1048576K
}
Event: 451.138 GC heap after
{Heap after GC invocations=175 (full 0):
 garbage-first heap   total 1198080K, used 722432K [0x0000000080000000, 0x0000000100000000)
  region size 1024K, 33 young (33792K), 33 survivors (33792K)
 Metaspace       used 303086K, committed 304960K, reserved 1376256K
  class space    used 37699K, committed 38592K, reserved 1048576K
}
Event: 451.263 GC heap before
{Heap before GC invocations=175 (full 0):
 garbage-first heap   total 1198080K, used 748032K [0x0000000080000000, 0x0000000100000000)
  region size 1024K, 58 young (59392K), 33 survivors (33792K)
 Metaspace       used 303177K, committed 305024K, reserved 1376256K
  class space    used 37705K, committed 38592K, reserved 1048576K
}
Event: 451.288 GC heap after
{Heap after GC invocations=176 (full 0):
 garbage-first heap   total 1198080K, used 682478K [0x0000000080000000, 0x0000000100000000)
  region size 1024K, 8 young (8192K), 8 survivors (8192K)
 Metaspace       used 303177K, committed 305024K, reserved 1376256K
  class space    used 37705K, committed 38592K, reserved 1048576K
}
Event: 451.705 GC heap before
{Heap before GC invocations=176 (full 0):
 garbage-first heap   total 1198080K, used 936430K [0x0000000080000000, 0x0000000100000000)
  region size 1024K, 254 young (260096K), 8 survivors (8192K)
 Metaspace       used 303917K, committed 305792K, reserved 1376256K
  class space    used 37779K, committed 38656K, reserved 1048576K
}
Event: 451.755 GC heap after
{Heap after GC invocations=177 (full 0):
 garbage-first heap   total 1198080K, used 737792K [0x0000000080000000, 0x0000000100000000)
  region size 1024K, 32 young (32768K), 32 survivors (32768K)
 Metaspace       used 303917K, committed 305792K, reserved 1376256K
  class space    used 37779K, committed 38656K, reserved 1048576K
}

Dll operation events (3 events):
Event: 0.013 Loaded shared library C:\Program Files\Android\Android Studio\jbr\bin\java.dll
Event: 0.143 Loaded shared library C:\Program Files\Android\Android Studio\jbr\bin\zip.dll
Event: 0.618 Loaded shared library C:\Program Files\Android\Android Studio\jbr\bin\verify.dll

Deoptimization events (20 events):
Event: 451.460 Thread 0x0000022c400eba80 Uncommon trap: trap_request=0xffffff45 fr.pc=0x0000022c151b13a8 relative=0x0000000000000868
Event: 451.460 Thread 0x0000022c400eba80 Uncommon trap: reason=unstable_if action=reinterpret pc=0x0000022c151b13a8 method=com.android.tools.r8.graph.H2.a(Ljava/lang/String;)[B @ 19 c2
Event: 451.460 Thread 0x0000022c400eba80 DEOPT PACKING pc=0x0000022c151b13a8 sp=0x0000002c9f6fdd10
Event: 451.460 Thread 0x0000022c400eba80 DEOPT UNPACKING pc=0x0000022c13b669a3 sp=0x0000002c9f6fdcd0 mode 2
Event: 451.504 Thread 0x0000022c395449c0 Uncommon trap: trap_request=0xffffffbe fr.pc=0x0000022c1568d82c relative=0x0000000000005f4c
Event: 451.504 Thread 0x0000022c395449c0 Uncommon trap: reason=profile_predicate action=maybe_recompile pc=0x0000022c1568d82c method=org.jetbrains.kotlin.cli.jvm.index.JvmDependenciesIndexImpl.search(Lorg/jetbrains/kotlin/cli/jvm/index/JvmDependenciesIndexImpl$SearchRequest;Lkotlin/jvm/functions
Event: 451.504 Thread 0x0000022c395449c0 DEOPT PACKING pc=0x0000022c1568d82c sp=0x0000002c97ff8850
Event: 451.504 Thread 0x0000022c395449c0 DEOPT UNPACKING pc=0x0000022c13b669a3 sp=0x0000002c97ff8840 mode 2
Event: 451.504 Thread 0x0000022c395449c0 Uncommon trap: trap_request=0xffffffbe fr.pc=0x0000022c1568d82c relative=0x0000000000005f4c
Event: 451.504 Thread 0x0000022c395449c0 Uncommon trap: reason=profile_predicate action=maybe_recompile pc=0x0000022c1568d82c method=org.jetbrains.kotlin.cli.jvm.index.JvmDependenciesIndexImpl.search(Lorg/jetbrains/kotlin/cli/jvm/index/JvmDependenciesIndexImpl$SearchRequest;Lkotlin/jvm/functions
Event: 451.504 Thread 0x0000022c395449c0 DEOPT PACKING pc=0x0000022c1568d82c sp=0x0000002c97ff8850
Event: 451.504 Thread 0x0000022c395449c0 DEOPT UNPACKING pc=0x0000022c13b669a3 sp=0x0000002c97ff8840 mode 2
Event: 451.548 Thread 0x0000022c395449c0 Uncommon trap: trap_request=0xffffffbe fr.pc=0x0000022c1568d82c relative=0x0000000000005f4c
Event: 451.548 Thread 0x0000022c395449c0 Uncommon trap: reason=profile_predicate action=maybe_recompile pc=0x0000022c1568d82c method=org.jetbrains.kotlin.cli.jvm.index.JvmDependenciesIndexImpl.search(Lorg/jetbrains/kotlin/cli/jvm/index/JvmDependenciesIndexImpl$SearchRequest;Lkotlin/jvm/functions
Event: 451.548 Thread 0x0000022c395449c0 DEOPT PACKING pc=0x0000022c1568d82c sp=0x0000002c97ff7240
Event: 451.548 Thread 0x0000022c395449c0 DEOPT UNPACKING pc=0x0000022c13b669a3 sp=0x0000002c97ff7230 mode 2
Event: 451.548 Thread 0x0000022c395449c0 Uncommon trap: trap_request=0xffffffbe fr.pc=0x0000022c1568d82c relative=0x0000000000005f4c
Event: 451.548 Thread 0x0000022c395449c0 Uncommon trap: reason=profile_predicate action=maybe_recompile pc=0x0000022c1568d82c method=org.jetbrains.kotlin.cli.jvm.index.JvmDependenciesIndexImpl.search(Lorg/jetbrains/kotlin/cli/jvm/index/JvmDependenciesIndexImpl$SearchRequest;Lkotlin/jvm/functions
Event: 451.548 Thread 0x0000022c395449c0 DEOPT PACKING pc=0x0000022c1568d82c sp=0x0000002c97ff7240
Event: 451.548 Thread 0x0000022c395449c0 DEOPT UNPACKING pc=0x0000022c13b669a3 sp=0x0000002c97ff7230 mode 2

Classes unloaded (20 events):
Event: 431.604 Thread 0x0000022c23b70b80 Unloading class 0x0000000101c2b018 'kotlin/jvm/functions/Function0'
Event: 431.604 Thread 0x0000022c23b70b80 Unloading class 0x0000000101c2adb0 'dagger/spi/internal/shaded/androidx/room/compiler/processing/javac/JavacBasicAnnotationProcessor$2'
Event: 431.604 Thread 0x0000022c23b70b80 Unloading class 0x0000000101c2ab68 'kotlin/jvm/internal/Lambda'
Event: 431.604 Thread 0x0000022c23b70b80 Unloading class 0x0000000101c2a948 'kotlin/jvm/internal/FunctionBase'
Event: 431.604 Thread 0x0000022c23b70b80 Unloading class 0x0000000101c2a728 'kotlin/jvm/functions/Function1'
Event: 431.604 Thread 0x0000022c23b70b80 Unloading class 0x0000000101c2a508 'kotlin/Function'
Event: 431.604 Thread 0x0000022c23b70b80 Unloading class 0x0000000101c2a288 'kotlin/UninitializedPropertyAccessException'
Event: 431.604 Thread 0x0000022c23b70b80 Unloading class 0x0000000101c2a000 'kotlin/KotlinNullPointerException'
Event: 431.604 Thread 0x0000022c23b70b80 Unloading class 0x0000000101c29bd0 'kotlin/jvm/internal/Intrinsics'
Event: 431.604 Thread 0x0000022c23b70b80 Unloading class 0x0000000101c299a8 'dagger/spi/internal/shaded/androidx/room/compiler/processing/XProcessingEnvConfig$Companion'
Event: 431.604 Thread 0x0000022c23b70b80 Unloading class 0x0000000101c29780 'dagger/spi/internal/shaded/androidx/room/compiler/processing/XProcessingEnvConfig'
Event: 431.604 Thread 0x0000022c23b70b80 Unloading class 0x0000000101c29550 'dagger/spi/internal/shaded/androidx/room/compiler/processing/XProcessingEnvConfig$Builder'
Event: 431.604 Thread 0x0000022c23b70b80 Unloading class 0x0000000101c28d60 'dagger/hilt/processor/internal/HiltProcessingEnvConfigs'
Event: 431.604 Thread 0x0000022c23b70b80 Unloading class 0x0000000101c292a8 'dagger/hilt/processor/internal/uninstallmodules/UninstallModulesProcessingStep'
Event: 431.604 Thread 0x0000022c23b70b80 Unloading class 0x0000000101c29000 'dagger/hilt/processor/internal/BaseProcessingStep'
Event: 431.604 Thread 0x0000022c23b70b80 Unloading class 0x0000000101c28b40 'dagger/spi/internal/shaded/androidx/room/compiler/processing/XProcessingStep'
Event: 431.604 Thread 0x0000022c23b70b80 Unloading class 0x0000000101c28830 'dagger/hilt/processor/internal/uninstallmodules/UninstallModulesProcessor'
Event: 431.604 Thread 0x0000022c23b70b80 Unloading class 0x0000000101c28520 'dagger/hilt/processor/internal/JavacBaseProcessingStepProcessor'
Event: 431.604 Thread 0x0000022c23b70b80 Unloading class 0x0000000101c28220 'dagger/spi/internal/shaded/androidx/room/compiler/processing/javac/JavacBasicAnnotationProcessor'
Event: 431.604 Thread 0x0000022c23b70b80 Unloading class 0x0000000101c28000 'dagger/spi/internal/shaded/androidx/room/compiler/processing/XBasicAnnotationProcessor'

Classes redefined (0 events):
No events

Internal exceptions (20 events):
Event: 447.785 Thread 0x0000022c395449c0 Exception <a 'java/lang/IncompatibleClassChangeError'{0x00000000c54e8820}: Found class java.lang.Object, but interface was expected> (0x00000000c54e8820) 
thrown [s\src\hotspot\share\interpreter\linkResolver.cpp, line 838]
Event: 448.200 Thread 0x0000022c39262370 Implicit null exception at 0x0000022c1569250a to 0x0000022c1569262c
Event: 448.918 Thread 0x0000022c39262370 Exception <a 'java/lang/NoSuchMethodError'{0x00000000c3017508}: 'int java.lang.invoke.DirectMethodHandle$Holder.invokeSpecial(java.lang.Object, java.lang.Object, int)'> (0x00000000c3017508) 
thrown [s\src\hotspot\share\interpreter\linkResolver.cpp, line 771]
Event: 450.260 Thread 0x0000022c39262370 Exception <a 'java/lang/NoSuchMethodError'{0x00000000bf17a478}: 'java.lang.Object java.lang.invoke.DirectMethodHandle$Holder.invokeStaticInit(java.lang.Object, java.lang.Object, java.lang.Object, java.lang.Object, java.lang.Object, java.lang.Object, java.lang.Object, java.lang.Object, java.lang.Object, java.lang.Object, java.lang.Object, java.lang.Object, java.lang.Object, java.lang.Object, java.lang.Object, java.lang.Object, java.lang.Object, java.lang.Object, java.lang.Object, java.lang.Object, int, java
Event: 450.420 Thread 0x0000022c2c38c300 Exception <a 'java/lang/IncompatibleClassChangeError'{0x00000000be514a20}: Found class java.lang.Object, but interface was expected> (0x00000000be514a20) 
thrown [s\src\hotspot\share\interpreter\linkResolver.cpp, line 838]
Event: 450.420 Thread 0x0000022c400ebf90 Exception <a 'java/lang/IncompatibleClassChangeError'{0x00000000be727c58}: Found class java.lang.Object, but interface was expected> (0x00000000be727c58) 
thrown [s\src\hotspot\share\interpreter\linkResolver.cpp, line 838]
Event: 450.420 Thread 0x0000022c38f56060 Exception <a 'java/lang/IncompatibleClassChangeError'{0x00000000beef79a0}: Found class java.lang.Object, but interface was expected> (0x00000000beef79a0) 
thrown [s\src\hotspot\share\interpreter\linkResolver.cpp, line 838]
Event: 450.420 Thread 0x0000022c400eba80 Exception <a 'java/lang/IncompatibleClassChangeError'{0x00000000bee89c70}: Found class java.lang.Object, but interface was expected> (0x00000000bee89c70) 
thrown [s\src\hotspot\share\interpreter\linkResolver.cpp, line 838]
Event: 450.712 Thread 0x0000022c400ec4a0 Exception <a 'java/lang/NoSuchMethodError'{0x00000000be58ce00}: 'long java.lang.invoke.DirectMethodHandle$Holder.invokeStatic(java.lang.Object, java.lang.Object)'> (0x00000000be58ce00) 
thrown [s\src\hotspot\share\interpreter\linkResolver.cpp, line 771]
Event: 450.712 Thread 0x0000022c400ebf90 Exception <a 'java/lang/NoSuchMethodError'{0x00000000bdc216c0}: 'long java.lang.invoke.DirectMethodHandle$Holder.invokeStatic(java.lang.Object, java.lang.Object)'> (0x00000000bdc216c0) 
thrown [s\src\hotspot\share\interpreter\linkResolver.cpp, line 771]
Event: 450.712 Thread 0x0000022c400eba80 Exception <a 'java/lang/NoSuchMethodError'{0x00000000bdd103b8}: 'long java.lang.invoke.DirectMethodHandle$Holder.invokeStatic(java.lang.Object, java.lang.Object)'> (0x00000000bdd103b8) 
thrown [s\src\hotspot\share\interpreter\linkResolver.cpp, line 771]
Event: 450.712 Thread 0x0000022c38f56f90 Exception <a 'java/lang/NoSuchMethodError'{0x00000000bedbf218}: 'long java.lang.invoke.DirectMethodHandle$Holder.invokeStatic(java.lang.Object, java.lang.Object)'> (0x00000000bedbf218) 
thrown [s\src\hotspot\share\interpreter\linkResolver.cpp, line 771]
Event: 450.712 Thread 0x0000022c2c38c300 Exception <a 'java/lang/NoSuchMethodError'{0x00000000be53ea00}: 'long java.lang.invoke.DirectMethodHandle$Holder.invokeStatic(java.lang.Object, java.lang.Object)'> (0x00000000be53ea00) 
thrown [s\src\hotspot\share\interpreter\linkResolver.cpp, line 771]
Event: 450.712 Thread 0x0000022c38f56060 Exception <a 'java/lang/NoSuchMethodError'{0x00000000bdb04f20}: 'long java.lang.invoke.DirectMethodHandle$Holder.invokeStatic(java.lang.Object, java.lang.Object)'> (0x00000000bdb04f20) 
thrown [s\src\hotspot\share\interpreter\linkResolver.cpp, line 771]
Event: 450.729 Thread 0x0000022c400ebf90 Exception <a 'java/lang/NoSuchMethodError'{0x00000000bdc24cc0}: 'long java.lang.invoke.DirectMethodHandle$Holder.invokeStaticInit(java.lang.Object, java.lang.Object)'> (0x00000000bdc24cc0) 
thrown [s\src\hotspot\share\interpreter\linkResolver.cpp, line 771]
Event: 450.729 Thread 0x0000022c2c38c300 Exception <a 'java/lang/NoSuchMethodError'{0x00000000be541fd8}: 'long java.lang.invoke.DirectMethodHandle$Holder.invokeStaticInit(java.lang.Object, java.lang.Object)'> (0x00000000be541fd8) 
thrown [s\src\hotspot\share\interpreter\linkResolver.cpp, line 771]
Event: 450.729 Thread 0x0000022c38f56f90 Exception <a 'java/lang/NoSuchMethodError'{0x00000000bedc27f0}: 'long java.lang.invoke.DirectMethodHandle$Holder.invokeStaticInit(java.lang.Object, java.lang.Object)'> (0x00000000bedc27f0) 
thrown [s\src\hotspot\share\interpreter\linkResolver.cpp, line 771]
Event: 450.730 Thread 0x0000022c400ec4a0 Exception <a 'java/lang/NoSuchMethodError'{0x00000000be5903d8}: 'long java.lang.invoke.DirectMethodHandle$Holder.invokeStaticInit(java.lang.Object, java.lang.Object)'> (0x00000000be5903d8) 
thrown [s\src\hotspot\share\interpreter\linkResolver.cpp, line 771]
Event: 450.730 Thread 0x0000022c38f56060 Exception <a 'java/lang/NoSuchMethodError'{0x00000000bdb084f8}: 'long java.lang.invoke.DirectMethodHandle$Holder.invokeStaticInit(java.lang.Object, java.lang.Object)'> (0x00000000bdb084f8) 
thrown [s\src\hotspot\share\interpreter\linkResolver.cpp, line 771]
Event: 450.730 Thread 0x0000022c400eba80 Exception <a 'java/lang/NoSuchMethodError'{0x00000000bdd13990}: 'long java.lang.invoke.DirectMethodHandle$Holder.invokeStaticInit(java.lang.Object, java.lang.Object)'> (0x00000000bdd13990) 
thrown [s\src\hotspot\share\interpreter\linkResolver.cpp, line 771]

VM Operations (20 events):
Event: 450.541 Executing VM operation: ICBufferFull done
Event: 450.617 Executing VM operation: HandshakeAllThreads
Event: 450.617 Executing VM operation: HandshakeAllThreads done
Event: 450.645 Executing VM operation: HandshakeAllThreads
Event: 450.646 Executing VM operation: HandshakeAllThreads done
Event: 450.666 Executing VM operation: HandshakeAllThreads
Event: 450.667 Executing VM operation: HandshakeAllThreads done
Event: 450.799 Executing VM operation: HandshakeAllThreads
Event: 450.807 Executing VM operation: HandshakeAllThreads done
Event: 450.820 Executing VM operation: ICBufferFull
Event: 450.820 Executing VM operation: ICBufferFull done
Event: 451.113 Executing VM operation: G1CollectForAllocation
Event: 451.139 Executing VM operation: G1CollectForAllocation done
Event: 451.253 Executing VM operation: HandshakeAllThreads
Event: 451.254 Executing VM operation: HandshakeAllThreads done
Event: 451.263 Executing VM operation: G1CollectForAllocation
Event: 451.288 Executing VM operation: G1CollectForAllocation done
Event: 451.683 Executing VM operation: G1CollectForAllocation
Event: 451.756 Executing VM operation: G1CollectForAllocation done
Event: 451.927 Executing VM operation: G1CollectForAllocation

Events (20 events):
Event: 448.510 Thread 0x0000022c23c8fcf0 flushing nmethod 0x0000022c107b1590
Event: 448.510 Thread 0x0000022c23c8fcf0 flushing nmethod 0x0000022c107b3410
Event: 448.510 Thread 0x0000022c23c8fcf0 flushing nmethod 0x0000022c107c4110
Event: 448.511 Thread 0x0000022c23c8fcf0 flushing nmethod 0x0000022c10809410
Event: 448.912 Thread 0x0000022c40377bb0 Thread exited: 0x0000022c40377bb0
Event: 449.002 Thread 0x0000022c40377bb0 Thread added: 0x0000022c40377bb0
Event: 450.283 loading class java/util/concurrent/ForkJoinTask$AdaptedCallable
Event: 450.311 loading class java/util/concurrent/ForkJoinTask$AdaptedCallable done
Event: 450.312 loading class java/util/concurrent/ForkJoinPool$DefaultForkJoinWorkerThreadFactory$1
Event: 450.312 loading class java/util/concurrent/ForkJoinPool$DefaultForkJoinWorkerThreadFactory$1 done
Event: 450.313 Thread 0x0000022c400eba80 Thread added: 0x0000022c400eba80
Event: 450.314 Thread 0x0000022c38f56060 Thread added: 0x0000022c38f56060
Event: 450.315 Thread 0x0000022c400ebf90 Thread added: 0x0000022c400ebf90
Event: 450.316 Thread 0x0000022c2c38c300 Thread added: 0x0000022c2c38c300
Event: 450.316 Thread 0x0000022c38f56f90 Thread added: 0x0000022c38f56f90
Event: 450.317 Thread 0x0000022c400ec4a0 Thread added: 0x0000022c400ec4a0
Event: 450.413 loading class java/lang/reflect/GenericSignatureFormatError
Event: 450.413 loading class java/lang/reflect/GenericSignatureFormatError done
Event: 451.352 Thread 0x0000022c3940d3d0 Thread exited: 0x0000022c3940d3d0
Event: 451.369 Thread 0x0000022c23c8fcf0 flushing nmethod 0x0000022c102f0790


Dynamic libraries:
0x00007ff7259e0000 - 0x00007ff7259ea000 	C:\Program Files\Android\Android Studio\jbr\bin\java.exe
0x00007ffc397e0000 - 0x00007ffc39a46000 	C:\WINDOWS\SYSTEM32\ntdll.dll
0x00007ffc37cf0000 - 0x00007ffc37db9000 	C:\WINDOWS\System32\KERNEL32.DLL
0x00007ffc36df0000 - 0x00007ffc371ee000 	C:\WINDOWS\System32\KERNELBASE.dll
0x00007ffc37200000 - 0x00007ffc3734c000 	C:\WINDOWS\System32\ucrtbase.dll
0x00007ffc07cc0000 - 0x00007ffc07cd7000 	C:\Program Files\Android\Android Studio\jbr\bin\jli.dll
0x00007ffbfae50000 - 0x00007ffbfae6b000 	C:\Program Files\Android\Android Studio\jbr\bin\VCRUNTIME140.dll
0x00007ffc395a0000 - 0x00007ffc39767000 	C:\WINDOWS\System32\USER32.dll
0x00007ffc1d250000 - 0x00007ffc1d4e2000 	C:\WINDOWS\WinSxS\amd64_microsoft.windows.common-controls_6595b64144ccf1df_6.0.26100.8875_none_3e0d5d42e32fe9dd\COMCTL32.dll
0x00007ffc374e0000 - 0x00007ffc37507000 	C:\WINDOWS\System32\win32u.dll
0x00007ffc38560000 - 0x00007ffc38609000 	C:\WINDOWS\System32\msvcrt.dll
0x00007ffc37c40000 - 0x00007ffc37c6b000 	C:\WINDOWS\System32\GDI32.dll
0x00007ffc36c00000 - 0x00007ffc36d2a000 	C:\WINDOWS\System32\gdi32full.dll
0x00007ffc36a90000 - 0x00007ffc36b33000 	C:\WINDOWS\System32\msvcp_win.dll
0x00007ffc38d00000 - 0x00007ffc38d32000 	C:\WINDOWS\System32\IMM32.DLL
0x00007ffc00bd0000 - 0x00007ffc00bdc000 	C:\Program Files\Android\Android Studio\jbr\bin\vcruntime140_1.dll
0x00007ffba37f0000 - 0x00007ffba387d000 	C:\Program Files\Android\Android Studio\jbr\bin\msvcp140.dll
0x00007ffb62910000 - 0x00007ffb63593000 	C:\Program Files\Android\Android Studio\jbr\bin\server\jvm.dll
0x00007ffc38d40000 - 0x00007ffc38df7000 	C:\WINDOWS\System32\ADVAPI32.dll
0x00007ffc38e60000 - 0x00007ffc38f0a000 	C:\WINDOWS\System32\sechost.dll
0x00007ffc38a30000 - 0x00007ffc38b48000 	C:\WINDOWS\System32\RPCRT4.dll
0x00007ffc36860000 - 0x00007ffc368be000 	C:\WINDOWS\SYSTEM32\POWRPROF.dll
0x00007ffc28040000 - 0x00007ffc28076000 	C:\WINDOWS\SYSTEM32\WINMM.dll
0x00007ffc2fda0000 - 0x00007ffc2fdab000 	C:\WINDOWS\SYSTEM32\VERSION.dll
0x00007ffc27560000 - 0x00007ffc2756a000 	C:\WINDOWS\SYSTEM32\WSOCK32.dll
0x00007ffc389a0000 - 0x00007ffc38a20000 	C:\WINDOWS\System32\WS2_32.dll
0x00007ffc36840000 - 0x00007ffc36854000 	C:\WINDOWS\SYSTEM32\UMPDC.dll
0x00007ffc356c0000 - 0x00007ffc356db000 	C:\WINDOWS\SYSTEM32\kernel.appcore.dll
0x00007ffc01140000 - 0x00007ffc0114a000 	C:\Program Files\Android\Android Studio\jbr\bin\jimage.dll
0x00007ffc341c0000 - 0x00007ffc34402000 	C:\WINDOWS\SYSTEM32\DBGHELP.DLL
0x00007ffc38610000 - 0x00007ffc38993000 	C:\WINDOWS\System32\combase.dll
0x00007ffc39010000 - 0x00007ffc390e9000 	C:\WINDOWS\System32\OLEAUT32.dll
0x00007ffc30580000 - 0x00007ffc305bb000 	C:\WINDOWS\SYSTEM32\dbgcore.DLL
0x00007ffc36b40000 - 0x00007ffc36bec000 	C:\WINDOWS\System32\bcryptPrimitives.dll
0x00007ffc13df0000 - 0x00007ffc13dfe000 	C:\Program Files\Android\Android Studio\jbr\bin\instrument.dll
0x00007ffbfdf30000 - 0x00007ffbfdf55000 	C:\Program Files\Android\Android Studio\jbr\bin\java.dll
0x00007ffbfdad0000 - 0x00007ffbfdae8000 	C:\Program Files\Android\Android Studio\jbr\bin\zip.dll
0x00007ffc37dc0000 - 0x00007ffc38552000 	C:\WINDOWS\System32\SHELL32.dll
0x00007ffc34480000 - 0x00007ffc34d12000 	C:\WINDOWS\SYSTEM32\windows.storage.dll
0x00007ffc390f0000 - 0x00007ffc391e7000 	C:\WINDOWS\System32\SHCORE.dll
0x00007ffc38fa0000 - 0x00007ffc39007000 	C:\WINDOWS\System32\shlwapi.dll
0x00007ffc36920000 - 0x00007ffc36949000 	C:\WINDOWS\SYSTEM32\profapi.dll
0x00007ffbfdab0000 - 0x00007ffbfdac9000 	C:\Program Files\Android\Android Studio\jbr\bin\net.dll
0x00007ffc2ef00000 - 0x00007ffc2f027000 	C:\WINDOWS\SYSTEM32\WINHTTP.dll
0x00007ffc35c90000 - 0x00007ffc35cfc000 	C:\WINDOWS\system32\mswsock.dll
0x00007ffbfda90000 - 0x00007ffbfdaa6000 	C:\Program Files\Android\Android Studio\jbr\bin\nio.dll
0x00007ffc13e20000 - 0x00007ffc13e30000 	C:\Program Files\Android\Android Studio\jbr\bin\verify.dll
0x00007ffbfa7c0000 - 0x00007ffbfa7e7000 	C:\Users\ronie\.gradle\native\c067742578af261105cb4f569cf0c3c89f3d7b1fecec35dd04571415982c5e48\windows-amd64\native-platform.dll
0x00007ffb9e1a0000 - 0x00007ffb9e2e4000 	C:\Users\ronie\.gradle\native\38dada09dfb8b06ba9b0570ebf7e218e3eb74d4ef43ca46872605cf95ebc2f47\windows-amd64\native-platform-file-events.dll
0x00007ffc13e10000 - 0x00007ffc13e19000 	C:\Program Files\Android\Android Studio\jbr\bin\management.dll
0x00007ffc13e00000 - 0x00007ffc13e0b000 	C:\Program Files\Android\Android Studio\jbr\bin\management_ext.dll
0x00007ffc38b50000 - 0x00007ffc38b58000 	C:\WINDOWS\System32\PSAPI.DLL
0x00007ffc35f90000 - 0x00007ffc35fab000 	C:\WINDOWS\SYSTEM32\CRYPTSP.dll
0x00007ffc35620000 - 0x00007ffc35659000 	C:\WINDOWS\system32\rsaenh.dll
0x00007ffc35d50000 - 0x00007ffc35d82000 	C:\WINDOWS\SYSTEM32\USERENV.dll
0x00007ffc368f0000 - 0x00007ffc3691a000 	C:\WINDOWS\SYSTEM32\bcrypt.dll
0x00007ffc35fb0000 - 0x00007ffc35fbc000 	C:\WINDOWS\SYSTEM32\CRYPTBASE.dll
0x00007ffc35050000 - 0x00007ffc35083000 	C:\WINDOWS\SYSTEM32\IPHLPAPI.DLL
0x00007ffc39790000 - 0x00007ffc3979a000 	C:\WINDOWS\System32\NSI.dll
0x00007ffc2e980000 - 0x00007ffc2e99d000 	C:\WINDOWS\SYSTEM32\dhcpcsvc6.DLL
0x00007ffc2e950000 - 0x00007ffc2e975000 	C:\WINDOWS\SYSTEM32\dhcpcsvc.DLL
0x00007ffc350e0000 - 0x00007ffc35236000 	C:\WINDOWS\SYSTEM32\DNSAPI.dll
0x00007ffc35a70000 - 0x00007ffc35a7d000 	C:\WINDOWS\SYSTEM32\DSPARSE.dll
0x00007ffc315b0000 - 0x00007ffc315b9000 	C:\Program Files\Android\Android Studio\jbr\bin\extnet.dll
0x00007ffbbc9d0000 - 0x00007ffbbc9d8000 	C:\WINDOWS\system32\wshunix.dll
0x00007ffbc97e0000 - 0x00007ffbc97f8000 	C:\WINDOWS\system32\napinsp.dll
0x00007ffbc90b0000 - 0x00007ffbc90c3000 	C:\WINDOWS\System32\winrnr.dll
0x00007ffbf5880000 - 0x00007ffbf58a2000 	C:\WINDOWS\system32\nlansp_c.dll
0x00007ffc301b0000 - 0x00007ffc301c6000 	C:\WINDOWS\system32\wshbth.dll
0x00007ffc207f0000 - 0x00007ffc207fb000 	C:\Windows\System32\rasadhlp.dll
0x00007ffc2de50000 - 0x00007ffc2ded6000 	C:\WINDOWS\System32\fwpuclnt.dll
0x00007ffc35810000 - 0x00007ffc35846000 	C:\WINDOWS\SYSTEM32\ntmarta.dll
0x00007ffbfae30000 - 0x00007ffbfae4e000 	C:\Users\ronie\AppData\Local\Temp\native-platform2110905818331786432dir\native-platform.dll
0x00007ffbfda20000 - 0x00007ffbfda27000 	C:\Program Files\Android\Android Studio\jbr\bin\rmi.dll

dbghelp: loaded successfully - version: 4.0.5 - missing functions: none
symbol engine: initialized successfully - sym options: 0x614 - pdb path: .;C:\Program Files\Android\Android Studio\jbr\bin;C:\WINDOWS\SYSTEM32;C:\WINDOWS\WinSxS\amd64_microsoft.windows.common-controls_6595b64144ccf1df_6.0.26100.8875_none_3e0d5d42e32fe9dd;C:\Program Files\Android\Android Studio\jbr\bin\server;C:\Users\ronie\.gradle\native\c067742578af261105cb4f569cf0c3c89f3d7b1fecec35dd04571415982c5e48\windows-amd64;C:\Users\ronie\.gradle\native\38dada09dfb8b06ba9b0570ebf7e218e3eb74d4ef43ca46872605cf95ebc2f47\windows-amd64;C:\Users\ronie\AppData\Local\Temp\native-platform2110905818331786432dir

VM Arguments:
jvm_args: --add-opens=java.base/java.util=ALL-UNNAMED --add-opens=java.base/java.lang=ALL-UNNAMED --add-opens=java.base/java.lang.invoke=ALL-UNNAMED --add-opens=java.prefs/java.util.prefs=ALL-UNNAMED --add-opens=java.base/java.nio.charset=ALL-UNNAMED --add-opens=java.base/java.net=ALL-UNNAMED --add-opens=java.base/java.util.concurrent.atomic=ALL-UNNAMED -Xmx2048m -Dfile.encoding=UTF-8 -Duser.country=US -Duser.language=en -Duser.variant -javaagent:C:\Users\ronie\.gradle\wrapper\dists\gradle-8.7-bin\bhs2wmbdwecv87pi65oeuq5iu\gradle-8.7\lib\agents\gradle-instrumentation-agent-8.7.jar 
java_command: org.gradle.launcher.daemon.bootstrap.GradleDaemon 8.7
java_class_path (initial): C:\Users\ronie\.gradle\wrapper\dists\gradle-8.7-bin\bhs2wmbdwecv87pi65oeuq5iu\gradle-8.7\lib\gradle-launcher-8.7.jar
Launcher Type: SUN_STANDARD

[Global flags]
     intx CICompilerCount                          = 4                                         {product} {ergonomic}
     uint ConcGCThreads                            = 3                                         {product} {ergonomic}
     uint G1ConcRefinementThreads                  = 10                                        {product} {ergonomic}
   size_t G1HeapRegionSize                         = 1048576                                   {product} {ergonomic}
    uintx GCDrainStackTargetSize                   = 64                                        {product} {ergonomic}
   size_t InitialHeapSize                          = 392167424                                 {product} {ergonomic}
   size_t MarkStackSize                            = 4194304                                   {product} {ergonomic}
   size_t MaxHeapSize                              = 2147483648                                {product} {command line}
   size_t MaxNewSize                               = 1287651328                                {product} {ergonomic}
   size_t MinHeapDeltaBytes                        = 1048576                                   {product} {ergonomic}
   size_t MinHeapSize                              = 8388608                                   {product} {ergonomic}
    uintx NonNMethodCodeHeapSize                   = 5839372                                {pd product} {ergonomic}
    uintx NonProfiledCodeHeapSize                  = 122909434                              {pd product} {ergonomic}
    uintx ProfiledCodeHeapSize                     = 122909434                              {pd product} {ergonomic}
    uintx ReservedCodeCacheSize                    = 251658240                              {pd product} {ergonomic}
     bool SegmentedCodeCache                       = true                                      {product} {ergonomic}
   size_t SoftMaxHeapSize                          = 2147483648                             {manageable} {ergonomic}
     bool UseCompressedClassPointers               = true                           {product lp64_product} {ergonomic}
     bool UseCompressedOops                        = true                           {product lp64_product} {ergonomic}
     bool UseG1GC                                  = true                                      {product} {ergonomic}
     bool UseLargePagesIndividualAllocation        = false                                  {pd product} {ergonomic}

Logging:
Log output configuration:
 #0: stdout all=warning uptime,level,tags
 #1: stderr all=off uptime,level,tags

Environment Variables:
PATH=C:\Windows\system32;C:\Windows;C:\Windows\System32\Wbem;C:\Windows\System32\WindowsPowerShell\v1.0\;C:\Windows\System32\OpenSSH\;C:\Program Files (x86)\NVIDIA Corporation\PhysX\Common;C:\WINDOWS\system32;C:\WINDOWS;C:\WINDOWS\System32\Wbem;C:\WINDOWS\System32\WindowsPowerShell\v1.0\;C:\WINDOWS\System32\OpenSSH\;D:\php-8.2.5;D:\wget-1.21.3;C:\Program Files\dotnet\;C:\Program Files\NVIDIA Corporation\NVIDIA App\NvDLISR;C:\Program Files\Docker\Docker\resources\bin;D:\Program Files\Git\cmd;D:\Program Files\nodejs\;D:\Program Files\maven\apache-maven-3.9.16\bin;C:\Users\ronie\AppData\Local\Programs\Eclipse Adoptium\jdk-25.0.3.9-hotspot\bin;C:\Users\ronie\AppData\Local\Programs\Python\Python314\Scripts\;C:\Users\ronie\AppData\Local\Programs\Python\Python314\;C:\Users\ronie\AppData\Local\Programs\Python\Launcher\;C:\Users\ronie\AppData\Local\Microsoft\WindowsApps;D:\Users\ronie\AppData\Local\Programs\Microsoft VS Code\bin;C:\Users\ronie\.dotnet\tools;C:\Users\ronie\AppData\Roaming\npm;C:\Users\ronie\AppData\Local\Google\Cloud SDK\google-cloud-sdk\bin
USERNAME=ronie
OS=Windows_NT
PROCESSOR_IDENTIFIER=AMD64 Family 23 Model 96 Stepping 1, AuthenticAMD
TMP=C:\Users\ronie\AppData\Local\Temp
TEMP=C:\Users\ronie\AppData\Local\Temp



Periodic native trim disabled

JNI global refs:
JNI global refs: 31, weak refs: 65

JNI global refs memory usage: 843, weak refs: 2105

OOME stack traces (most recent first):
Classloader memory used:
Loader org.gradle.internal.classloader.VisitableURLClassLoader                         : 13023K
Loader org.gradle.internal.classloader.VisitableURLClassLoader$InstrumentingVisitableURLClassLoader: 8290K
Loader java.net.URLClassLoader                                                         : 7463K
Loader bootstrap                                                                       : 4213K
Loader org.gradle.initialization.MixInLegacyTypesClassLoader                           : 1889K
Loader jdk.internal.loader.ClassLoaders$AppClassLoader                                 : 1275K
Loader org.gradle.internal.classloader.VisitableURLClassLoader                         : 1060K
Loader jdk.internal.reflect.DelegatingClassLoader                                      : 390K
Loader jdk.internal.loader.ClassLoaders$PlatformClassLoader                            : 154K
Loader jdk.internal.jrtfs.JrtFileSystemProvider$JrtFsLoader                            : 118K
Loader com.intellij.util.lang.UrlClassLoader                                           : 93431B
Loader org.gradle.groovy.scripts.internal.DefaultScriptCompilationHandler$ScriptClassLoader: 15092B
Loader org.codehaus.groovy.runtime.callsite.CallSiteClassLoader                        : 7031B
Loader sun.reflect.misc.MethodUtil                                                     : 373B

Classes loaded by more than one classloader:
Class Program                                                                         : loaded 5 times (x 70B)
Class com.google.common.collect.ImmutableMapEntry$NonTerminalImmutableMapEntry        : loaded 4 times (x 83B)
Class jdk.internal.jrtfs.SystemImage$2                                                : loaded 4 times (x 74B)
Class kotlin.collections.EmptyMap                                                     : loaded 4 times (x 107B)
Class kotlin.comparisons.ComparisonsKt__ComparisonsKt                                 : loaded 4 times (x 69B)
Class com.google.common.collect.ImmutableSet$CachingAsList                            : loaded 4 times (x 145B)
Class com.google.common.collect.ImmutableMap$IteratorBasedImmutableMap                : loaded 4 times (x 123B)
Class jdk.internal.jrtfs.SystemImage$1                                                : loaded 4 times (x 76B)
Class kotlin.ranges.IntProgression                                                    : loaded 4 times (x 79B)
Class com.google.common.collect.RegularImmutableList                                  : loaded 4 times (x 172B)
Class com.google.common.collect.ImmutableMap                                          : loaded 4 times (x 118B)
Class kotlin.ranges.IntRange$Companion                                                : loaded 4 times (x 69B)
Class com.google.common.collect.ImmutableRangeSet$Builder                             : loaded 4 times (x 75B)
Class jdk.internal.jimage.ImageReader$Directory                                       : loaded 4 times (x 82B)
Class kotlin.collections.SetsKt__SetsKt                                               : loaded 4 times (x 69B)
Class com.google.common.base.CharMatcher$IsEither                                     : loaded 4 times (x 109B)
Class com.google.common.base.CharMatcher$AnyOf                                        : loaded 4 times (x 110B)
Class kotlin.ranges.IntRange                                                          : loaded 4 times (x 91B)
Class kotlin.comparisons.ComparisonsKt                                                : loaded 4 times (x 69B)
Class kotlin.io.FilesKt                                                               : loaded 4 times (x 69B)
Class com.google.common.collect.ImmutableAsList                                       : loaded 4 times (x 169B)
Class com.google.common.collect.Platform                                              : loaded 4 times (x 69B)
Class kotlin.collections.CollectionsKt__CollectionsKt                                 : loaded 4 times (x 69B)
Class kotlin.collections.AbstractList$Companion                                       : loaded 4 times (x 69B)
Class kotlin.collections.ArraysKt__ArraysKt                                           : loaded 4 times (x 69B)
Class com.google.common.base.Predicate                                                : loaded 4 times (x 68B)
Class kotlin.Pair                                                                     : loaded 4 times (x 70B)
Class kotlin.text.StringsKt                                                           : loaded 4 times (x 69B)
Class jdk.internal.jimage.ImageReader$Resource                                        : loaded 4 times (x 82B)
Class com.google.common.collect.Iterators$MergingIterator                             : loaded 4 times (x 79B)
Class kotlin.text.StringsKt___StringsKt                                               : loaded 4 times (x 69B)
Class com.google.common.collect.RegularImmutableSet                                   : loaded 4 times (x 146B)
Class kotlin.jvm.internal.Lambda                                                      : loaded 4 times (x 73B)
Class jdk.internal.jrtfs.SystemImage                                                  : loaded 4 times (x 72B)
Class kotlin.collections.AbstractList                                                 : loaded 4 times (x 157B)
Class kotlin.collections.AbstractCollection                                           : loaded 4 times (x 115B)
Class com.google.common.collect.AbstractRangeSet                                      : loaded 4 times (x 112B)
Class kotlin.UninitializedPropertyAccessException                                     : loaded 4 times (x 80B)
Class com.google.common.collect.Iterators$ArrayItr                                    : loaded 4 times (x 95B)
Class com.google.common.base.CharMatcher$InRange                                      : loaded 4 times (x 109B)
Class com.google.common.collect.BiMap                                                 : loaded 4 times (x 68B)
Class kotlin.collections.ArraysKt__ArraysJVMKt                                        : loaded 4 times (x 69B)
Class com.google.common.collect.Lists                                                 : loaded 4 times (x 69B)
Class jdk.internal.jrtfs.JrtDirectoryStream$1                                         : loaded 4 times (x 81B)
Class com.google.common.base.Splitter                                                 : loaded 4 times (x 70B)
Class com.google.common.collect.ImmutableMultimap                                     : loaded 4 times (x 145B)
Class jdk.internal.jimage.ImageBufferCache                                            : loaded 4 times (x 69B)
Class kotlin.text.StringsKt__RegexExtensionsKt                                        : loaded 4 times (x 69B)
Class com.google.common.base.CharMatcher$FastMatcher                                  : loaded 4 times (x 109B)
Class kotlin.text.StringsKt__StringBuilderJVMKt                                       : loaded 4 times (x 69B)
Class kotlin.collections.SetsKt___SetsKt                                              : loaded 4 times (x 69B)
Class kotlin.text.StringsKt__StringsJVMKt                                             : loaded 4 times (x 69B)
Class jdk.internal.jimage.ImageReader$SharedImageReader                               : loaded 4 times (x 93B)
Class com.google.common.collect.UnmodifiableIterator                                  : loaded 4 times (x 78B)
Class com.google.common.collect.SetMultimap                                           : loaded 4 times (x 68B)
Class kotlin.collections.CollectionsKt__MutableCollectionsKt                          : loaded 4 times (x 69B)
Class com.google.common.collect.ImmutableRangeSet$ComplementRanges                    : loaded 4 times (x 167B)
Class kotlin.collections.CollectionsKt__ReversedViewsKt                               : loaded 4 times (x 69B)
Class com.google.common.base.JdkPattern                                               : loaded 4 times (x 73B)
Class kotlin.internal.ProgressionUtilKt                                               : loaded 4 times (x 69B)
Class com.google.common.collect.Multimap                                              : loaded 4 times (x 68B)
Class kotlin.sequences.SequencesKt__SequenceBuilderKt                                 : loaded 4 times (x 69B)
Class com.google.common.collect.ImmutableMapEntry                                     : loaded 4 times (x 83B)
Class com.google.common.collect.ImmutableRangeSet$1                                   : loaded 4 times (x 169B)
Class kotlin.text.StringsKt__StringNumberConversionsKt                                : loaded 4 times (x 69B)
Class com.google.common.collect.ImmutableCollection                                   : loaded 4 times (x 123B)
Class kotlin.sequences.Sequence                                                       : loaded 4 times (x 68B)
Class com.google.common.base.CharMatcher$NamedFastMatcher                             : loaded 4 times (x 110B)
Class com.google.common.collect.ImmutableRangeSet                                     : loaded 4 times (x 113B)
Class com.google.common.collect.RegularImmutableSortedSet                             : loaded 4 times (x 233B)
Class kotlin.jvm.internal.markers.KMappedMarker                                       : loaded 4 times (x 68B)
Class com.google.common.collect.RegularImmutableMap$Values                            : loaded 4 times (x 167B)
Class com.google.common.base.AbstractIterator$State                                   : loaded 4 times (x 77B)
Class com.google.common.base.CharMatcher$IsNot                                        : loaded 4 times (x 109B)
Class com.google.common.collect.ImmutableList$ReverseImmutableList                    : loaded 4 times (x 168B)
Class kotlin.collections.CollectionsKt__MutableCollectionsJVMKt                       : loaded 4 times (x 69B)
Class kotlin.collections.MapsKt___MapsKt                                              : loaded 4 times (x 69B)
Class kotlin.collections.EmptyList                                                    : loaded 4 times (x 134B)
Class jdk.internal.jimage.ImageReader                                                 : loaded 4 times (x 73B)
Class com.google.common.collect.ObjectArrays                                          : loaded 4 times (x 69B)
Class kotlin.text.CharsKt__CharKt                                                     : loaded 4 times (x 69B)
Class kotlin.collections.ArraysKt                                                     : loaded 4 times (x 69B)
Class jdk.internal.jimage.ImageBufferCache$2                                          : loaded 4 times (x 89B)
Class kotlin.collections.MapsKt__MapsKt                                               : loaded 4 times (x 69B)
Class kotlin.sequences.SequencesKt___SequencesJvmKt                                   : loaded 4 times (x 69B)
Class jdk.internal.jimage.ImageHeader                                                 : loaded 4 times (x 69B)
Class com.google.common.collect.ImmutableSet                                          : loaded 4 times (x 143B)
Class com.google.common.collect.ImmutableList                                         : loaded 4 times (x 166B)
Class com.google.common.collect.RangeSet                                              : loaded 4 times (x 68B)
Class kotlin.jvm.internal.Intrinsics                                                  : loaded 4 times (x 69B)
Class com.google.common.collect.ImmutableBiMap                                        : loaded 4 times (x 141B)
Class kotlin.text.StringsKt___StringsJvmKt                                            : loaded 4 times (x 69B)
Class kotlin.io.FilesKt__FileTreeWalkKt                                               : loaded 4 times (x 69B)
Class jdk.internal.jimage.ImageBufferCache$1                                          : loaded 4 times (x 78B)
Class com.google.common.collect.Iterators$1                                           : loaded 4 times (x 79B)
Class com.google.common.collect.BaseImmutableMultimap                                 : loaded 4 times (x 121B)
Class kotlin.collections.ArraysUtilJVM                                                : loaded 4 times (x 69B)
Class com.google.common.collect.Iterators$4                                           : loaded 4 times (x 80B)
Class com.google.common.collect.ImmutableMap$MapViewOfValuesAsSingletonSets           : loaded 4 times (x 123B)
Class com.google.common.base.CharMatcher$ForPredicate                                 : loaded 4 times (x 110B)
Class com.google.common.collect.RegularImmutableMap$BucketOverflowException           : loaded 4 times (x 80B)
Class kotlin.collections.CollectionsKt__IterablesKt                                   : loaded 4 times (x 69B)
Class com.google.common.collect.ImmutableSet$Builder                                  : loaded 4 times (x 83B)
Class kotlin.io.FilesKt__UtilsKt                                                      : loaded 4 times (x 69B)
Class com.google.common.collect.Iterators$5                                           : loaded 4 times (x 80B)
Class kotlin.ranges.OpenEndRange                                                      : loaded 4 times (x 68B)
Class com.google.common.base.Preconditions                                            : loaded 4 times (x 69B)
Class [Lcom.google.common.collect.AbstractMapEntry;                                   : loaded 4 times (x 67B)
Class com.google.common.base.Function                                                 : loaded 4 times (x 68B)
Class [Lkotlin.Pair;                                                                  : loaded 4 times (x 67B)
Class com.google.common.base.CharMatcher$Negated                                      : loaded 4 times (x 111B)
Class com.google.common.collect.ImmutableRangeSet$AsSet                               : loaded 4 times (x 233B)
Class com.google.common.collect.SingletonImmutableList                                : loaded 4 times (x 167B)
Class com.google.common.collect.ImmutableList$Builder                                 : loaded 4 times (x 75B)
Class com.google.common.collect.AbstractMapEntry                                      : loaded 4 times (x 79B)
Class com.google.common.base.NullnessCasts                                            : loaded 4 times (x 69B)
Class com.google.common.collect.AbstractIterator                                      : loaded 4 times (x 80B)
Class com.google.common.collect.Iterators$9                                           : loaded 4 times (x 79B)
Class com.google.common.collect.RegularImmutableMap$KeySet                            : loaded 4 times (x 148B)
Class com.google.common.collect.CollectPreconditions                                  : loaded 4 times (x 69B)
Class kotlin.collections.MapsKt                                                       : loaded 4 times (x 69B)
Class kotlin.sequences.SequencesKt                                                    : loaded 4 times (x 69B)
Class jdk.internal.jimage.ImageReader$SharedImageReader$LocationVisitor               : loaded 4 times (x 68B)
Class com.google.common.base.CharMatcher$NegatedFastMatcher                           : loaded 4 times (x 111B)
Class kotlin.collections.EmptySet                                                     : loaded 4 times (x 120B)
Class com.google.common.collect.RangeGwtSerializationDependencies                     : loaded 4 times (x 69B)
Class com.google.common.base.CharMatcher                                              : loaded 4 times (x 109B)
Class jdk.internal.jimage.ImageStringsReader                                          : loaded 4 times (x 78B)
Class kotlin.collections.EmptyIterator                                                : loaded 4 times (x 87B)
Class kotlin.collections.MapsKt__MapWithDefaultKt                                     : loaded 4 times (x 69B)
Class com.google.common.collect.RegularImmutableMap                                   : loaded 4 times (x 119B)
Class com.google.common.collect.AbstractIndexedListIterator                           : loaded 4 times (x 94B)
Class kotlin.text.StringsKt__IndentKt                                                 : loaded 4 times (x 69B)
Class kotlin.comparisons.ComparisonsKt___ComparisonsJvmKt                             : loaded 4 times (x 69B)
Class com.google.common.base.CharMatcher$None                                         : loaded 4 times (x 110B)
Class com.google.common.collect.UnmodifiableListIterator                              : loaded 4 times (x 93B)
Class com.google.common.base.CommonPattern                                            : loaded 4 times (x 72B)
Class kotlin.text.CharsKt__CharJVMKt                                                  : loaded 4 times (x 69B)
Class kotlin.TuplesKt                                                                 : loaded 4 times (x 69B)
Class kotlin.ranges.IntProgression$Companion                                          : loaded 4 times (x 69B)
Class jdk.internal.jimage.ImageReader$LinkNode                                        : loaded 4 times (x 82B)
Class kotlin.text.StringsKt__StringNumberConversionsJVMKt                             : loaded 4 times (x 69B)
Class com.google.common.collect.ImmutableList$1                                       : loaded 4 times (x 95B)
Class com.google.common.base.Splitter$Strategy                                        : loaded 4 times (x 68B)
Class kotlin.collections.ArraysKt___ArraysKt                                          : loaded 4 times (x 69B)
Class com.google.common.collect.ImmutableMapEntrySet$RegularEntrySet                  : loaded 4 times (x 149B)
Class com.google.common.collect.ImmutableCollection$Builder                           : loaded 4 times (x 74B)
Class [Lcom.google.common.collect.ImmutableMapEntry;                                  : loaded 4 times (x 67B)
Class kotlin.collections.CollectionsKt__IteratorsJVMKt                                : loaded 4 times (x 69B)
Class kotlin.collections.MapsKt__MapsJVMKt                                            : loaded 4 times (x 69B)
Class com.google.common.collect.ImmutableSortedSet                                    : loaded 4 times (x 233B)
Class kotlin.sequences.FilteringSequence                                              : loaded 4 times (x 73B)
Class com.google.common.base.Splitter$1$1                                             : loaded 4 times (x 84B)
Class kotlin.sequences.SequencesKt__SequencesKt                                       : loaded 4 times (x 69B)
Class kotlin.text.StringsKt__AppendableKt                                             : loaded 4 times (x 69B)
Class kotlin.sequences.SequencesKt__SequencesJVMKt                                    : loaded 4 times (x 69B)
Class kotlin.comparisons.ComparisonsKt___ComparisonsKt                                : loaded 4 times (x 69B)
Class kotlin.text.StringsKt__StringsKt                                                : loaded 4 times (x 69B)
Class com.google.common.base.CharMatcher$Or                                           : loaded 4 times (x 110B)
Class com.google.common.collect.ImmutableSet$RegularSetBuilderImpl                    : loaded 4 times (x 75B)
Class com.google.common.collect.ImmutableMap$1                                        : loaded 4 times (x 79B)
Class kotlin.NoWhenBranchMatchedException                                             : loaded 4 times (x 80B)
Class com.google.common.collect.ImmutableSet$SetBuilderImpl                           : loaded 4 times (x 74B)
Class [Lcom.google.common.collect.ImmutableEntry;                                     : loaded 4 times (x 67B)
Class kotlin.text.StringsKt__StringBuilderKt                                          : loaded 4 times (x 69B)
Class kotlin.sequences.FilteringSequence$iterator$1                                   : loaded 4 times (x 77B)
Class com.google.common.base.Splitter$1                                               : loaded 4 times (x 75B)
Class kotlin.collections.CollectionsKt__IteratorsKt                                   : loaded 4 times (x 69B)
Class kotlin.collections.CollectionsKt__CollectionsJVMKt                              : loaded 4 times (x 69B)
Class kotlin.sequences.SequencesKt___SequencesKt                                      : loaded 4 times (x 69B)
Class jdk.internal.jimage.BasicImageReader                                            : loaded 4 times (x 93B)
Class kotlin.NotImplementedError                                                      : loaded 4 times (x 80B)
Class kotlin.collections.SetsKt__SetsJVMKt                                            : loaded 4 times (x 69B)
Class jdk.internal.jrtfs.JrtDirectoryStream                                           : loaded 4 times (x 87B)
Class kotlin.ranges.RangesKt__RangesKt                                                : loaded 4 times (x 69B)
Class kotlin.collections.MapsKt___MapsJvmKt                                           : loaded 4 times (x 69B)
Class com.google.common.base.Splitter$SplittingIterator                               : loaded 4 times (x 82B)
Class jdk.internal.jrtfs.JrtFileSystemProvider                                        : loaded 4 times (x 97B)
Class kotlin.collections.CollectionsKt___CollectionsJvmKt                             : loaded 4 times (x 69B)
Class com.google.common.collect.ImmutableList$SubList                                 : loaded 4 times (x 168B)
Class kotlin.collections.ArraysKt___ArraysJvmKt                                       : loaded 4 times (x 69B)
Class kotlin.collections.CollectionsKt                                                : loaded 4 times (x 69B)
Class kotlin.enums.EnumEntriesList                                                    : loaded 4 times (x 183B)
Class com.google.common.collect.Lists$StringAsImmutableList                           : loaded 4 times (x 167B)
Class kotlin.enums.EnumEntriesKt                                                      : loaded 4 times (x 69B)
Class com.google.common.collect.ImmutableEntry                                        : loaded 4 times (x 80B)
Class kotlin.Unit                                                                     : loaded 4 times (x 69B)
Class jdk.internal.jimage.ImageLocation                                               : loaded 4 times (x 88B)
Class kotlin.jvm.functions.Function0                                                  : loaded 4 times (x 68B)
Class com.google.common.collect.SortedIterable                                        : loaded 4 times (x 68B)
Class jdk.internal.jrtfs.JrtFileSystem                                                : loaded 4 times (x 100B)
Class jdk.internal.jimage.decompressor.Decompressor                                   : loaded 4 times (x 70B)
Class jdk.internal.jimage.ImageStrings                                                : loaded 4 times (x 68B)
Class kotlin.jvm.functions.Function1                                                  : loaded 4 times (x 68B)
Class jdk.internal.jimage.ImageReader$Node                                            : loaded 4 times (x 82B)
Class com.google.common.base.CharMatcher$Is                                           : loaded 4 times (x 109B)
Class com.google.common.collect.RegularImmutableAsList                                : loaded 4 times (x 176B)
Class com.google.common.collect.PeekingIterator                                       : loaded 4 times (x 68B)
Class kotlin.ranges.RangesKt                                                          : loaded 4 times (x 69B)
Class com.google.common.collect.IndexedImmutableSet                                   : loaded 4 times (x 148B)
Class com.google.common.collect.AbstractMultimap                                      : loaded 4 times (x 121B)
Class kotlin.io.FilesKt__FileReadWriteKt                                              : loaded 4 times (x 69B)
Class kotlin.ranges.ClosedRange                                                       : loaded 4 times (x 68B)
Class com.google.common.base.CharMatcher$And                                          : loaded 4 times (x 110B)
Class kotlin.KotlinNullPointerException                                               : loaded 4 times (x 81B)
Class jdk.internal.jrtfs.JrtPath                                                      : loaded 4 times (x 116B)
Class com.google.common.collect.ImmutableMapEntrySet                                  : loaded 4 times (x 149B)
Class com.google.common.base.CharMatcher$1                                            : loaded 4 times (x 111B)
Class com.google.common.collect.Iterators                                             : loaded 4 times (x 69B)
Class kotlin.Function                                                                 : loaded 4 times (x 68B)
Class com.google.common.base.CharMatcher$BitSetMatcher                                : loaded 4 times (x 110B)
Class kotlin.io.FilesKt__FilePathComponentsKt                                         : loaded 4 times (x 69B)
Class kotlin.text.CharsKt                                                             : loaded 4 times (x 69B)
Class kotlin.jvm.internal.FunctionBase                                                : loaded 4 times (x 68B)
Class jdk.internal.jimage.BasicImageReader$1                                          : loaded 4 times (x 75B)
Class kotlin.collections.SetsKt                                                       : loaded 4 times (x 69B)
Class com.google.common.base.AbstractIterator$1                                       : loaded 4 times (x 69B)
Class kotlin.ranges.RangesKt___RangesKt                                               : loaded 4 times (x 69B)
Class com.google.common.collect.Range                                                 : loaded 4 times (x 85B)
Class kotlin.enums.EnumEntries                                                        : loaded 4 times (x 68B)
Class kotlin.text.StringsKt__RegexExtensionsJVMKt                                     : loaded 4 times (x 69B)
Class jdk.internal.jrtfs.JrtFileAttributes                                            : loaded 4 times (x 81B)
Class kotlin.collections.CollectionsKt___CollectionsKt                                : loaded 4 times (x 69B)
Class com.google.common.collect.SingletonImmutableSet                                 : loaded 4 times (x 144B)
Class [Lcom.google.common.base.AbstractIterator$State;                                : loaded 4 times (x 67B)
Class com.google.common.collect.ImmutableMap$Builder                                  : loaded 4 times (x 80B)
Class com.google.common.base.AbstractIterator                                         : loaded 4 times (x 78B)
Class kotlin.io.FileAlreadyExistsException                                            : loaded 3 times (x 80B)
Class org.gradle.api.Action                                                           : loaded 3 times (x 68B)
Class org.jetbrains.kotlin.cli.common.CompilerSystemProperties$Companion              : loaded 3 times (x 69B)
Class kotlin.text.Charsets                                                            : loaded 3 times (x 69B)
Class org.jetbrains.org.objectweb.asm.Label                                           : loaded 3 times (x 71B)
Class com.google.common.primitives.Ints$IntConverter                                  : loaded 3 times (x 88B)
Class kotlin.coroutines.intrinsics.IntrinsicsKt__IntrinsicsKt                         : loaded 3 times (x 69B)
Class org.jetbrains.kotlin.utils.DescriptionAware                                     : loaded 3 times (x 68B)
Class com.google.common.base.Charsets                                                 : loaded 3 times (x 69B)
Class org.jetbrains.kotlin.utils.StringsKt                                            : loaded 3 times (x 69B)
Class kotlin.UNINITIALIZED_VALUE                                                      : loaded 3 times (x 69B)
Class org.jetbrains.kotlin.config.ApiVersion                                          : loaded 3 times (x 84B)
Class kotlin.sequences.SequencesKt__SequenceBuilderKt$sequence$$inlined$Sequence$1    : loaded 3 times (x 73B)
Class jdk.internal.jimage.BasicImageReader$2                                          : loaded 3 times (x 75B)
Class jdk.internal.jimage.decompressor.ResourceDecompressorRepository                 : loaded 3 times (x 69B)
Class org.jetbrains.kotlin.config.LanguageVersion                                     : loaded 3 times (x 89B)
Class kotlin.text.MatcherMatchResult                                                  : loaded 3 times (x 78B)
Class kotlin.reflect.KAnnotatedElement                                                : loaded 3 times (x 68B)
Class kotlin.io.NoSuchFileException                                                   : loaded 3 times (x 80B)
Class com.google.common.collect.ImmutableBiMapFauxverideShim                          : loaded 3 times (x 118B)
Class kotlin.io.LinesSequence                                                         : loaded 3 times (x 73B)
Class com.google.common.base.CharMatcher$Ascii                                        : loaded 3 times (x 110B)
Class com.google.common.collect.ImmutableList$SerializedForm                          : loaded 3 times (x 71B)
Class org.gradle.api.UncheckedIOException                                             : loaded 3 times (x 80B)
Class kotlin.coroutines.jvm.internal.RestrictedContinuationImpl                       : loaded 3 times (x 85B)
Class com.google.common.collect.AbstractMapBasedMultimap$WrappedSet                   : loaded 3 times (x 140B)
Class com.android.ide.common.repository.AgpVersion$PreviewKind                        : loaded 3 times (x 77B)
Class org.jetbrains.kotlin.load.kotlin.KotlinJvmBinaryClass$AnnotationArgumentVisitor : loaded 3 times (x 68B)
Class [Lkotlin.coroutines.intrinsics.CoroutineSingletons;                             : loaded 3 times (x 67B)
Class kotlin._Assertions                                                              : loaded 3 times (x 69B)
Class com.google.common.collect.ImmutableSetMultimap                                  : loaded 3 times (x 178B)
Class [Lkotlin.sequences.Sequence;                                                    : loaded 3 times (x 67B)
Class jdk.internal.jimage.decompressor.CompressedResourceHeader                       : loaded 3 times (x 69B)
Class jdk.internal.jimage.decompressor.ResourceDecompressor$StringsProvider           : loaded 3 times (x 68B)
Class org.jetbrains.kotlin.load.kotlin.header.ReadKotlinClassHeaderAnnotationVisitor  : loaded 3 times (x 78B)
Class com.google.common.base.CharMatcher$Digit                                        : loaded 3 times (x 110B)
Class org.jetbrains.kotlin.load.kotlin.FileBasedKotlinClass$OuterAndInnerName         : loaded 3 times (x 70B)
Class com.google.common.collect.AbstractListMultimap                                  : loaded 3 times (x 170B)
Class kotlin.jvm.functions.Function4                                                  : loaded 3 times (x 68B)
Class kotlin.sequences.ConstrainedOnceSequence                                        : loaded 3 times (x 73B)
Class kotlin.jvm.functions.Function2                                                  : loaded 3 times (x 68B)
Class com.google.common.base.CharMatcher$Any                                          : loaded 3 times (x 110B)
Class com.google.common.collect.Lists$RandomAccessReverseList                         : loaded 3 times (x 160B)
Class kotlin.text.MatchResult                                                         : loaded 3 times (x 68B)
Class kotlin.text.MatcherMatchResult$groupValues$1                                    : loaded 3 times (x 158B)
Class org.jetbrains.kotlin.config.ExplicitApiMode                                     : loaded 3 times (x 77B)
Class com.google.common.collect.ArrayListMultimapGwtSerializationDependencies         : loaded 3 times (x 170B)
Class com.google.common.base.CharMatcher$RangesMatcher                                : loaded 3 times (x 110B)
Class kotlin.ranges.IntProgressionIterator                                            : loaded 3 times (x 80B)
Class org.jetbrains.kotlin.load.kotlin.header.KotlinClassHeader$Kind                  : loaded 3 times (x 77B)
Class com.google.common.base.CharMatcher$JavaDigit                                    : loaded 3 times (x 109B)
Class kotlin.io.FilePathComponents                                                    : loaded 3 times (x 70B)
Class com.google.common.collect.AbstractMapBasedMultimap$RandomAccessWrappedList      : loaded 3 times (x 165B)
Class org.jetbrains.org.objectweb.asm.Attribute                                       : loaded 3 times (x 75B)
Class com.google.common.collect.ImmutableListMultimap                                 : loaded 3 times (x 174B)
Class com.google.common.collect.ImmutableMultisetGwtSerializationDependencies         : loaded 3 times (x 123B)
Class org.jetbrains.kotlin.metadata.jvm.deserialization.JvmMetadataVersion$Companion  : loaded 3 times (x 69B)
Class org.objectweb.asm.ClassReader                                                   : loaded 3 times (x 91B)
Class com.google.common.collect.ListMultimap                                          : loaded 3 times (x 68B)
Class com.android.ide.common.repository.AgpVersion                                    : loaded 3 times (x 73B)
Class com.google.common.collect.ImmutableEnumSet                                      : loaded 3 times (x 144B)
Class kotlin.sequences.FlatteningSequence$iterator$1                                  : loaded 3 times (x 77B)
Class kotlin.jvm.internal.Ref$BooleanRef                                              : loaded 3 times (x 69B)
Class com.google.common.collect.CollectCollectors                                     : loaded 3 times (x 69B)
Class jdk.internal.jrtfs.ExplodedImage                                                : loaded 3 times (x 75B)
Class jdk.internal.jimage.decompressor.ResourceDecompressor                           : loaded 3 times (x 68B)
Class [Lcom.android.ide.common.repository.AgpVersion$PreviewKind;                     : loaded 3 times (x 67B)
Class org.jetbrains.kotlin.cli.common.messages.CompilerMessageSeverity                : loaded 3 times (x 77B)
Class kotlin.annotation.Retention                                                     : loaded 3 times (x 68B)
Class org.jetbrains.org.objectweb.asm.FieldVisitor                                    : loaded 3 times (x 75B)
Class kotlin.Result                                                                   : loaded 3 times (x 70B)
Class kotlin.sequences.FlatteningSequence                                             : loaded 3 times (x 73B)
Class com.google.common.collect.AbstractSetMultimap                                   : loaded 3 times (x 172B)
Class com.google.common.collect.Sets$ImprovedAbstractSet                              : loaded 3 times (x 133B)
Class com.google.common.collect.Maps$BiMapConverter                                   : loaded 3 times (x 88B)
Class org.jetbrains.kotlin.config.LanguageOrApiVersion                                : loaded 3 times (x 68B)
Class com.google.common.base.Splitter$5                                               : loaded 3 times (x 78B)
Class com.google.common.collect.ImmutableMap$SerializedForm                           : loaded 3 times (x 71B)
Class com.google.common.base.CharMatcher$JavaIsoControl                               : loaded 3 times (x 110B)
Class org.jetbrains.kotlin.config.JvmDefaultMode$Companion                            : loaded 3 times (x 69B)
Class com.google.common.collect.ImmutableSet$JdkBackedSetBuilderImpl                  : loaded 3 times (x 74B)
Class kotlin.text.Regex$Companion                                                     : loaded 3 times (x 69B)
Class kotlin.LazyKt                                                                   : loaded 3 times (x 69B)
Class [Lorg.jetbrains.kotlin.cli.common.CompilerSystemProperties;                     : loaded 3 times (x 67B)
Class com.google.common.collect.Iterables                                             : loaded 3 times (x 69B)
Class org.jetbrains.kotlin.cli.common.CompilerSystemProperties$value$1                : loaded 3 times (x 123B)
Class org.jetbrains.org.objectweb.asm.ClassReader                                     : loaded 3 times (x 91B)
Class kotlin.annotation.Target                                                        : loaded 3 times (x 68B)
Class com.google.common.base.CharMatcher$JavaLowerCase                                : loaded 3 times (x 109B)
Class kotlin.coroutines.intrinsics.IntrinsicsKt__IntrinsicsJvmKt                      : loaded 3 times (x 69B)
Class com.google.common.collect.Maps$EntryTransformer                                 : loaded 3 times (x 68B)
Class kotlin.Metadata                                                                 : loaded 3 times (x 68B)
Class kotlin.sequences.SequencesKt___SequencesKt$filterNotNull$1                      : loaded 3 times (x 76B)
Class [Lorg.jetbrains.org.objectweb.asm.Type;                                         : loaded 3 times (x 67B)
Class kotlin.jvm.internal.ArrayIteratorKt                                             : loaded 3 times (x 69B)
Class [Lorg.jetbrains.kotlin.cli.common.messages.CompilerMessageSeverity;             : loaded 3 times (x 67B)
Class kotlin.coroutines.Continuation                                                  : loaded 3 times (x 68B)
Class kotlin.text.MatchGroupCollection                                                : loaded 3 times (x 68B)
Class com.google.common.collect.SingletonImmutableBiMap                               : loaded 3 times (x 141B)
Class kotlin.jvm.internal.DefaultConstructorMarker                                    : loaded 3 times (x 69B)
Class org.jetbrains.kotlin.metadata.jvm.deserialization.JvmMetadataVersion            : loaded 3 times (x 72B)
Class org.jetbrains.org.objectweb.asm.AnnotationVisitor                               : loaded 3 times (x 76B)
Class [Lorg.objectweb.asm.Attribute;                                                  : loaded 3 times (x 67B)
Class [Lorg.jetbrains.kotlin.load.kotlin.header.KotlinClassHeader$Kind;               : loaded 3 times (x 67B)
Class org.objectweb.asm.ClassVisitor                                                  : loaded 3 times (x 86B)
Class kotlin.LazyKt__LazyJVMKt                                                        : loaded 3 times (x 69B)
Class kotlin.jvm.internal.CallableReference$NoReceiver                                : loaded 3 times (x 69B)
Class com.google.common.collect.ImmutableMultimap$Builder                             : loaded 3 times (x 81B)
Class kotlin.jvm.internal.FunctionReferenceImpl                                       : loaded 3 times (x 120B)
Class org.jetbrains.kotlin.load.kotlin.header.KotlinClassHeader$Kind$Companion        : loaded 3 times (x 69B)
Class jdk.internal.jimage.decompressor.StringSharingDecompressorFactory               : loaded 3 times (x 72B)
Class kotlin.coroutines.jvm.internal.SuspendFunction                                  : loaded 3 times (x 68B)
Class com.google.common.collect.Maps                                                  : loaded 3 times (x 69B)
Class org.jetbrains.org.objectweb.asm.Type                                            : loaded 3 times (x 70B)
Class kotlin.io.TextStreamsKt                                                         : loaded 3 times (x 69B)
Class jdk.internal.jimage.decompressor.ResourceDecompressorFactory                    : loaded 3 times (x 72B)
Class org.jetbrains.org.objectweb.asm.Context                                         : loaded 3 times (x 70B)
Class com.google.common.collect.ImmutableMultimap$Values                              : loaded 3 times (x 124B)
Class com.google.common.primitives.IntsMethodsForWeb                                  : loaded 3 times (x 69B)
Class jdk.internal.jimage.decompressor.ZipDecompressor                                : loaded 3 times (x 73B)
Class kotlin.jvm.internal.CollectionToArray                                           : loaded 3 times (x 69B)
Class org.jetbrains.kotlin.config.LanguageFeature$State                               : loaded 3 times (x 80B)
Class kotlin.text.MatchResult$DefaultImpls                                            : loaded 3 times (x 69B)
Class kotlin.text.MatchResult$Destructured                                            : loaded 3 times (x 70B)
Class org.gradle.internal.IoActions                                                   : loaded 3 times (x 69B)
Class kotlin.coroutines.CoroutineContext                                              : loaded 3 times (x 68B)
Class com.google.common.math.IntMath                                                  : loaded 3 times (x 69B)
Class kotlin.collections.State                                                        : loaded 3 times (x 77B)
Class com.google.common.base.Joiner                                                   : loaded 3 times (x 77B)
Class org.jetbrains.kotlin.config.ExplicitApiMode$Companion                           : loaded 3 times (x 69B)
Class com.google.common.collect.Sets                                                  : loaded 3 times (x 69B)
Class kotlin.text.Regex                                                               : loaded 3 times (x 70B)
Class org.jetbrains.kotlin.util.capitalizeDecapitalize.CapitalizeDecapitalizeKt       : loaded 3 times (x 69B)
Class com.google.common.collect.SortedMapDifference                                   : loaded 3 times (x 68B)
Class org.objectweb.asm.Attribute                                                     : loaded 3 times (x 75B)
Class kotlin.coroutines.jvm.internal.BaseContinuationImpl                             : loaded 3 times (x 85B)
Class org.jetbrains.kotlin.metadata.deserialization.BinaryVersion$Companion           : loaded 3 times (x 69B)
Class com.google.common.collect.ImmutableMultimap$Keys                                : loaded 3 times (x 164B)
Class kotlin.jvm.internal.ArrayIterator                                               : loaded 3 times (x 77B)
Class com.google.common.base.CharMatcher$Whitespace                                   : loaded 3 times (x 110B)
Class org.gradle.internal.Cast                                                        : loaded 3 times (x 69B)
Class org.jetbrains.kotlin.load.java.JvmAbi                                           : loaded 3 times (x 69B)
Class org.jetbrains.kotlin.load.kotlin.FileBasedKotlinClass$1                         : loaded 3 times (x 86B)
Class com.google.common.collect.NullnessCasts                                         : loaded 3 times (x 69B)
Class kotlin.coroutines.jvm.internal.DebugProbesKt                                    : loaded 3 times (x 69B)
Class kotlin.coroutines.EmptyCoroutineContext                                         : loaded 3 times (x 75B)
Class [Lorg.jetbrains.org.objectweb.asm.Label;                                        : loaded 3 times (x 67B)
Class com.google.common.collect.Iterators$10                                          : loaded 3 times (x 79B)
Class kotlin.jvm.internal.FunctionReference                                           : loaded 3 times (x 120B)
Class kotlin.io.LinesSequence$iterator$1                                              : loaded 3 times (x 77B)
Class org.jetbrains.kotlin.load.kotlin.FileBasedKotlinClass$2                         : loaded 3 times (x 86B)
Class com.google.common.collect.Lists$ReverseList                                     : loaded 3 times (x 160B)
Class com.google.common.collect.EmptyImmutableListMultimap                            : loaded 3 times (x 174B)
Class com.google.common.io.Closer$Suppressor                                          : loaded 3 times (x 68B)
Class [Lorg.jetbrains.kotlin.config.ExplicitApiMode;                                  : loaded 3 times (x 67B)
Class com.google.common.collect.AbstractMapBasedMultimap$WrappedList                  : loaded 3 times (x 165B)
Class [Lorg.objectweb.asm.Type;                                                       : loaded 3 times (x 67B)
Class org.jetbrains.kotlin.load.kotlin.FileBasedKotlinClass$3                         : loaded 3 times (x 76B)
Class kotlin.sequences.TransformingSequence                                           : loaded 3 times (x 73B)
Class com.google.common.collect.ImmutableEnumMap                                      : loaded 3 times (x 123B)
Class kotlin.sequences.TransformingSequence$iterator$1                                : loaded 3 times (x 77B)
Class [Lkotlin.collections.State;                                                     : loaded 3 times (x 67B)
Class com.google.common.collect.Lists$ReverseList$1                                   : loaded 3 times (x 97B)
Class org.jetbrains.kotlin.name.FqName                                                : loaded 3 times (x 70B)
Class org.jetbrains.kotlin.load.kotlin.FileBasedKotlinClass$4                         : loaded 3 times (x 86B)
Class org.jetbrains.kotlin.load.kotlin.KotlinJvmBinaryClass$AnnotationVisitor         : loaded 3 times (x 68B)
Class org.jetbrains.kotlin.config.LanguageVersionSettings                             : loaded 3 times (x 68B)
Class kotlin.jvm.internal.StringCompanionObject                                       : loaded 3 times (x 69B)
Class kotlin.collections.AbstractList$SubList                                         : loaded 3 times (x 158B)
Class kotlin.jvm.internal.markers.KMutableCollection                                  : loaded 3 times (x 68B)
Class org.jetbrains.kotlin.metadata.deserialization.BinaryVersion                     : loaded 3 times (x 72B)
Class org.jetbrains.org.objectweb.asm.ClassVisitor                                    : loaded 3 times (x 86B)
Class org.jetbrains.kotlin.cli.common.messages.MessageCollector                       : loaded 3 times (x 68B)
Class kotlin.KotlinNothingValueException                                              : loaded 3 times (x 80B)
Class com.google.common.collect.ForwardingObject                                      : loaded 3 times (x 70B)
Class com.google.common.base.CharMatcher$JavaLetterOrDigit                            : loaded 3 times (x 109B)
Class org.gradle.api.GradleException                                                  : loaded 3 times (x 80B)
Class org.jetbrains.org.objectweb.asm.MethodVisitor                                   : loaded 3 times (x 103B)
Class kotlin.sequences.SequencesKt___SequencesKt$flatMap$2                            : loaded 3 times (x 123B)
Class com.google.common.collect.RegularImmutableBiMap                                 : loaded 3 times (x 146B)
Class kotlin.collections.AbstractIterator$WhenMappings                                : loaded 3 times (x 69B)
Class org.objectweb.asm.AnnotationVisitor                                             : loaded 3 times (x 76B)
Class org.jetbrains.kotlin.config.AnalysisFlag                                        : loaded 3 times (x 70B)
Class [Lorg.jetbrains.org.objectweb.asm.Attribute;                                    : loaded 3 times (x 67B)
Class kotlin.coroutines.jvm.internal.CoroutineStackFrame                              : loaded 3 times (x 68B)
Class jdk.internal.jimage.decompressor.ZipDecompressorFactory                         : loaded 3 times (x 72B)
Class org.jetbrains.kotlin.name.Name                                                  : loaded 3 times (x 73B)
Class com.android.ide.common.repository.AgpVersion$PreviewKind$Companion              : loaded 3 times (x 69B)
Class com.google.common.base.CharMatcher$Invisible                                    : loaded 3 times (x 110B)
Class org.jetbrains.org.objectweb.asm.RecordComponentVisitor                          : loaded 3 times (x 75B)
Class org.objectweb.asm.Context                                                       : loaded 3 times (x 70B)
Class kotlin.reflect.KFunction                                                        : loaded 3 times (x 68B)
Class com.google.common.collect.Hashing                                               : loaded 3 times (x 69B)
Class kotlin.jvm.internal.markers.KMutableList                                        : loaded 3 times (x 68B)
Class com.google.common.base.CharMatcher$SingleWidth                                  : loaded 3 times (x 110B)
Class kotlin.ResultKt                                                                 : loaded 3 times (x 69B)
Class com.google.common.base.Joiner$1                                                 : loaded 3 times (x 78B)
Class kotlin.LazyKt__LazyKt                                                           : loaded 3 times (x 69B)
Class kotlin.jvm.KotlinReflectionNotSupportedError                                    : loaded 3 times (x 80B)
Class com.google.common.base.Joiner$2                                                 : loaded 3 times (x 77B)
Class kotlin.collections.CollectionsKt___CollectionsKt$asSequence$$inlined$Sequence$1 : loaded 3 times (x 73B)
Class com.google.common.io.Closer                                                     : loaded 3 times (x 76B)
Class org.jetbrains.kotlin.load.kotlin.KotlinJvmBinaryClass                           : loaded 3 times (x 68B)
Class jdk.internal.jrtfs.JrtFileStore                                                 : loaded 3 times (x 81B)
Class kotlin.io.TerminateException                                                    : loaded 3 times (x 80B)
Class com.google.common.collect.ArrayListMultimap                                     : loaded 3 times (x 170B)
Class org.jetbrains.org.objectweb.asm.ModuleVisitor                                   : loaded 3 times (x 79B)
Class com.google.common.collect.ImmutableMultiset                                     : loaded 3 times (x 161B)
Class [Lorg.objectweb.asm.Label;                                                      : loaded 3 times (x 67B)
Class org.jetbrains.kotlin.cli.common.CompilerSystemProperties                        : loaded 3 times (x 78B)
Class com.google.common.math.MathPreconditions                                        : loaded 3 times (x 69B)
Class com.android.ide.common.repository.AgpVersion$Companion                          : loaded 3 times (x 69B)
Class org.jetbrains.kotlin.load.kotlin.FileBasedKotlinClass                           : loaded 3 times (x 86B)
Class org.objectweb.asm.Label                                                         : loaded 3 times (x 71B)
Class org.jetbrains.kotlin.name.ClassId                                               : loaded 3 times (x 70B)
Class com.google.common.math.IntMath$1                                                : loaded 3 times (x 69B)
Class com.google.common.base.CharMatcher$JavaLetter                                   : loaded 3 times (x 109B)
Class kotlin.jvm.internal.markers.KMutableIterable                                    : loaded 3 times (x 68B)
Class kotlin.collections.IntIterator                                                  : loaded 3 times (x 80B)
Class com.google.common.io.Closer$SuppressingSuppressor                               : loaded 3 times (x 73B)
Class com.google.common.collect.ImmutableMultimap$1                                   : loaded 3 times (x 80B)
Class com.google.common.collect.ImmutableMultimap$2                                   : loaded 3 times (x 79B)
Class com.google.common.collect.Sets$SetView                                          : loaded 3 times (x 136B)
Class kotlin.Result$Companion                                                         : loaded 3 times (x 69B)
Class com.google.common.collect.ImmutableMultimap$EntryCollection                     : loaded 3 times (x 125B)
Class kotlin.Result$Failure                                                           : loaded 3 times (x 70B)
Class com.google.common.collect.MapDifference                                         : loaded 3 times (x 68B)
Class com.google.common.collect.Maps$8                                                : loaded 3 times (x 80B)
Class com.android.ide.common.repository.AgpVersion$Companion$WhenMappings             : loaded 3 times (x 69B)
Class com.google.common.collect.Sets$1                                                : loaded 3 times (x 137B)
Class com.google.common.collect.Sets$2                                                : loaded 3 times (x 137B)
Class kotlin.reflect.KCallable                                                        : loaded 3 times (x 68B)
Class com.google.common.collect.Sets$3                                                : loaded 3 times (x 137B)
Class com.google.common.collect.Sets$4                                                : loaded 3 times (x 137B)
Class kotlin.text.MatcherMatchResult$groups$1                                         : loaded 3 times (x 149B)
Class kotlin.collections.ArraysKt___ArraysKt$asSequence$$inlined$Sequence$1           : loaded 3 times (x 73B)
Class kotlin.collections.AbstractMutableList                                          : loaded 3 times (x 166B)
Class org.jetbrains.kotlin.resolve.jvm.JvmClassName                                   : loaded 3 times (x 74B)
Class com.google.common.collect.AbstractMapBasedMultimap$WrappedCollection            : loaded 3 times (x 122B)
Class kotlin.coroutines.intrinsics.CoroutineSingletons                                : loaded 3 times (x 77B)
Class com.google.common.collect.AbstractMapBasedMultimap$WrappedCollection$WrappedIterator: loaded 3 times (x 82B)
Class kotlin.reflect.KDeclarationContainer                                            : loaded 3 times (x 68B)
Class org.objectweb.asm.MethodWriter                                                  : loaded 3 times (x 104B)
Class org.jetbrains.org.objectweb.asm.MethodWriter                                    : loaded 3 times (x 104B)
Class com.google.common.primitives.Ints                                               : loaded 3 times (x 69B)
Class kotlin.coroutines.jvm.internal.RestrictedSuspendLambda                          : loaded 3 times (x 89B)
Class kotlin.io.FileSystemException                                                   : loaded 3 times (x 80B)
Class kotlin.coroutines.intrinsics.IntrinsicsKt                                       : loaded 3 times (x 69B)
Class [Lorg.jetbrains.kotlin.config.JvmDefaultMode;                                   : loaded 3 times (x 67B)
Class kotlin.SynchronizedLazyImpl                                                     : loaded 3 times (x 74B)
Class org.jetbrains.kotlin.config.JvmDefaultMode                                      : loaded 3 times (x 77B)
Class kotlin.collections.AbstractIterator                                             : loaded 3 times (x 81B)
Class kotlin.Lazy                                                                     : loaded 3 times (x 68B)
Class com.google.common.collect.ImmutableSortedSetFauxverideShim                      : loaded 3 times (x 145B)
Class com.google.common.base.Converter                                                : loaded 3 times (x 88B)
Class org.jetbrains.kotlin.config.LanguageFeature                                     : loaded 3 times (x 78B)
Class kotlin.jvm.internal.CallableReference                                           : loaded 3 times (x 104B)
Class org.jetbrains.kotlin.name.FqNameUnsafe$1                                        : loaded 3 times (x 72B)
Class kotlin.sequences.SequencesKt__SequencesKt$flatten$3                             : loaded 3 times (x 76B)
Class com.google.common.base.CharMatcher$JavaUpperCase                                : loaded 3 times (x 109B)
Class kotlin.sequences.SequencesKt__SequencesKt$flatten$1                             : loaded 3 times (x 76B)
Class kotlin.text.MatchNamedGroupCollection                                           : loaded 3 times (x 68B)
Class kotlin.io.CloseableKt                                                           : loaded 3 times (x 69B)
Class com.google.common.collect.Multiset                                              : loaded 3 times (x 68B)
Class org.objectweb.asm.Type                                                          : loaded 3 times (x 70B)
Class org.objectweb.asm.MethodVisitor                                                 : loaded 3 times (x 103B)
Class org.jetbrains.kotlin.name.FqNameUnsafe                                          : loaded 3 times (x 70B)
Class kotlin.text.RegexKt                                                             : loaded 3 times (x 69B)
Class org.jetbrains.kotlin.load.kotlin.FileBasedKotlinClass$InnerClassesInfo          : loaded 3 times (x 72B)
Class com.google.common.collect.AbstractMapBasedMultimap                              : loaded 3 times (x 137B)
Class org.jetbrains.kotlin.resolve.OverrideResolver$Companion$createCannotInferVisibilityReporter$1: loaded 2 times (x 77B)
Class org.jetbrains.kotlin.descriptors.impl.AbstractTypeParameterDescriptor$TypeParameterTypeConstructor: loaded 2 times (x 96B)
Class org.jetbrains.kotlin.psi.KtProperty                                             : loaded 2 times (x 1320B)
Class [Lorg.jetbrains.kotlin.resolve.jvm.extensions.SyntheticJavaResolveExtension;    : loaded 2 times (x 67B)
Class org.jetbrains.kotlin.extensions.TypeAttributeTranslatorExtension                : loaded 2 times (x 68B)
Class com.android.builder.model.v2.dsl.BaseConfig                                     : loaded 2 times (x 68B)
Class org.jetbrains.kotlin.resolve.calls.components.ClassicTypeSystemContextForCS     : loaded 2 times (x 896B)
Class [Lorg.jetbrains.kotlin.psi.KtSuperTypeList;                                     : loaded 2 times (x 67B)
Class org.jetbrains.kotlin.psi.stubs.elements.KtBackingFieldElementType               : loaded 2 times (x 101B)
Class org.jetbrains.kotlin.scripting.definitions.LazyClasspathWithClassLoader$classpath$2: loaded 2 times (x 77B)
Class org.jetbrains.kotlin.resolve.extensions.SyntheticResolveExtension$Companion     : loaded 2 times (x 70B)
Class org.jetbrains.kotlin.cli.jvm.compiler.KotlinCliJavaFileManagerImpl$findPackage$3: loaded 2 times (x 787B)
Class com.amazon.ion.impl.bin._Private_IonManagedWriter                               : loaded 2 times (x 68B)
Class org.jetbrains.kotlin.resolve.lazy.FileScopeFactory$currentPackageScope$names$2  : loaded 2 times (x 77B)
Class org.jetbrains.kotlin.types.AbstractTypeConstructor$supertypes$3$resultWithoutCycles$1: loaded 2 times (x 77B)
Class org.jetbrains.kotlin.resolve.lazy.CompilerLocalDescriptorResolver               : loaded 2 times (x 73B)
Class org.jetbrains.kotlin.cli.jvm.index.JvmDependenciesIndexImpl$rootCache$2         : loaded 2 times (x 77B)
Class org.jetbrains.kotlin.builtins.UnsignedTypes                                     : loaded 2 times (x 69B)
Class org.jetbrains.kotlin.load.java.typeEnhancement.TypeEnhancementKt                : loaded 2 times (x 69B)
Class org.gradle.internal.exceptions.DefaultMultiCauseException                       : loaded 2 times (x 93B)
Class org.jetbrains.kotlin.types.NotNullTypeParameter                                 : loaded 2 times (x 68B)
Class org.jetbrains.kotlin.types.TypeSubstitution$Companion$EMPTY$1                   : loaded 2 times (x 75B)
Class org.jetbrains.kotlin.types.AbstractTypeConstructor$supertypes$3$resultWithoutCycles$2: loaded 2 times (x 77B)
Class com.google.common.cache.LocalCache$AbstractReferenceEntry                       : loaded 2 times (x 105B)
Class org.jetbrains.kotlin.builtins.PrimitiveType$Companion                           : loaded 2 times (x 69B)
Class org.jetbrains.kotlin.metadata.ProtoBuf$QualifiedNameTable$QualifiedName         : loaded 2 times (x 108B)
Class org.jetbrains.kotlin.resolve.calls.tower.TowerData$TowerLevel                   : loaded 2 times (x 70B)
Class org.jetbrains.kotlin.descriptors.InlineClassRepresentation                      : loaded 2 times (x 73B)
Class org.jetbrains.kotlin.renderer.AnnotationArgumentsRenderingPolicy                : loaded 2 times (x 77B)
Class org.jetbrains.kotlin.renderer.DescriptorRendererOptionsImpl$property$$inlined$vetoable$1: loaded 2 times (x 81B)
Class org.jetbrains.kotlin.psi.KtDotQualifiedExpression$Companion                     : loaded 2 times (x 69B)
Class com.google.common.reflect.Reflection                                            : loaded 2 times (x 69B)
Class org.jetbrains.kotlin.load.java.JavaTypeEnhancementState$Companion               : loaded 2 times (x 69B)
Class org.jetbrains.kotlin.builtins.functions.FunctionTypeKindExtractor               : loaded 2 times (x 70B)
Class org.jetbrains.kotlin.builtins.StandardNames                                     : loaded 2 times (x 69B)
Class org.jetbrains.kotlin.metadata.ProtoBuf$TypeParameter$Variance$1                 : loaded 2 times (x 72B)
Class org.jetbrains.kotlin.resolve.checkers.UnderscoreChecker                         : loaded 2 times (x 72B)
Class org.jetbrains.kotlin.psi.KtQualifiedExpression                                  : loaded 2 times (x 68B)
Class [Lkotlin.DeprecationLevel;                                                      : loaded 2 times (x 67B)
Class org.jetbrains.kotlin.resolve.DeclarationsChecker                                : loaded 2 times (x 70B)
Class com.google.common.io.Files$FileByteSource                                       : loaded 2 times (x 83B)
Class org.jetbrains.kotlin.util.OneElementArrayMap                                    : loaded 2 times (x 82B)
Class org.jetbrains.kotlin.types.ErasureTypeAttributes                                : loaded 2 times (x 75B)
Class org.jetbrains.kotlin.resolve.StatementFilter                                    : loaded 2 times (x 70B)
Class org.jetbrains.kotlin.resolve.OverridingUtil$OverrideCompatibilityInfo$Result    : loaded 2 times (x 77B)
Class org.jetbrains.kotlin.resolve.scopes.GivenFunctionsMemberScope$allDescriptors$2  : loaded 2 times (x 77B)
Class org.jetbrains.kotlin.resolve.checkers.PropertiesWithBackingFieldsInsideValueClass: loaded 2 times (x 72B)
Class org.jetbrains.kotlin.container.ComponentStorageState                            : loaded 2 times (x 77B)
Class [Lorg.jetbrains.kotlin.psi.KtTypeArgumentList;                                  : loaded 2 times (x 67B)
Class org.jetbrains.kotlin.types.DefaultTypeAttributeTranslator                       : loaded 2 times (x 73B)
Class com.android.utils.EnvironmentProvider                                           : loaded 2 times (x 68B)
Class org.jetbrains.org.objectweb.asm.tree.MethodNode                                 : loaded 2 times (x 107B)
Class org.jetbrains.kotlin.resolve.LazyTopDownAnalyzer                                : loaded 2 times (x 70B)
Class org.jetbrains.kotlin.descriptors.ScopesHolderForClass                           : loaded 2 times (x 70B)
Class [Lcom.android.builder.model.v2.ide.BytecodeTransformation;                      : loaded 2 times (x 67B)
Class org.jetbrains.kotlin.config.JVMAssertionsMode$Companion                         : loaded 2 times (x 69B)
Class org.jetbrains.kotlin.resolve.deprecation.DeprecationResolver$deprecations$1     : loaded 2 times (x 77B)
Class org.jetbrains.kotlin.container.ResolveKt                                        : loaded 2 times (x 69B)
Class org.jetbrains.kotlin.types.TypeParameterUpperBoundEraser$erroneousErasedBound$2 : loaded 2 times (x 77B)
Class kotlin.script.experimental.api.ScriptCompilationKt                              : loaded 2 times (x 69B)
Class org.jetbrains.kotlin.load.kotlin.AbstractBinaryClassAnnotationAndConstantLoader$storage$1: loaded 2 times (x 77B)
Class org.jetbrains.kotlin.builtins.BuiltInsLoader$Companion                          : loaded 2 times (x 69B)
Class [Lorg.jetbrains.kotlin.builtins.functions.FunctionTypeKind;                     : loaded 2 times (x 67B)
Class org.jetbrains.kotlin.diagnostics.PositioningStrategies$VAL_OR_VAR_NODE$1        : loaded 2 times (x 72B)
Class org.jetbrains.kotlin.scripting.compiler.plugin.ScriptingCompilerConfigurationComponentRegistrar: loaded 2 times (x 73B)
Class org.jetbrains.kotlin.cli.jvm.compiler.KotlinCliJavaFileManagerImpl$findPackage$1: loaded 2 times (x 77B)
Class com.amazon.ion.impl.bin.IonRawBinaryWriter$PatchList$Node                       : loaded 2 times (x 70B)
Class com.google.common.collect.AbstractMapBasedMultimap$Itr                          : loaded 2 times (x 81B)
Class org.jetbrains.kotlin.load.java.lazy.descriptors.LazyJavaAnnotationDescriptor$fqName$2: loaded 2 times (x 77B)
Class org.jetbrains.kotlin.diagnostics.PositioningStrategies$CALL_EXPRESSION$1        : loaded 2 times (x 72B)
Class org.gradle.tooling.model.UnsupportedMethodException                             : loaded 2 times (x 80B)
Class org.jetbrains.kotlin.load.java.structure.JavaWildcardType                       : loaded 2 times (x 68B)
Class org.jetbrains.kotlin.resolve.AnnotationTargetLists$T_LOCAL_FUNCTION$1           : loaded 2 times (x 76B)
Class org.jetbrains.kotlin.types.expressions.GenericArrayClassLiteralSupport$Enabled  : loaded 2 times (x 72B)
Class org.jetbrains.kotlin.diagnostics.DiagnosticWithParameters3                      : loaded 2 times (x 115B)
Class it.unimi.dsi.fastutil.objects.Object2IntMap$FastEntrySet                        : loaded 2 times (x 68B)
Class org.jetbrains.kotlin.descriptors.DescriptorVisibilities$1                       : loaded 2 times (x 77B)
Class org.gradle.internal.installation.GradleInstallation$1                           : loaded 2 times (x 73B)
Class [Lcom.android.prefs.VariableValue;                                              : loaded 2 times (x 67B)
Class com.android.builder.model.v2.models.ModelBuilderParameter                       : loaded 2 times (x 68B)
Class com.android.builder.model.v2.ide.ProjectType                                    : loaded 2 times (x 77B)
Class com.google.common.collect.ImmutableSet$EmptySetBuilderImpl                      : loaded 2 times (x 74B)
Class org.jetbrains.kotlin.builtins.UnsignedType                                      : loaded 2 times (x 77B)
Class org.jetbrains.kotlin.types.expressions.DoubleColonLHS$Type                      : loaded 2 times (x 70B)
Class org.jetbrains.kotlin.descriptors.DescriptorVisibilities$2                       : loaded 2 times (x 77B)
Class [Lorg.jetbrains.kotlin.resolve.calls.checkers.AdditionalTypeChecker;            : loaded 2 times (x 67B)
Class org.jetbrains.kotlin.context.ContextKt                                          : loaded 2 times (x 69B)
Class com.amazon.ion.IonBlob                                                          : loaded 2 times (x 68B)
Class org.jetbrains.kotlin.resolve.calls.checkers.ConstructorHeaderCallCheckerKt      : loaded 2 times (x 69B)
Class org.jetbrains.kotlin.descriptors.DescriptorVisibilities$3                       : loaded 2 times (x 77B)
Class org.jetbrains.kotlin.serialization.deserialization.ClassDeserializer            : loaded 2 times (x 70B)
Class org.jetbrains.kotlin.types.StarProjectionImpl$_type$2                           : loaded 2 times (x 77B)
Class org.jetbrains.kotlin.resolve.calls.components.CallableReferenceArgumentResolver : loaded 2 times (x 70B)
Class org.jetbrains.kotlin.resolve.lazy.declarations.FileBasedDeclarationProviderFactory: loaded 2 times (x 81B)
Class org.jetbrains.kotlin.descriptors.DescriptorVisibilities$4                       : loaded 2 times (x 77B)
Class org.jetbrains.kotlin.psi.stubs.KotlinPlaceHolderStub                            : loaded 2 times (x 68B)
Class org.jetbrains.kotlin.psi.stubs.elements.KtStubElementType                       : loaded 2 times (x 98B)
Class org.jetbrains.kotlin.resolve.scopes.DeprecatedLexicalScope                      : loaded 2 times (x 91B)
Class org.jetbrains.kotlin.resolve.calls.tower.ScopeBasedTowerLevel                   : loaded 2 times (x 80B)
Class org.jetbrains.kotlin.resolve.calls.model.CallableReferenceResolutionAtom        : loaded 2 times (x 68B)
Class org.jetbrains.kotlin.descriptors.DescriptorVisibilities$5                       : loaded 2 times (x 77B)
Class org.jetbrains.kotlin.config.AnalysisFlags$multiPlatformDoNotCheckActual$2       : loaded 2 times (x 125B)
Class org.jetbrains.kotlin.serialization.deserialization.descriptors.DeserializedContainerSource: loaded 2 times (x 68B)
Class [Lorg.jetbrains.kotlin.psi.KtDotQualifiedExpression;                            : loaded 2 times (x 67B)
Class org.jetbrains.plugins.gradle.model.GradleSourceSetModel                         : loaded 2 times (x 68B)
Class org.jetbrains.kotlin.descriptors.synthetic.FunctionInterfaceConstructorDescriptor: loaded 2 times (x 68B)
Class org.jetbrains.kotlin.resolve.scopes.SyntheticScope$Default                      : loaded 2 times (x 89B)
Class org.jetbrains.kotlin.descriptors.DescriptorVisibilities$6                       : loaded 2 times (x 77B)
Class javaslang.collection.HashArrayMappedTrieModule$EmptyNode                        : loaded 2 times (x 99B)
Class com.google.common.io.CharSource$ConcatenatedCharSource                          : loaded 2 times (x 84B)
Class org.jetbrains.kotlin.resolve.calls.components.ParameterTypeConversion           : loaded 2 times (x 68B)
Class org.jetbrains.kotlin.resolve.calls.results.SpecificityComparisonCallbacks       : loaded 2 times (x 68B)
Class org.jetbrains.kotlin.types.model.StubTypeMarker                                 : loaded 2 times (x 68B)
Class org.jetbrains.kotlin.descriptors.DescriptorVisibilities$7                       : loaded 2 times (x 77B)
Class org.jetbrains.kotlin.psi.stubs.KotlinPropertyAccessorStub                       : loaded 2 times (x 68B)
Class org.jetbrains.kotlin.scripting.definitions.ScriptDefinition$FromConfigurationsBase$filePathPattern$2: loaded 2 times (x 77B)
Class org.jetbrains.kotlin.load.java.typeEnhancement.PredefinedEnhancementInfoKt$PREDEFINED_FUNCTION_ENHANCEMENT_INFO_BY_SIGNATURE$1$1$7$1: loaded 2 times (x 77B)
Class org.jetbrains.kotlin.serialization.deserialization.descriptors.DeserializedClassConstructorDescriptor: loaded 2 times (x 484B)
Class org.jetbrains.kotlin.resolve.descriptorUtil.DescriptorUtilsKt$WhenMappings      : loaded 2 times (x 69B)
Class org.jetbrains.kotlin.descriptors.DescriptorVisibilities$8                       : loaded 2 times (x 77B)
Class org.jetbrains.kotlin.resolve.checkers.InnerClassInsideValueClass                : loaded 2 times (x 72B)
Class org.jetbrains.kotlin.psi.KtPsiFactoryKt                                         : loaded 2 times (x 69B)
Class [Lorg.jetbrains.kotlin.load.java.typeEnhancement.MutabilityQualifier;           : loaded 2 times (x 67B)
Class org.jetbrains.kotlin.resolve.constants.ConstantValueFactory                     : loaded 2 times (x 69B)
Class org.jetbrains.kotlin.load.java.components.JavaAnnotationDescriptor              : loaded 2 times (x 85B)
Class org.jetbrains.kotlin.types.SpecialTypesKt                                       : loaded 2 times (x 69B)
Class org.jetbrains.kotlin.types.expressions.DoubleColonExpressionResolver$ResolutionResultsAndTraceCommitCallback: loaded 2 times (x 70B)
Class org.jetbrains.kotlin.descriptors.TypeParameterDescriptor                        : loaded 2 times (x 68B)
Class org.jetbrains.kotlin.descriptors.DescriptorVisibilities$9                       : loaded 2 times (x 77B)
Class org.jetbrains.kotlin.psi.KtStringTemplateEntryWithExpression                    : loaded 2 times (x 442B)
Class org.jetbrains.kotlin.descriptors.impl.AbstractReceiverParameterDescriptor       : loaded 2 times (x 242B)
Class org.jetbrains.kotlin.cli.jvm.index.JvmDependenciesIndex                         : loaded 2 times (x 68B)
Class org.jetbrains.kotlin.resolve.calls.tower.NoExplicitReceiverScopeTowerProcessor  : loaded 2 times (x 82B)
Class com.amazon.ion.impl.lite.ContainerlessContext                                   : loaded 2 times (x 78B)
Class com.google.common.base.Equivalence                                              : loaded 2 times (x 80B)
Class org.jetbrains.kotlin.resolve.calls.model.KotlinCallDiagnosticsKt                : loaded 2 times (x 69B)
Class org.jetbrains.kotlin.load.java.lazy.LazyJavaPackageFragmentProvider$getPackageFragment$1: loaded 2 times (x 77B)
Class org.jetbrains.kotlin.load.java.JavaTypeQualifiersByElementType                  : loaded 2 times (x 70B)
Class org.jetbrains.kotlin.resolve.calls.model.ResolvedValueArgument                  : loaded 2 times (x 68B)
Class org.jetbrains.kotlin.metadata.jvm.JvmProtoBuf                                   : loaded 2 times (x 69B)
Class org.jetbrains.kotlin.metadata.ProtoBuf$Annotation$ArgumentOrBuilder             : loaded 2 times (x 68B)
Class org.jetbrains.kotlin.resolve.calls.checkers.EnumEntryVsCompanionPriorityCallChecker: loaded 2 times (x 72B)
Class org.gradle.api.internal.DefaultClassPathProvider                                : loaded 2 times (x 74B)
Class org.gradle.tooling.internal.adapter.ProtocolToModelAdapter$PropertyCachingMethodInvoker: loaded 2 times (x 74B)
Class org.gradle.tooling.model.build.JavaEnvironment                                  : loaded 2 times (x 68B)
Class com.google.common.cache.LocalCache$EntryFactory$1                               : loaded 2 times (x 81B)
Class org.jetbrains.kotlin.resolve.calls.tower.NewCallArgumentsKt                     : loaded 2 times (x 69B)
Class com.google.common.cache.LocalCache$Segment                                      : loaded 2 times (x 152B)
Class org.jetbrains.kotlin.resolve.FindLoopsInSupertypes                              : loaded 2 times (x 69B)
Class org.jetbrains.kotlin.resolve.calls.model.KotlinDiagnosticsHolder                : loaded 2 times (x 68B)
Class com.google.common.collect.MapMakerInternalMap$Strength                          : loaded 2 times (x 78B)
Class com.amazon.ion.IonDecimal                                                       : loaded 2 times (x 68B)
Class com.google.common.cache.LocalCache$EntryFactory$2                               : loaded 2 times (x 81B)
Class org.jetbrains.kotlin.load.java.JavaNullabilityAnnotationSettingsKt              : loaded 2 times (x 69B)
Class org.jetbrains.kotlin.resolve.jvm.JvmCompilerDeserializationConfiguration        : loaded 2 times (x 83B)
Class org.jetbrains.kotlin.renderer.DescriptorRendererImpl$RenderDeclarationDescriptorVisitor: loaded 2 times (x 87B)
Class [Lorg.jetbrains.kotlin.psi.KtNamed;                                             : loaded 2 times (x 67B)
Class [Lkotlin.io.FileWalkDirection;                                                  : loaded 2 times (x 67B)
Class com.google.common.collect.ImmutableSet$SerializedForm                           : loaded 2 times (x 71B)
Class com.google.common.cache.LocalCache$EntryFactory$3                               : loaded 2 times (x 81B)
Class org.jetbrains.kotlin.resolve.DescriptorFactory                                  : loaded 2 times (x 69B)
Class org.jetbrains.kotlin.resolve.lazy.LazyImportScope$getClassifier$1               : loaded 2 times (x 77B)
Class org.jetbrains.kotlin.synthetic.JavaSyntheticScopes                              : loaded 2 times (x 73B)
Class [Lorg.jetbrains.kotlin.serialization.deserialization.AnnotatedCallableKind;     : loaded 2 times (x 67B)
Class [Lorg.jetbrains.kotlin.protobuf.Internal$EnumLite;                              : loaded 2 times (x 67B)
Class org.jetbrains.kotlin.resolve.calls.checkers.ResultTypeWithNullableOperatorsChecker: loaded 2 times (x 72B)
Class org.gradle.tooling.internal.adapter.ProtocolToModelAdapter$NoOpDecoration       : loaded 2 times (x 77B)
Class com.google.common.cache.LocalCache$EntryFactory$4                               : loaded 2 times (x 81B)
Class org.jetbrains.kotlin.resolve.calls.util.CallMaker$3                             : loaded 2 times (x 85B)
Class org.jetbrains.kotlin.load.kotlin.AbstractBinaryClassAnnotationLoader$Companion  : loaded 2 times (x 69B)
Class org.jetbrains.kotlin.serialization.deserialization.ProtoEnumFlagsUtilsKt$WhenMappings: loaded 2 times (x 69B)
Class org.jetbrains.kotlin.resolve.checkers.OptInUsageChecker$Companion$getDefaultDiagnosticMessage$1: loaded 2 times (x 77B)
Class org.jetbrains.kotlin.resolve.calls.tower.NewResolutionOldInference$ResolutionKind$Variable: loaded 2 times (x 70B)
Class org.jetbrains.kotlin.psi.KtCallableReferenceExpression                          : loaded 2 times (x 511B)
Class org.jetbrains.kotlin.resolve.jvm.modules.JavaModule                             : loaded 2 times (x 68B)
Class com.google.common.cache.LocalCache$EntryFactory$5                               : loaded 2 times (x 81B)
Class org.jetbrains.kotlin.serialization.deserialization.descriptors.DeserializedSimpleFunctionDescriptor: loaded 2 times (x 427B)
Class org.jetbrains.kotlin.psi.KtModifierListOwnerStub                                : loaded 2 times (x 579B)
Class com.google.common.cache.LocalCache$EntryFactory$6                               : loaded 2 times (x 81B)
Class org.gradle.internal.time.MonotonicClock                                         : loaded 2 times (x 75B)
Class com.google.common.reflect.TypeResolver$TypeVariableKey                          : loaded 2 times (x 70B)
Class com.google.common.cache.LocalCache$EntryFactory$7                               : loaded 2 times (x 81B)
Class org.jetbrains.kotlin.types.error.ErrorScope                                     : loaded 2 times (x 100B)
Class com.google.common.cache.LocalCache$EntryFactory$8                               : loaded 2 times (x 81B)
Class org.jetbrains.kotlin.utils.FunctionsKt$IDENTITY$1                               : loaded 2 times (x 76B)
Class org.jetbrains.kotlin.name.FqNamesUtilKt$WhenMappings                            : loaded 2 times (x 69B)
Class org.jetbrains.kotlin.extensions.StorageComponentContainerContributor$Companion  : loaded 2 times (x 70B)
Class org.gradle.tooling.internal.adapter.ProtocolToModelAdapter$SupportedPropertyInvoker: loaded 2 times (x 74B)
Class org.jetbrains.kotlin.resolve.calls.results.FlatSignatureForResolvedCallKt$createOverloadingConflictResolver$1: loaded 2 times (x 123B)
Class org.jetbrains.kotlin.resolve.calls.inference.ConstraintSystemBuilder            : loaded 2 times (x 68B)
Class org.jetbrains.kotlin.protobuf.WireFormat                                        : loaded 2 times (x 69B)
Class org.jetbrains.kotlin.idea.gradleTooling.KotlinMPPGradleModel                    : loaded 2 times (x 68B)
Class org.jetbrains.kotlin.load.java.typeEnhancement.SignatureEnhancement$enhanceTypeParameterBounds$1$1: loaded 2 times (x 76B)
Class org.jetbrains.kotlin.resolve.lazy.descriptors.LazyClassMemberScope$Companion    : loaded 2 times (x 69B)
Class org.jetbrains.kotlin.resolve.calls.results.FlatSignatureForResolvedCallKt$createOverloadingConflictResolver$2: loaded 2 times (x 123B)
Class org.jetbrains.kotlin.serialization.deserialization.descriptors.DeserializedClassDescriptor$valueClassRepresentation$1: loaded 2 times (x 77B)
Class org.jetbrains.kotlin.resolve.calls.checkers.BuilderFunctionsCallChecker         : loaded 2 times (x 72B)
Class com.amazon.ion.impl.bin.IonRawBinaryWriter$PreallocationMode$1                  : loaded 2 times (x 80B)
Class kotlin.collections.ArrayDeque$Companion                                         : loaded 2 times (x 69B)
Class org.jetbrains.kotlin.resolve.calls.tower.TowerLevelsKt                          : loaded 2 times (x 69B)
Class org.jetbrains.kotlin.resolve.calls.results.FlatSignatureForResolvedCallKt$createOverloadingConflictResolver$3: loaded 2 times (x 123B)
Class org.jetbrains.kotlin.mpp.ValueParameterSymbolMarker                             : loaded 2 times (x 68B)
Class org.jetbrains.kotlin.builtins.jvm.JvmBuiltInsPackageFragmentProvider            : loaded 2 times (x 83B)
Class [Lorg.jetbrains.kotlin.container.PlatformExtensionsClashResolver;               : loaded 2 times (x 67B)
Class org.jetbrains.kotlin.utils.CollectionsKt                                        : loaded 2 times (x 69B)
Class com.amazon.ion.impl.bin.IonRawBinaryWriter$PreallocationMode$2                  : loaded 2 times (x 80B)
Class org.jetbrains.kotlin.resolve.calls.results.FlatSignatureForResolvedCallKt$createOverloadingConflictResolver$4: loaded 2 times (x 76B)
Class org.jetbrains.kotlin.resolve.calls.checkers.ReifiedTypeParameterSubstitutionChecker: loaded 2 times (x 73B)
Class org.jetbrains.kotlin.resolve.checkers.AnnotationClassTargetAndRetentionChecker  : loaded 2 times (x 72B)
Class org.jetbrains.kotlin.builtins.PlatformToKotlinClassMapper                       : loaded 2 times (x 68B)
Class org.jetbrains.kotlin.resolve.jvm.checkers.ApiVersionIsAtLeastArgumentsChecker   : loaded 2 times (x 72B)
Class org.jetbrains.kotlin.resolve.scopes.synthetic.FunInterfaceConstructorsSyntheticScope: loaded 2 times (x 90B)
Class com.amazon.ion.impl.bin.IonRawBinaryWriter$PreallocationMode$3                  : loaded 2 times (x 80B)
Class com.google.common.cache.LocalCache$StrongValueReference                         : loaded 2 times (x 88B)
Class org.jetbrains.kotlin.resolve.calls.components.KotlinCallCompleter$runCompletion$1: loaded 2 times (x 77B)
Class org.jetbrains.kotlin.resolve.calls.results.FlatSignatureForResolvedCallKt$createOverloadingConflictResolver$5: loaded 2 times (x 76B)
Class org.jetbrains.kotlin.storage.LockBasedStorageManager$CacheWithNotNullValuesBasedOnMemoizedFunction: loaded 2 times (x 87B)
Class org.jetbrains.kotlin.descriptors.CallableMemberDescriptor$CopyBuilder           : loaded 2 times (x 68B)
Class org.jetbrains.kotlin.fir.extensions.FirAnalysisHandlerExtension$Companion       : loaded 2 times (x 70B)
Class org.gradle.internal.classloader.FilteringClassLoader                            : loaded 2 times (x 103B)
Class org.jetbrains.kotlin.resolve.calls.components.SuspendTypeConversions            : loaded 2 times (x 75B)
Class org.jetbrains.org.objectweb.asm.TypeReference                                   : loaded 2 times (x 78B)
Class org.jetbrains.kotlin.types.DynamicType                                          : loaded 2 times (x 100B)
Class org.jetbrains.kotlin.resolve.calls.checkers.IncorrectCapturedApproximationCallChecker: loaded 2 times (x 72B)
Class org.jetbrains.kotlin.cli.jvm.index.JavaRoot$RootTypes                           : loaded 2 times (x 69B)
Class com.android.manifmerger.ManifestMerger2$MergeFailureException                   : loaded 2 times (x 80B)
Class com.amazon.ion.impl.lite.IonSymbolLite                                          : loaded 2 times (x 244B)
Class org.jetbrains.kotlin.resolve.BindingContextUtils                                : loaded 2 times (x 69B)
Class org.jetbrains.kotlin.load.java.lazy.descriptors.LazyJavaPackageFragment$binaryClasses$2: loaded 2 times (x 77B)
Class javaslang.collection.HashMap                                                    : loaded 2 times (x 467B)
Class org.jetbrains.kotlin.incremental.KotlinLookupLocation$cachedLocation$2          : loaded 2 times (x 77B)
Class org.jetbrains.kotlin.load.kotlin.AbstractBinaryClassAnnotationLoader$AnnotationsContainer: loaded 2 times (x 70B)
Class org.jetbrains.kotlin.resolve.jvm.checkers.JvmModuleAccessibilityChecker$ClassifierUsage: loaded 2 times (x 73B)
Class org.jetbrains.kotlin.descriptors.DeclarationDescriptorVisitor                   : loaded 2 times (x 68B)
Class org.jetbrains.kotlin.diagnostics.DiagnosticFactory0                             : loaded 2 times (x 79B)
Class org.jetbrains.kotlin.psi.KotlinStringLiteralTextEscaper                         : loaded 2 times (x 74B)
Class [Lorg.jetbrains.kotlin.psi.KtValueArgumentList;                                 : loaded 2 times (x 67B)
Class org.jetbrains.kotlin.resolve.calls.components.KotlinCallCompleter$WhenMappings  : loaded 2 times (x 69B)
Class org.jetbrains.kotlin.load.java.structure.impl.VirtualFileBoundJavaClass         : loaded 2 times (x 68B)
Class org.jetbrains.kotlin.serialization.deserialization.DeserializedClassDataFinder  : loaded 2 times (x 73B)
Class org.jetbrains.kotlin.resolve.descriptorUtil.DescriptorUtilsKt                   : loaded 2 times (x 69B)
Class org.jetbrains.kotlin.diagnostics.DiagnosticFactory1                             : loaded 2 times (x 79B)
Class org.jetbrains.kotlin.psi.ValueArgument                                          : loaded 2 times (x 68B)
Class org.jetbrains.kotlin.util.NoDefaultAndVarargsCheck                              : loaded 2 times (x 74B)
Class [Lorg.jetbrains.kotlin.metadata.ProtoBuf$VersionRequirement$Level;              : loaded 2 times (x 67B)
Class org.jetbrains.kotlin.descriptors.FunctionDescriptor                             : loaded 2 times (x 68B)
Class org.jetbrains.kotlin.load.java.lazy.descriptors.LazyJavaScope$classNamesLazy$2  : loaded 2 times (x 77B)
Class org.jetbrains.kotlin.diagnostics.DiagnosticFactory2                             : loaded 2 times (x 79B)
Class org.jetbrains.kotlin.psi.stubs.KotlinImportAliasStub                            : loaded 2 times (x 68B)
Class org.jetbrains.kotlin.psi.KtClass                                                : loaded 2 times (x 1097B)
Class org.jetbrains.kotlin.resolve.jvm.RuntimeAssertionsDataFlowExtras$dataFlowValue$2: loaded 2 times (x 77B)
Class com.amazon.ion.impl.lite.IonContext                                             : loaded 2 times (x 68B)
Class com.google.common.reflect.TypeResolver$TypeTable                                : loaded 2 times (x 71B)
Class org.jetbrains.kotlin.diagnostics.DiagnosticWithParameters1                      : loaded 2 times (x 111B)
Class org.jetbrains.kotlin.serialization.deserialization.descriptors.DeserializedClassDescriptor$annotations$1: loaded 2 times (x 77B)
Class org.jetbrains.kotlin.resolve.calls.inference.model.Constraint                   : loaded 2 times (x 70B)
Class org.jetbrains.kotlin.storage.LockBasedStorageManager$LockBasedLazyValue         : loaded 2 times (x 84B)
Class org.jetbrains.kotlin.diagnostics.DiagnosticFactory3                             : loaded 2 times (x 79B)
Class [Lorg.jetbrains.kotlin.psi.KtParameter;                                         : loaded 2 times (x 67B)
Class org.jetbrains.org.objectweb.asm.tree.TableSwitchInsnNode                        : loaded 2 times (x 77B)
Class com.google.common.reflect.Invokable$MethodInvokable                             : loaded 2 times (x 103B)
Class org.jetbrains.kotlin.resolve.calls.tower.AbstractSimpleScopeTowerProcessor      : loaded 2 times (x 82B)
Class org.jetbrains.kotlin.resolve.scopes.MemberScope$DefaultImpls                    : loaded 2 times (x 69B)
Class org.jetbrains.kotlin.config.AnalysisFlags$muteExpectActualClassesWarning$2      : loaded 2 times (x 125B)
Class org.jetbrains.kotlin.diagnostics.DiagnosticFactory4                             : loaded 2 times (x 79B)
Class com.android.prefs.AndroidPathLocator                                            : loaded 2 times (x 71B)
Class org.jetbrains.plugins.gradle.tooling.serialization.SerializationService         : loaded 2 times (x 68B)
Class org.jetbrains.kotlin.load.java.FieldOverridabilityCondition                     : loaded 2 times (x 73B)
Class org.jetbrains.kotlin.container.ValueResolver                                    : loaded 2 times (x 68B)
Class org.jetbrains.kotlin.parsing.Consumer                                           : loaded 2 times (x 68B)
Class kotlin.script.experimental.api.IdeScriptCompilationConfigurationBuilder$Companion: loaded 2 times (x 69B)
Class org.jetbrains.kotlin.metadata.jvm.JvmProtoBuf$StringTableTypes$Record           : loaded 2 times (x 117B)
Class org.jetbrains.kotlin.resolve.LocalVariableResolver                              : loaded 2 times (x 70B)
Class org.jetbrains.kotlin.descriptors.impl.FunctionDescriptorImpl                    : loaded 2 times (x 297B)
Class org.jetbrains.kotlin.builtins.jvm.JvmBuiltInsCustomizer                         : loaded 2 times (x 79B)
Class org.jetbrains.kotlin.resolve.calls.checkers.NullableVarargArgumentCallChecker   : loaded 2 times (x 72B)
Class [Lorg.jetbrains.kotlin.psi.KtEscapeStringTemplateEntry;                         : loaded 2 times (x 67B)
Class org.jetbrains.kotlin.load.java.AbstractAnnotationTypeQualifierResolver$extractDefaultQualifiers$nullabilityQualifier$1: loaded 2 times (x 76B)
Class org.jetbrains.kotlin.load.java.typeEnhancement.TypeComponentPosition            : loaded 2 times (x 77B)
Class org.jetbrains.kotlin.container.SingletonDescriptor$WhenMappings                 : loaded 2 times (x 69B)
Class org.jetbrains.kotlin.types.expressions.FunctionWithBigAritySupport              : loaded 2 times (x 68B)
Class org.jetbrains.kotlin.serialization.deserialization.ProtoContainer               : loaded 2 times (x 71B)
Class org.gradle.tooling.model.idea.IdeaDependencyScope                               : loaded 2 times (x 68B)
Class org.jetbrains.kotlin.diagnostics.PositioningStrategies$TYPE_PARAMETERS_LIST$1   : loaded 2 times (x 72B)
Class com.google.common.collect.ComparisonChain$InactiveComparisonChain               : loaded 2 times (x 78B)
Class [Lkotlin.LazyThreadSafetyMode;                                                  : loaded 2 times (x 67B)
Class org.jetbrains.kotlin.progress.ProgressIndicatorAndCompilationCanceledStatus     : loaded 2 times (x 69B)
Class org.jetbrains.kotlin.descriptors.ClassDescriptorWithResolutionScopes            : loaded 2 times (x 68B)
Class org.jetbrains.kotlin.resolve.calls.components.KotlinResolutionStatelessCallbacks: loaded 2 times (x 68B)
Class com.android.utils.Pair                                                          : loaded 2 times (x 70B)
Class org.gradle.tooling.model.Model                                                  : loaded 2 times (x 68B)
Class org.jetbrains.kotlin.resolve.ExternalOverridabilityCondition$Contract           : loaded 2 times (x 77B)
Class org.jetbrains.kotlin.descriptors.impl.LazyPackageViewDescriptorImpl$empty$2     : loaded 2 times (x 77B)
Class org.jetbrains.kotlin.config.AnalysisFlags$allowKotlinPackage$2                  : loaded 2 times (x 125B)
Class org.jetbrains.kotlin.builtins.KotlinBuiltIns                                    : loaded 2 times (x 158B)
Class org.jetbrains.kotlin.util.slicedMap.SlicedMapImpl                               : loaded 2 times (x 86B)
Class org.jetbrains.kotlin.psi.KtFileAnnotationList                                   : loaded 2 times (x 504B)
Class [Lorg.jetbrains.kotlin.cli.jvm.modules.CoreJrtVirtualFile;                      : loaded 2 times (x 67B)
Class org.jetbrains.kotlin.storage.EmptySimpleLock                                    : loaded 2 times (x 73B)
Class [Lcom.google.common.cache.LocalCache$Strength;                                  : loaded 2 times (x 67B)
Class org.gradle.internal.classpath.DefaultClassPath$ImmutableUniqueList$Builder      : loaded 2 times (x 73B)
Class org.jetbrains.kotlin.resolve.lazy.descriptors.LazyClassMemberScope$allClassifierDescriptors$1: loaded 2 times (x 77B)
Class org.jetbrains.kotlin.util.slicedMap.RewritePolicy$1                             : loaded 2 times (x 73B)
Class org.jetbrains.kotlin.load.java.lazy.LazyJavaPackageFragmentProvider             : loaded 2 times (x 78B)
Class org.jetbrains.kotlin.resolve.checkers.ReifiedTypeParameterAnnotationChecker     : loaded 2 times (x 72B)
Class org.jetbrains.kotlin.psi.stubs.elements.KtTokenSets                             : loaded 2 times (x 68B)
Class com.amazon.ion.impl.bin.IonManagedBinaryWriter$ImportedSymbolResolverMode$1$1   : loaded 2 times (x 76B)
Class org.jetbrains.kotlin.load.java.structure.JavaArrayType                          : loaded 2 times (x 68B)
Class org.jetbrains.kotlin.util.slicedMap.Slices$SliceBuilder                         : loaded 2 times (x 72B)
Class org.jetbrains.kotlin.load.java.components.SignaturePropagator$PropagatedSignature: loaded 2 times (x 76B)
Class org.jetbrains.kotlin.platform.jvm.JdkPlatform                                   : loaded 2 times (x 73B)
Class org.jetbrains.kotlin.psi.KtAnnotationEntry                                      : loaded 2 times (x 519B)
Class com.google.common.collect.ExplicitOrdering                                      : loaded 2 times (x 113B)
Class org.jetbrains.kotlin.psi.KtBinaryExpressionWithTypeRHS                          : loaded 2 times (x 500B)
Class org.jetbrains.kotlin.resolve.DeclarationsCheckerBuilder                         : loaded 2 times (x 70B)
Class org.jetbrains.kotlin.resolve.scopes.LexicalScopeStorage                         : loaded 2 times (x 108B)
Class org.jetbrains.kotlin.parsing.KotlinParser                                       : loaded 2 times (x 73B)
Class org.jetbrains.kotlin.scripting.compiler.plugin.definitions.CliScriptDependenciesProvider: loaded 2 times (x 73B)
Class com.google.gson.JsonSyntaxException                                             : loaded 2 times (x 80B)
Class com.amazon.ion.impl._Private_IonContainer                                       : loaded 2 times (x 68B)
Class com.google.common.collect.SortedSetMultimap                                     : loaded 2 times (x 68B)
Class org.jetbrains.kotlin.resolve.calls.inference.components.VariableFixationFinder$Context: loaded 2 times (x 68B)
Class org.jetbrains.kotlin.resolve.calls.CallResolver                                 : loaded 2 times (x 92B)
Class org.jetbrains.kotlin.load.java.components.FilesByFacadeFqNameIndexer            : loaded 2 times (x 73B)
Class org.jetbrains.kotlin.load.java.descriptors.JavaClassConstructorDescriptor       : loaded 2 times (x 440B)
Class org.jetbrains.kotlin.resolve.calls.model.ExpressionValueArgument                : loaded 2 times (x 75B)
Class org.jetbrains.kotlin.resolve.calls.tower.PSIKotlinCallForVariable               : loaded 2 times (x 93B)
Class org.jetbrains.kotlin.resolve.AllUnderImportScope                                : loaded 2 times (x 111B)
Class org.jetbrains.kotlin.load.java.UtilsKt                                          : loaded 2 times (x 69B)
Class org.jetbrains.kotlin.config.LanguageVersionSettingsKt                           : loaded 2 times (x 69B)
Class org.jetbrains.kotlin.descriptors.Visibilities$Unknown                           : loaded 2 times (x 77B)
Class com.android.prefs.VariableValue                                                 : loaded 2 times (x 82B)
Class org.jetbrains.kotlin.types.model.IntersectionTypeConstructorMarker              : loaded 2 times (x 68B)
Class javaslang.collection.Traversable                                                : loaded 2 times (x 68B)
Class org.jetbrains.kotlin.resolve.QualifiedExpressionResolver$QualifiedExpressionResolveResult: loaded 2 times (x 70B)
Class org.jetbrains.kotlin.resolve.UpperBoundViolatedReporter                         : loaded 2 times (x 70B)
Class com.intellij.openapi.util.io.FileUtilRt$RepeatableIOOperation                   : loaded 2 times (x 68B)
Class com.android.utils.FileUtils                                                     : loaded 2 times (x 69B)
Class org.jetbrains.kotlin.resolve.calls.tower.CandidateApplicability                 : loaded 2 times (x 77B)
Class org.jetbrains.kotlin.utils.DFS$VisitedWithSet                                   : loaded 2 times (x 74B)
Class org.jetbrains.kotlin.protobuf.GeneratedMessageLite$ExtendableMessage            : loaded 2 times (x 111B)
Class org.jetbrains.kotlin.storage.CacheWithNullableValues                            : loaded 2 times (x 68B)
Class org.jetbrains.kotlin.js.translate.extensions.JsSyntheticTranslateExtension      : loaded 2 times (x 68B)
Class com.intellij.gradle.toolingExtension.impl.model.dependencyDownloadPolicyModel.GradleDependencyDownloadPolicy: loaded 2 times (x 68B)
Class [Lcom.google.common.cache.CacheBuilder$NullListener;                            : loaded 2 times (x 67B)
Class com.google.common.base.PatternCompiler                                          : loaded 2 times (x 68B)
Class org.jetbrains.kotlin.resolve.lazy.declarations.PsiBasedClassMemberDeclarationProvider: loaded 2 times (x 110B)
Class org.jetbrains.kotlin.types.expressions.ControlStructureTypingVisitor            : loaded 2 times (x 202B)
Class org.jetbrains.kotlin.descriptors.impl.ModuleDescriptorImpl$packageFragmentProviderForWholeModuleWithDependencies$2: loaded 2 times (x 77B)
Class org.jetbrains.kotlin.resolve.checkers.MissingDependencyClassChecker             : loaded 2 times (x 72B)
Class com.google.common.io.CharStreams$NullWriter                                     : loaded 2 times (x 97B)
Class org.jetbrains.kotlin.resolve.jvm.checkers.InlinePlatformCompatibilityChecker$Companion: loaded 2 times (x 69B)
Class [Lorg.jetbrains.kotlin.container.ComponentStorageState;                         : loaded 2 times (x 67B)
Class org.jetbrains.kotlin.psi.stubs.KotlinContextReceiverStub                        : loaded 2 times (x 68B)
Class org.jetbrains.kotlin.psi.stubs.elements.KtImportAliasElementType                : loaded 2 times (x 98B)
Class org.jetbrains.kotlin.psi.stubs.elements.KtStubElementTypes                      : loaded 2 times (x 68B)
Class kotlin.reflect.jvm.internal.KClassImpl$Data$allMembers$2                        : loaded 2 times (x 77B)
Class org.jetbrains.kotlin.resolve.lazy.descriptors.AbstractLazyMemberScope$classDescriptors$1: loaded 2 times (x 77B)
Class com.google.common.collect.HashMultimap                                          : loaded 2 times (x 172B)
Class org.jetbrains.kotlin.storage.CancellableSimpleLock                              : loaded 2 times (x 76B)
Class [Lorg.jetbrains.kotlin.resolve.calls.inference.model.NewConstraintSystemImpl$State;: loaded 2 times (x 67B)
Class [Lorg.jetbrains.kotlin.descriptors.annotations.AnnotatedImpl;                   : loaded 2 times (x 67B)
Class org.jetbrains.kotlin.renderer.DescriptorRendererImpl$functionTypeAnnotationsRenderer$2: loaded 2 times (x 77B)
Class org.jetbrains.kotlin.psi.KtModifierList                                         : loaded 2 times (x 508B)
Class org.jetbrains.kotlin.scripting.compiler.plugin.ScriptingCompilerConfigurationExtension: loaded 2 times (x 74B)
Class com.google.common.collect.Maps$KeySet                                           : loaded 2 times (x 135B)
Class javaslang.collection.IteratorModule$EmptyIterator                               : loaded 2 times (x 460B)
Class org.jetbrains.kotlin.load.java.AbstractJavaClassFinder                          : loaded 2 times (x 88B)
Class [Lorg.jetbrains.kotlin.resolve.checkers.ClassifierUsageChecker;                 : loaded 2 times (x 67B)
Class org.jetbrains.kotlin.resolve.calls.inference.model.NewConstraintSystemImpl$TransactionState: loaded 2 times (x 72B)
Class org.jetbrains.kotlin.idea.gradleTooling.KotlinSourceSetContainer                : loaded 2 times (x 68B)
Class org.jetbrains.org.objectweb.asm.tree.UnsupportedClassVersionException           : loaded 2 times (x 80B)
Class org.jetbrains.kotlin.name.CallableId$Companion                                  : loaded 2 times (x 69B)
Class org.jetbrains.kotlin.psi.KtTypeParameter                                        : loaded 2 times (x 913B)
Class [Lcom.google.common.cache.Weigher;                                              : loaded 2 times (x 67B)
Class org.jetbrains.kotlin.resolve.lazy.declarations.AbstractPsiBasedDeclarationProvider: loaded 2 times (x 93B)
Class org.jetbrains.kotlin.storage.LockBasedStorageManager$LockBasedLazyValueWithPostCompute: loaded 2 times (x 85B)
Class org.jetbrains.kotlin.resolve.calls.util.CallResolverUtilKt                      : loaded 2 times (x 69B)
Class org.jetbrains.kotlin.metadata.ProtoBuf$Constructor                              : loaded 2 times (x 122B)
Class org.jetbrains.kotlin.resolve.PlatformConfigurator                               : loaded 2 times (x 68B)
Class [Lorg.jetbrains.kotlin.parsing.KotlinParsing$DeclarationParsingMode;            : loaded 2 times (x 67B)
Class kotlin.jvm.internal.markers.KMutableIterator                                    : loaded 2 times (x 68B)
Class kotlin.script.experimental.util.PropertiesCollection$Companion                  : loaded 2 times (x 69B)
Class org.jetbrains.org.objectweb.asm.tree.LdcInsnNode                                : loaded 2 times (x 76B)
Class org.jetbrains.kotlin.resolve.constants.CompileTimeConstant$Parameters           : loaded 2 times (x 69B)
Class org.jetbrains.kotlin.resolve.lazy.descriptors.LazyAnnotationsContextImpl        : loaded 2 times (x 71B)
Class org.jetbrains.kotlin.builtins.BuiltInsLoader                                    : loaded 2 times (x 68B)
Class kotlin.collections.builders.ListBuilderKt                                       : loaded 2 times (x 69B)
Class org.jetbrains.kotlin.config.LanguageVersionSettings$Companion                   : loaded 2 times (x 69B)
Class org.jetbrains.kotlin.resolve.calls.inference.components.ConstraintSystemCompletionContext: loaded 2 times (x 942B)
Class org.jetbrains.kotlin.resolve.lazy.FileScopeFactory$FilesScopesBuilder$lazyImportingScope$1$parent$2: loaded 2 times (x 77B)
Class org.jetbrains.kotlin.load.java.descriptors.JavaMethodDescriptor$ParameterNamesStatus: loaded 2 times (x 77B)
Class org.jetbrains.kotlin.resolve.jvm.RuntimeAssertionsOnExtensionReceiverCallChecker: loaded 2 times (x 72B)
Class org.jetbrains.kotlin.cli.jvm.modules.CliJavaModuleFinder$ctSymRootFolder$2      : loaded 2 times (x 77B)
Class org.jetbrains.kotlin.codegen.CodegenUtilKt                                      : loaded 2 times (x 69B)
Class org.jetbrains.kotlin.psi.KtImportInfo$ImportContent$FqNameBased                 : loaded 2 times (x 70B)
Class org.jetbrains.kotlin.types.AbstractTypeApproximator$Companion                   : loaded 2 times (x 69B)
Class org.jetbrains.kotlin.resolve.calls.GenericCandidateResolver                     : loaded 2 times (x 70B)
Class org.jetbrains.kotlin.descriptors.PropertySetterDescriptor                       : loaded 2 times (x 68B)
Class org.jetbrains.kotlin.resolve.diagnostics.MutableDiagnosticsWithSuppression      : loaded 2 times (x 96B)
Class kotlin.reflect.jvm.internal.impl.name.ClassId                                   : loaded 2 times (x 70B)
Class com.amazon.ion.IonMutableCatalog                                                : loaded 2 times (x 68B)
Class org.objectweb.asm.AnnotationWriter                                              : loaded 2 times (x 77B)
Class [Lorg.jetbrains.kotlin.codegen.OwnerKind;                                       : loaded 2 times (x 67B)
Class [Lcom.android.builder.model.v2.ide.ProjectType;                                 : loaded 2 times (x 67B)
Class org.jetbrains.kotlin.resolve.calls.inference.components.FreshVariableNewTypeSubstitutor$Companion: loaded 2 times (x 69B)
Class org.apache.commons.io.output.ThresholdingOutputStream                           : loaded 2 times (x 92B)
Class org.jetbrains.kotlin.resolve.jvm.RuntimeAssertionInfo$Companion                 : loaded 2 times (x 69B)
Class org.jetbrains.kotlin.resolve.jvm.JvmPrimitiveType                               : loaded 2 times (x 77B)
Class org.jetbrains.kotlin.descriptors.SupertypeLoopChecker$EMPTY                     : loaded 2 times (x 72B)
Class org.jetbrains.kotlin.load.java.structure.JavaPackage                            : loaded 2 times (x 68B)
Class org.jetbrains.kotlin.diagnostics.PositioningStrategies$LABEL$1                  : loaded 2 times (x 72B)
Class org.jetbrains.kotlin.psi.KtContainerNodeForControlStructureBody                 : loaded 2 times (x 374B)
Class org.gradle.internal.classloader.ClassLoaderVisitor                              : loaded 2 times (x 74B)
Class org.jetbrains.kotlin.descriptors.DescriptorVisibilityUtils                      : loaded 2 times (x 69B)
Class org.jetbrains.kotlin.psi.KtBackingField                                         : loaded 2 times (x 788B)
Class org.jetbrains.kotlin.cli.jvm.compiler.KotlinCoreEnvironment$Companion$registerExtensionsFromPlugins$2: loaded 2 times (x 76B)
Class com.amazon.ion.IonReader                                                        : loaded 2 times (x 68B)
Class org.jetbrains.kotlin.load.java.lazy.types.JavaTypeAttributesKt                  : loaded 2 times (x 69B)
Class org.jetbrains.kotlin.psi.KtExpressionImpl$Companion                             : loaded 2 times (x 69B)
Class org.jetbrains.kotlin.platform.jvm.JvmPlatforms                                  : loaded 2 times (x 69B)
Class org.jetbrains.kotlin.types.TypeAttributeTranslator                              : loaded 2 times (x 68B)
Class org.jetbrains.kotlin.descriptors.impl.LocalVariableDescriptor                   : loaded 2 times (x 263B)
Class org.jetbrains.kotlin.resolve.checkers.CheckerContext                            : loaded 2 times (x 68B)
Class [Lcom.google.common.collect.HashBiMap$BiEntry;                                  : loaded 2 times (x 67B)
Class org.jetbrains.kotlin.load.java.AbstractAnnotationTypeQualifierResolver$Companion: loaded 2 times (x 69B)
Class org.jetbrains.kotlin.metadata.jvm.JvmProtoBuf$JvmPropertySignature$1            : loaded 2 times (x 142B)
Class [Lorg.jetbrains.kotlin.psi.KtFunctionType;                                      : loaded 2 times (x 67B)
Class org.jetbrains.kotlin.storage.NullableLazyValue                                  : loaded 2 times (x 68B)
Class [Lorg.jetbrains.kotlin.resolve.calls.tower.CandidateApplicability;              : loaded 2 times (x 67B)
Class org.jetbrains.kotlin.load.java.AnnotationQualifiersFqNamesKt                    : loaded 2 times (x 69B)
Class org.jetbrains.kotlin.utils.SmartList                                            : loaded 2 times (x 161B)
Class org.jetbrains.kotlin.resolve.calls.model.PostponedAtomWithRevisableExpectedType : loaded 2 times (x 68B)
Class org.jetbrains.kotlin.metadata.deserialization.NameResolverImpl$WhenMappings     : loaded 2 times (x 69B)
Class org.jetbrains.kotlin.protobuf.ProtocolStringList                                : loaded 2 times (x 68B)
Class org.jetbrains.kotlin.resolve.IdentifierChecker                                  : loaded 2 times (x 68B)
Class org.jetbrains.kotlin.utils.WrappedValues                                        : loaded 2 times (x 69B)
Class kotlin.jvm.internal.TypeIntrinsics                                              : loaded 2 times (x 69B)
Class org.gradle.tooling.internal.adapter.ProtocolToModelAdapter$MethodInvocationCache$MethodInvocationKey: loaded 2 times (x 71B)
Class com.google.common.cache.CacheBuilder$NullListener                               : loaded 2 times (x 80B)
Class org.jetbrains.kotlin.load.java.components.DescriptorResolverUtils$1             : loaded 2 times (x 75B)
Class [Lorg.jetbrains.kotlin.container.ComponentState;                                : loaded 2 times (x 67B)
Class org.jetbrains.kotlin.psi.stubs.KotlinEnumEntrySuperclassReferenceExpressionStub : loaded 2 times (x 68B)
Class org.jetbrains.kotlin.resolve.jvm.kotlinSignature.SignaturesPropagationData$ValueParameters: loaded 2 times (x 70B)
Class org.jetbrains.kotlin.resolve.lazy.declarations.ClassMemberDeclarationProvider   : loaded 2 times (x 68B)
Class org.jetbrains.kotlin.resolve.calls.model.ResolvedCall                           : loaded 2 times (x 68B)
Class org.jetbrains.kotlin.resolve.calls.checkers.ProtectedConstructorCallChecker     : loaded 2 times (x 72B)
Class org.jetbrains.kotlin.resolve.checkers.DeprecatedSinceKotlinAnnotationChecker    : loaded 2 times (x 72B)
Class com.android.tools.lint.model.DefaultLintModelDependency                         : loaded 2 times (x 84B)
Class org.jetbrains.kotlin.types.TypeSubstitutor$2                                    : loaded 2 times (x 69B)
Class org.jetbrains.kotlin.descriptors.CallableDescriptor$UserDataKey                 : loaded 2 times (x 68B)
Class org.jetbrains.kotlin.resolve.lazy.declarations.AbstractPsiBasedDeclarationProvider$Index: loaded 2 times (x 70B)
Class org.jetbrains.kotlin.resolve.scopes.optimization.OptimizingOptions$Default      : loaded 2 times (x 72B)
Class org.jetbrains.kotlin.renderer.PropertyAccessorRenderingPolicy                   : loaded 2 times (x 77B)
Class org.jetbrains.kotlin.psi.KtModifierListOwner                                    : loaded 2 times (x 68B)
Class kotlin.reflect.jvm.internal.KPropertyImpl$Companion                             : loaded 2 times (x 69B)
Class org.jetbrains.kotlin.load.java.lazy.descriptors.LazyJavaPackageScope$KotlinClassLookupResult: loaded 2 times (x 69B)
Class [Lorg.jetbrains.kotlin.psi.KtAnnotationEntry;                                   : loaded 2 times (x 67B)
Class org.jetbrains.kotlin.psi.KtDeclarationContainer                                 : loaded 2 times (x 68B)
Class com.intellij.openapi.util.SystemInfoRt                                          : loaded 2 times (x 69B)
Class org.jetbrains.plugins.gradle.tooling.serialization.internal.adapter.Supplier    : loaded 2 times (x 68B)
Class org.jetbrains.kotlin.psi.KtInitializerList                                      : loaded 2 times (x 442B)
Class org.jetbrains.kotlin.resolve.lazy.FileScopeProviderKt                           : loaded 2 times (x 69B)
Class org.jetbrains.kotlin.idea.KotlinLanguage                                        : loaded 2 times (x 105B)
Class com.android.builder.model.v2.models.Versions$Version                            : loaded 2 times (x 68B)
Class org.jetbrains.kotlin.resolve.lazy.descriptors.AbstractLazyMemberScope$declaredFunctionDescriptors$1: loaded 2 times (x 77B)
Class org.jetbrains.kotlin.resolve.calls.model.PostponedResolvedAtomMarker            : loaded 2 times (x 68B)
Class org.jetbrains.kotlin.resolve.calls.checkers.ContractNotAllowedCallChecker       : loaded 2 times (x 72B)
Class org.jetbrains.kotlin.scripting.definitions.ScriptDefinition$Companion$getDefault$1: loaded 2 times (x 113B)
Class com.amazon.ion.impl.SharedSymbolTable                                           : loaded 2 times (x 91B)
Class org.jetbrains.kotlin.load.java.typeEnhancement.PredefinedEnhancementInfoKt$PREDEFINED_FUNCTION_ENHANCEMENT_INFO_BY_SIGNATURE$1$1$6$1: loaded 2 times (x 77B)
Class org.jetbrains.kotlin.metadata.ProtoBuf$TypeAliasOrBuilder                       : loaded 2 times (x 68B)
Class org.jetbrains.kotlin.resolve.lazy.descriptors.LazyClassMemberScope$allDescriptors$1: loaded 2 times (x 77B)
Class org.jetbrains.kotlin.diagnostics.DiagnosticSink                                 : loaded 2 times (x 68B)
Class com.intellij.openapi.util.io.FileUtilRt$SymlinkResolver                         : loaded 2 times (x 68B)
Class org.jetbrains.kotlin.load.kotlin.KotlinBinaryClassCache$cache$1                 : loaded 2 times (x 78B)
Class org.jetbrains.kotlin.resolve.lazy.data.KtClassOrObjectInfo                      : loaded 2 times (x 95B)
Class org.jetbrains.kotlin.load.java.typeEnhancement.PredefinedEnhancementInfoKt$PREDEFINED_FUNCTION_ENHANCEMENT_INFO_BY_SIGNATURE$1$1$6$2: loaded 2 times (x 77B)
Class org.jetbrains.kotlin.resolve.calls.components.CheckVisibility                   : loaded 2 times (x 71B)
Class [Lkotlin.reflect.KProperty;                                                     : loaded 2 times (x 67B)
Class com.amazon.ion.impl.bin.utf8.Pool                                               : loaded 2 times (x 72B)
Class com.android.tools.lint.model.DefaultLintModelArtifact                           : loaded 2 times (x 80B)
Class org.gradle.internal.time.DefaultCountdownTimer                                  : loaded 2 times (x 86B)
Class org.apache.commons.io.filefilter.IOFileFilter                                   : loaded 2 times (x 68B)
Class org.jetbrains.kotlin.load.java.typeEnhancement.PredefinedEnhancementInfoKt$PREDEFINED_FUNCTION_ENHANCEMENT_INFO_BY_SIGNATURE$1$1$6$3: loaded 2 times (x 77B)
Class org.jetbrains.kotlin.load.kotlin.TypeSignatureMappingKt                         : loaded 2 times (x 69B)
Class org.jetbrains.kotlin.resolve.OverridingStrategy                                 : loaded 2 times (x 73B)
Class org.jetbrains.kotlin.resolve.lazy.descriptors.LazyAnnotationDescriptor          : loaded 2 times (x 82B)
Class org.jetbrains.kotlin.resolve.TopDownAnalysisContext                             : loaded 2 times (x 105B)
Class org.jetbrains.kotlin.metadata.ProtoBuf$QualifiedNameTable$QualifiedNameOrBuilder: loaded 2 times (x 68B)
Class org.jetbrains.kotlin.protobuf.ByteString$ByteIterator                           : loaded 2 times (x 68B)
Class kotlin.reflect.jvm.internal.KTypeParameterOwnerImpl                             : loaded 2 times (x 68B)
Class org.jetbrains.kotlin.load.java.typeEnhancement.PredefinedEnhancementInfoKt$PREDEFINED_FUNCTION_ENHANCEMENT_INFO_BY_SIGNATURE$1$1$6$4: loaded 2 times (x 77B)
Class org.jetbrains.kotlin.util.ReturnsCheck$ReturnsInt                               : loaded 2 times (x 78B)
Class org.jetbrains.kotlin.resolve.ImplicitIntegerCoercion                            : loaded 2 times (x 69B)
Class org.jetbrains.kotlin.descriptors.DescriptorWithDeprecation                      : loaded 2 times (x 70B)
Class org.jetbrains.kotlin.config.AnalysisFlags                                       : loaded 2 times (x 69B)
Class org.jetbrains.kotlin.diagnostics.rendering.DiagnosticFactoryToRendererMap       : loaded 2 times (x 70B)
Class org.jetbrains.kotlin.cli.jvm.compiler.KotlinCoreEnvironment                     : loaded 2 times (x 70B)
Class org.jetbrains.kotlin.resolve.calls.tower.PSICallResolver$FactoryProviderForInvoke: loaded 2 times (x 75B)
Class org.jetbrains.kotlin.load.java.typeEnhancement.PredefinedEnhancementInfoKt$PREDEFINED_FUNCTION_ENHANCEMENT_INFO_BY_SIGNATURE$1$1$6$5: loaded 2 times (x 77B)
Class org.jetbrains.kotlin.resolve.calls.inference.components.PostponedArgumentInputTypesResolver$Companion: loaded 2 times (x 69B)
Class org.jetbrains.kotlin.util.slicedMap.ReadOnlySlice                               : loaded 2 times (x 68B)
Class org.jetbrains.kotlin.config.CommonConfigurationKeysKt                           : loaded 2 times (x 69B)
Class com.google.common.io.ByteStreams$1                                              : loaded 2 times (x 83B)
Class org.jetbrains.kotlin.resolve.lazy.descriptors.ClassResolutionScopesSupportKt    : loaded 2 times (x 69B)
Class org.jetbrains.kotlin.util.NullableArrayMapAccessor                              : loaded 2 times (x 72B)
Class org.jetbrains.kotlin.resolve.checkers.PlatformDiagnosticSuppressorClashesResolver: loaded 2 times (x 71B)
Class org.jetbrains.kotlin.kdoc.lexer.KDocTokens$1                                    : loaded 2 times (x 82B)
Class org.jetbrains.kotlin.compiler.plugin.CompilerPluginRegistrar$Companion          : loaded 2 times (x 69B)
Class [Lcom.amazon.ion.SymbolToken;                                                   : loaded 2 times (x 67B)
Class com.amazon.ion.impl.bin.IonManagedBinaryWriter$ImportedSymbolResolverMode       : loaded 2 times (x 78B)
Class org.jetbrains.kotlin.resolve.lazy.LazyImportResolver$allNames$2                 : loaded 2 times (x 77B)
Class org.jetbrains.kotlin.resolve.lazy.data.KtObjectInfo                             : loaded 2 times (x 96B)
Class org.jetbrains.kotlin.types.checker.ClassicTypeSystemContext                     : loaded 2 times (x 68B)
Class org.jetbrains.kotlin.resolve.checkers.ActualTypealiasToSpecialAnnotationChecker : loaded 2 times (x 72B)
Class org.jetbrains.kotlin.kdoc.lexer.KDocTokens$2                                    : loaded 2 times (x 82B)
Class org.jetbrains.kotlin.psi.KtParameter                                            : loaded 2 times (x 1153B)
Class kotlin.script.experimental.host.ScriptingHostConfiguration                      : loaded 2 times (x 70B)
Class org.jetbrains.kotlin.cli.jvm.compiler.CliLightClassGenerationSupport$ultraLightSupport$2: loaded 2 times (x 77B)
Class org.jetbrains.kotlin.asJava.finder.JavaElementFinder                            : loaded 2 times (x 86B)
Class org.jetbrains.kotlin.resolve.lazy.descriptors.ClassResolutionScopesSupportKt$scopeForInitializerResolution$1: loaded 2 times (x 77B)
Class org.jetbrains.kotlin.resolve.calls.model.LambdaKotlinCallArgument               : loaded 2 times (x 68B)
Class org.jetbrains.kotlin.diagnostics.PositioningStrategies$IMPORT_LAST_NAME$1       : loaded 2 times (x 72B)
Class org.gradle.tooling.internal.adapter.CollectionMapper                            : loaded 2 times (x 71B)
Class kotlin.reflect.jvm.internal.KCallableImpl$_parameters$1                         : loaded 2 times (x 77B)
Class sync_studio_tooling5_9kxza05qgncnusldroou9sqxi                                  : loaded 2 times (x 177B)
Class com.amazon.ion.impl._Private_LocalSymbolTableFactory                            : loaded 2 times (x 68B)
Class org.jetbrains.kotlin.resolve.ObservableBindingTrace                             : loaded 2 times (x 103B)
Class org.jetbrains.kotlin.load.java.sources.JavaSourceElementFactory                 : loaded 2 times (x 68B)
Class org.jetbrains.kotlin.types.AbstractTypePreparator                               : loaded 2 times (x 70B)
Class org.jetbrains.kotlin.psi.stubs.elements.KtImportDirectiveElementType            : loaded 2 times (x 101B)
Class org.jetbrains.kotlin.util.ValueParameterCountCheck$Equals                       : loaded 2 times (x 78B)
Class org.jetbrains.kotlin.SpecialJvmAnnotations                                      : loaded 2 times (x 69B)
Class org.jetbrains.kotlin.config.JvmTarget                                           : loaded 2 times (x 81B)
Class org.jetbrains.kotlin.psi.KtAnonymousInitializer                                 : loaded 2 times (x 68B)
Class org.jetbrains.kotlin.resolve.calls.model.ResolvedCallArgument$VarargArgument    : loaded 2 times (x 71B)
Class org.jetbrains.kotlin.resolve.calls.checkers.OperatorCallCheckerKt               : loaded 2 times (x 69B)
Class [Lorg.jetbrains.kotlin.resolve.jvm.extensions.PackageFragmentProviderExtension; : loaded 2 times (x 67B)
Class org.jetbrains.kotlin.renderer.DescriptorRenderer                                : loaded 2 times (x 81B)
Class com.android.builder.model.v2.ide.TestInfo                                       : loaded 2 times (x 68B)
Class org.jetbrains.kotlin.descriptors.java.JavaVisibilities$ProtectedStaticVisibility: loaded 2 times (x 77B)
Class org.jetbrains.kotlin.resolve.scopes.receivers.ExpressionReceiver                : loaded 2 times (x 68B)
Class org.jetbrains.kotlin.resolve.DeclarationResolver                                : loaded 2 times (x 70B)
Class [Lorg.jetbrains.kotlin.descriptors.ClassKind;                                   : loaded 2 times (x 67B)
Class org.jetbrains.kotlin.psi.KtDeclarationModifierList                              : loaded 2 times (x 508B)
Class org.jetbrains.kotlin.utils.SmartList$SingletonIterator                          : loaded 2 times (x 80B)
Class org.jetbrains.kotlin.resolve.calls.model.ResolutionAtomsKt                      : loaded 2 times (x 69B)
Class javaslang.collection.LinkedHashMap                                              : loaded 2 times (x 467B)
Class org.jetbrains.kotlin.asJava.KtLightClassMarker                                  : loaded 2 times (x 68B)
Class [Lorg.jetbrains.kotlin.metadata.ProtoBuf$VersionRequirement$VersionKind;        : loaded 2 times (x 67B)
Class org.jetbrains.kotlin.resolve.calls.inference.ConstraintSystemBuilderImpl        : loaded 2 times (x 85B)
Class org.jetbrains.kotlin.builtins.PrimitiveType$typeFqName$2                        : loaded 2 times (x 77B)
Class org.jetbrains.kotlin.resolve.scopes.DescriptorKindExclude                       : loaded 2 times (x 71B)
Class org.jetbrains.kotlin.load.java.lazy.descriptors.LazyJavaClassDescriptor$LazyJavaClassTypeConstructor$parameters$1: loaded 2 times (x 77B)
Class org.jetbrains.kotlin.types.TypeWithEnhancementKt                                : loaded 2 times (x 69B)
Class [Lorg.jetbrains.kotlin.descriptors.DeclarationDescriptorWithSource;             : loaded 2 times (x 67B)
Class it.unimi.dsi.fastutil.ints.IntBidirectionalIterator                             : loaded 2 times (x 68B)
Class kotlin.reflect.jvm.internal.KClassImpl$Data$supertypes$2                        : loaded 2 times (x 77B)
Class org.jetbrains.org.objectweb.asm.Frame                                           : loaded 2 times (x 71B)
Class org.gradle.internal.service.DefaultServiceLocator                               : loaded 2 times (x 81B)
Class org.jetbrains.kotlin.codegen.signature.JvmSignatureWriter                       : loaded 2 times (x 103B)
Class org.jetbrains.kotlin.diagnostics.AbstractDiagnostic                             : loaded 2 times (x 106B)
Class org.jetbrains.kotlin.load.kotlin.JavaClassDataFinder                            : loaded 2 times (x 73B)
Class org.jetbrains.kotlin.protobuf.SmallSortedMap$EmptySet$1                         : loaded 2 times (x 76B)
Class org.jetbrains.plugins.gradle.model.jar.JarTaskManifestConfiguration             : loaded 2 times (x 68B)
Class ijInit2_6sxkn2g8d7bqx2plsn9d6e7bq                                               : loaded 2 times (x 177B)
Class it.unimi.dsi.fastutil.objects.Object2IntOpenHashMap                             : loaded 2 times (x 245B)
Class org.jetbrains.kotlin.resolve.jvm.multiplatform.OptionalAnnotationPackageFragmentProvider$packages$2$1$components$1: loaded 2 times (x 77B)
Class org.jetbrains.kotlin.protobuf.SmallSortedMap$EmptySet$2                         : loaded 2 times (x 76B)
Class org.jetbrains.kotlin.config.AppendJavaSourceRootsHandlerKeyKt                   : loaded 2 times (x 69B)
Class kotlin.script.experimental.jvm.compat.ExpectedLocationUtilKt                    : loaded 2 times (x 69B)
Class com.amazon.ion.impl.lite.IonFloatLite                                           : loaded 2 times (x 184B)
Class org.gradle.internal.service.UnknownServiceException                             : loaded 2 times (x 81B)
Class org.jetbrains.kotlin.types.IndexedParametersSubstitution                        : loaded 2 times (x 76B)
Class org.jetbrains.kotlin.resolve.FilePreprocessor                                   : loaded 2 times (x 70B)
Class org.jetbrains.kotlin.metadata.deserialization.VersionRequirementTable$Companion : loaded 2 times (x 69B)
Class org.jetbrains.kotlin.utils.WrappedValues$ThrowableWrapper                       : loaded 2 times (x 70B)
Class org.jetbrains.kotlin.resolve.jvm.checkers.UpperBoundViolatedInTypealiasConstructorChecker: loaded 2 times (x 72B)
Class org.jetbrains.kotlin.resolve.jvm.checkers.JavaAnnotationCallChecker$Companion   : loaded 2 times (x 69B)
Class org.jetbrains.kotlin.parsing.PrecedingCommentsBinder                            : loaded 2 times (x 72B)
Class org.jetbrains.kotlin.scripting.definitions.ScriptCompilationConfigurationFromDefinition$1: loaded 2 times (x 77B)
Class it.unimi.dsi.fastutil.objects.ReferenceCollection                               : loaded 2 times (x 68B)
Class org.jetbrains.plugins.gradle.model.ClasspathEntryModel                          : loaded 2 times (x 68B)
Class org.jetbrains.kotlin.resolve.jvm.extensions.AnalysisHandlerExtension$Companion  : loaded 2 times (x 70B)
Class org.jetbrains.kotlin.cli.common.config.ContentRoot                              : loaded 2 times (x 68B)
Class org.jetbrains.kotlin.psi.KtReferenceExpression                                  : loaded 2 times (x 68B)
Class org.jetbrains.kotlin.resolve.jvm.diagnostics.ErrorsJvm                          : loaded 2 times (x 68B)
Class org.jetbrains.kotlin.load.java.lazy.descriptors.JvmPackageScope                 : loaded 2 times (x 87B)
Class org.jetbrains.kotlin.load.java.components.TraceBasedErrorReporter$Companion     : loaded 2 times (x 69B)
Class org.jetbrains.kotlin.serialization.deserialization.descriptors.DeserializedClassDescriptor$DeserializedClassTypeConstructor$parameters$1: loaded 2 times (x 77B)
Class org.jetbrains.kotlin.resolve.scopes.SubstitutingScope                           : loaded 2 times (x 87B)
Class com.google.common.collect.ImmutableListMultimap$Builder                         : loaded 2 times (x 81B)
Class [Lorg.jetbrains.kotlin.psi.KtTypeProjection;                                    : loaded 2 times (x 67B)
Class org.jetbrains.kotlin.types.model.TypeSystemInferenceExtensionContext            : loaded 2 times (x 68B)
Class com.android.tools.lint.model.LintModelExternalLibrary                           : loaded 2 times (x 68B)
Class com.android.prefs.QueryResult                                                   : loaded 2 times (x 82B)
Class com.google.common.util.concurrent.AbstractFuture$SynchronizedHelper             : loaded 2 times (x 76B)
Class org.jetbrains.kotlin.resolve.calls.tower.PSICompletedCallInfo                   : loaded 2 times (x 74B)
Class org.jetbrains.kotlin.resolve.DescriptorFactory$DefaultClassConstructorDescriptor: loaded 2 times (x 405B)
Class org.jetbrains.kotlin.resolve.calls.results.OverloadingConflictResolver$resolvedCallHashingStrategy$1: loaded 2 times (x 74B)
Class org.jetbrains.kotlin.serialization.deserialization.ProtoEnumFlags$WhenMappings  : loaded 2 times (x 69B)
Class org.jetbrains.kotlin.contracts.ContractDeserializerImpl                         : loaded 2 times (x 73B)
Class org.jetbrains.kotlin.protobuf.MessageLite                                       : loaded 2 times (x 68B)
Class org.jetbrains.kotlin.lexer.KtModifierKeywordToken                               : loaded 2 times (x 76B)
Class org.jetbrains.kotlin.resolve.calls.components.CheckExternalArgument             : loaded 2 times (x 71B)
Class org.jetbrains.kotlin.psi.KtDeclarationImpl                                      : loaded 2 times (x 643B)
Class kotlin.reflect.jvm.internal.impl.builtins.jvm.JavaToKotlinClassMap$PlatformMutabilityMapping: loaded 2 times (x 70B)
Class com.amazon.ion.impl.lite.IonBlobLite                                            : loaded 2 times (x 217B)
Class org.jetbrains.kotlin.cli.jvm.index.JvmDependenciesIndexImpl$SearchResult        : loaded 2 times (x 69B)
Class [Lorg.jetbrains.kotlin.util.slicedMap.WritableSlice;                            : loaded 2 times (x 67B)
Class org.jetbrains.kotlin.descriptors.impl.ClassDescriptorBase                       : loaded 2 times (x 267B)
Class [Lorg.jetbrains.kotlin.psi.KtStatementExpression;                               : loaded 2 times (x 67B)
Class org.jetbrains.kotlin.resolve.jvm.JvmDelegationFilter                            : loaded 2 times (x 72B)
Class org.jetbrains.kotlin.types.TypeConstructor                                      : loaded 2 times (x 68B)
Class org.jetbrains.kotlin.diagnostics.PositioningStrategies$ELSE_ENTRY$1             : loaded 2 times (x 72B)
Class org.jetbrains.kotlin.scripting.definitions.ScriptDefinition$FromConfigurationsBase$contextClassLoader$2: loaded 2 times (x 77B)
Class kotlin.sequences.DropTakeSequence                                               : loaded 2 times (x 68B)
Class com.google.common.base.Strings                                                  : loaded 2 times (x 69B)
Class org.jetbrains.kotlin.storage.SingleThreadValue                                  : loaded 2 times (x 72B)
Class org.jetbrains.kotlin.load.java.ReportLevel                                      : loaded 2 times (x 77B)
Class org.jetbrains.kotlin.types.KotlinTypeFactory$EMPTY_REFINED_TYPE_FACTORY$1       : loaded 2 times (x 76B)
Class com.amazon.ion.IonClob                                                          : loaded 2 times (x 68B)
Class org.jetbrains.kotlin.context.MutableModuleContextImpl                           : loaded 2 times (x 93B)
Class org.jetbrains.kotlin.metadata.ProtoBuf$EffectOrBuilder                          : loaded 2 times (x 68B)
Class org.jetbrains.kotlin.resolve.scopes.ImportingScope$Empty                        : loaded 2 times (x 111B)
Class org.jetbrains.kotlin.resolve.calls.results.TypeSpecificityComparator$NONE       : loaded 2 times (x 72B)
Class org.jetbrains.kotlin.extensions.PreprocessedVirtualFileFactoryExtension         : loaded 2 times (x 68B)
Class org.jetbrains.kotlin.config.LanguageVersionSettingsImpl                         : loaded 2 times (x 79B)
Class [Lcom.android.utils.StdLogger$Level;                                            : loaded 2 times (x 67B)
Class com.android.builder.model.v2.models.BasicAndroidProject                         : loaded 2 times (x 68B)
Class org.jetbrains.kotlin.resolve.lazy.descriptors.LazyClassMemberScope$supertypes$2 : loaded 2 times (x 77B)
Class org.jetbrains.kotlin.serialization.deserialization.descriptors.DeserializedMemberScope: loaded 2 times (x 107B)
Class org.jetbrains.kotlin.parsing.TrailingCommentsBinder                             : loaded 2 times (x 72B)
Class org.jetbrains.kotlin.load.kotlin.KotlinJvmBinaryClass$AnnotationArrayArgumentVisitor: loaded 2 times (x 68B)
Class org.jetbrains.kotlin.types.model.FlexibleTypeMarker                             : loaded 2 times (x 68B)
Class org.jetbrains.kotlin.types.model.TypeParameterMarker                            : loaded 2 times (x 68B)
Class [Lorg.jetbrains.kotlin.parsing.KotlinParsing$AnnotationParsingMode;             : loaded 2 times (x 67B)
Class kotlin.collections.AbstractMutableSet                                           : loaded 2 times (x 140B)
Class org.jetbrains.plugins.gradle.model.DependencyAccessorsModel                     : loaded 2 times (x 68B)
Class com.google.common.collect.HashMultimapGwtSerializationDependencies              : loaded 2 times (x 172B)
Class org.jetbrains.kotlin.util.slicedMap.SlicedMap                                   : loaded 2 times (x 68B)
Class org.jetbrains.kotlin.lexer._JetLexer                                            : loaded 2 times (x 81B)
Class org.jetbrains.kotlin.resolve.jvm.modules.JavaModuleInfo$Companion               : loaded 2 times (x 69B)
Class kotlin.script.experimental.util.PropertiesCollection$PropertyKeyDelegate$1      : loaded 2 times (x 77B)
Class org.jetbrains.kotlin.cli.jvm.compiler.KotlinCliJavaFileManagerImpl$knownClassNamesInPackage$1: loaded 2 times (x 77B)
Class org.jetbrains.kotlin.util.slicedMap.OpenAddressLinearProbingHashTableKt         : loaded 2 times (x 69B)
Class org.jetbrains.kotlin.resolve.calls.inference.model.ConstraintPosition           : loaded 2 times (x 69B)
Class kotlin.properties.ObservableProperty                                            : loaded 2 times (x 81B)
Class [Lorg.jetbrains.kotlin.lexer.KtKeywordToken;                                    : loaded 2 times (x 67B)
Class org.jetbrains.kotlin.psi.KtClassInitializer                                     : loaded 2 times (x 782B)
Class org.jetbrains.kotlin.resolve.extensions.AnalysisHandlerExtension$Companion      : loaded 2 times (x 70B)
Class kotlin.reflect.jvm.internal.impl.name.Name                                      : loaded 2 times (x 73B)
Class org.jetbrains.kotlin.resolve.calls.model.VariableAsFunctionResolvedCall         : loaded 2 times (x 68B)
Class org.jetbrains.kotlin.load.java.Jsr305Settings$description$2                     : loaded 2 times (x 77B)
Class org.jetbrains.kotlin.resolve.calls.model.KotlinCallArgument                     : loaded 2 times (x 68B)
Class org.jetbrains.kotlin.resolve.checkers.SealedInterfaceAllowedChecker             : loaded 2 times (x 72B)
Class org.jetbrains.kotlin.diagnostics.PositioningStrategies$REDUNDANT_NULLABLE$1     : loaded 2 times (x 72B)
Class org.jetbrains.kotlin.diagnostics.PositioningStrategies$FOR_UNRESOLVED_REFERENCE$1: loaded 2 times (x 72B)
Class org.jetbrains.kotlin.resolve.jvm.checkers.JvmPropertyVsFieldAmbiguityCallChecker: loaded 2 times (x 72B)
Class org.jetbrains.kotlin.compiler.plugin.ComponentRegistrar                         : loaded 2 times (x 68B)
Class org.jetbrains.kotlin.resolve.OverrideResolver$Companion                         : loaded 2 times (x 69B)
Class org.jetbrains.kotlin.resolve.calls.inference.model.ConstraintStorage$Empty      : loaded 2 times (x 86B)
Class it.unimi.dsi.fastutil.ints.IntListIterator                                      : loaded 2 times (x 68B)
Class com.android.ide.common.gradle.Module$Companion                                  : loaded 2 times (x 69B)
Class org.gradle.tooling.model.idea.IdeaCompilerOutput                                : loaded 2 times (x 68B)
Class com.google.common.cache.LocalCache$Values                                       : loaded 2 times (x 116B)
Class com.google.common.cache.CacheLoader$InvalidCacheLoadException                   : loaded 2 times (x 80B)
Class org.jetbrains.kotlin.resolve.calls.tower.CandidateWithBoundDispatchReceiver     : loaded 2 times (x 70B)
Class org.jetbrains.kotlin.utils.DFS                                                  : loaded 2 times (x 69B)
Class org.jetbrains.kotlin.util.slicedMap.BasicWritableSlice                          : loaded 2 times (x 99B)
Class org.jetbrains.kotlin.types.TypeProjection                                       : loaded 2 times (x 68B)
Class org.jetbrains.kotlin.resolve.jvm.checkers.EnumDeclaringClassDeprecationChecker  : loaded 2 times (x 72B)
Class org.jetbrains.kotlin.storage.LockBasedStorageManager$1                          : loaded 2 times (x 106B)
Class org.gradle.internal.classloader.DefaultClassLoaderFactory                       : loaded 2 times (x 80B)
Class [Lcom.android.builder.model.v2.ide.TestInfo$Execution;                          : loaded 2 times (x 67B)
Class org.jetbrains.kotlin.storage.LockBasedStorageManager$2                          : loaded 2 times (x 83B)
Class org.jetbrains.kotlin.resolve.calls.smartcasts.SmartCastManager$Companion        : loaded 2 times (x 69B)
Class org.jetbrains.kotlin.resolve.checkers.ExpectedActualDeclarationChecker$ActualAnnotationArgumentExtractor: loaded 2 times (x 68B)
Class org.jetbrains.kotlin.resolve.jvm.checkers.JavaNullabilityChecker                : loaded 2 times (x 74B)
Class org.jetbrains.kotlin.types.TypeUtils$SpecialType                                : loaded 2 times (x 93B)
Class org.jetbrains.plugins.gradle.model.internal.TurnOffDefaultTasks                 : loaded 2 times (x 68B)
Class org.jetbrains.kotlin.load.java.descriptors.JavaMethodDescriptor                 : loaded 2 times (x 385B)
Class org.jetbrains.kotlin.storage.LockBasedStorageManager$3                          : loaded 2 times (x 90B)
Class org.jetbrains.kotlin.descriptors.ValueDescriptor                                : loaded 2 times (x 68B)
Class kotlin.reflect.KClass                                                           : loaded 2 times (x 68B)
Class com.google.common.base.Stopwatch                                                : loaded 2 times (x 70B)
Class org.jetbrains.kotlin.descriptors.impl.TypeAliasConstructorDescriptor            : loaded 2 times (x 68B)
Class org.jetbrains.kotlin.storage.LockBasedStorageManager$4                          : loaded 2 times (x 90B)
Class org.jetbrains.kotlin.types.expressions.FakeCallResolver                         : loaded 2 times (x 70B)
Class org.jetbrains.kotlin.load.java.JavaNullabilityAnnotationsStatus$Companion       : loaded 2 times (x 69B)
Class it.unimi.dsi.fastutil.ints.IntSets$EmptySet                                     : loaded 2 times (x 232B)
Class kotlin.io.FileTreeWalk$FileTreeWalkIterator$WhenMappings                        : loaded 2 times (x 69B)
Class org.jetbrains.kotlin.types.expressions.ExpressionTypingContext                  : loaded 2 times (x 84B)
Class org.jetbrains.kotlin.storage.LockBasedStorageManager$5                          : loaded 2 times (x 91B)
Class [Lcom.android.resources.ResourceType;                                           : loaded 2 times (x 67B)
Class org.jetbrains.kotlin.resolve.jvm.checkers.BadInheritedJavaSignaturesChecker     : loaded 2 times (x 72B)
Class kotlin.reflect.jvm.internal.impl.name.FqNamesUtilKt                             : loaded 2 times (x 69B)
Class com.amazon.ion.UnsupportedIonVersionException                                   : loaded 2 times (x 83B)
Class org.jetbrains.plugins.gradle.tooling.ModelBuilderService$Parameter              : loaded 2 times (x 68B)
Class com.google.common.reflect.Types                                                 : loaded 2 times (x 69B)
Class com.google.common.base.Platform$JdkPatternCompiler                              : loaded 2 times (x 73B)
Class org.jetbrains.kotlin.storage.LockBasedStorageManager$6                          : loaded 2 times (x 84B)
Class net.rubygrapefruit.platform.ProcessLauncher                                     : loaded 2 times (x 68B)
Class com.google.common.collect.Interners$InternerImpl                                : loaded 2 times (x 73B)
Class org.jetbrains.kotlin.resolve.lazy.declarations.AbstractPsiBasedDeclarationProvider$index$1: loaded 2 times (x 77B)
Class org.jetbrains.kotlin.resolve.LanguageVersionSettingsProvider$Companion          : loaded 2 times (x 69B)
Class [Lorg.jetbrains.kotlin.config.LanguageFeature$Kind;                             : loaded 2 times (x 67B)
Class com.android.builder.model.v2.ide.AndroidArtifact                                : loaded 2 times (x 68B)
Class org.jetbrains.kotlin.resolve.calls.results.AbstractOverloadResolutionResults    : loaded 2 times (x 91B)
Class org.jetbrains.kotlin.idea.MainFunctionDetector$languageVersionSettings$2        : loaded 2 times (x 77B)
Class org.jetbrains.kotlin.builtins.jvm.JvmBuiltIns$initialize$1                      : loaded 2 times (x 77B)
Class org.jetbrains.kotlin.descriptors.Substitutable                                  : loaded 2 times (x 68B)
Class org.jetbrains.kotlin.resolve.scopes.LexicalScopeKind                            : loaded 2 times (x 77B)
Class com.google.common.cache.LocalCache$LoadingValueReference                        : loaded 2 times (x 94B)
Class org.jetbrains.kotlin.resolve.calls.components.CheckArgumentsInParenthesis       : loaded 2 times (x 71B)
Class org.jetbrains.kotlin.load.java.typeEnhancement.AbstractSignatureParts$extractQualifiersFromAnnotations$annotationsNullability$1: loaded 2 times (x 77B)
Class org.jetbrains.kotlin.types.expressions.ControlStructureTypingUtils              : loaded 2 times (x 72B)
Class org.jetbrains.kotlin.psi.KtStubbedPsiUtil                                       : loaded 2 times (x 69B)
Class org.jetbrains.kotlin.builtins.StandardNames$FqNames                             : loaded 2 times (x 69B)
Class org.jetbrains.kotlin.psi.stubs.elements.KtParameterElementType                  : loaded 2 times (x 102B)
Class org.jetbrains.kotlin.cli.jvm.modules.JavaVersionUtilsKt                         : loaded 2 times (x 69B)
Class kotlin.reflect.jvm.internal.KPropertyImpl$_descriptor$1                         : loaded 2 times (x 77B)
Class org.gradle.tooling.internal.adapter.ProtocolToModelAdapter$DefaultViewBuilder   : loaded 2 times (x 78B)
Class org.apache.commons.io.output.ByteArrayOutputStream                              : loaded 2 times (x 100B)
Class org.jetbrains.kotlin.resolve.QualifiedExpressionResolver$processSingleImport$1  : loaded 2 times (x 77B)
Class org.jetbrains.kotlin.resolve.calls.results.OverloadResolutionResults            : loaded 2 times (x 68B)
Class org.jetbrains.kotlin.load.java.components.DescriptorResolverUtils               : loaded 2 times (x 69B)
Class org.jetbrains.kotlin.resolve.checkers.OptInNames                                : loaded 2 times (x 69B)
Class net.rubygrapefruit.platform.internal.FunctionResult                             : loaded 2 times (x 75B)
Class org.jetbrains.kotlin.asJava.finder.JavaElementFinder$findRepeatableAnnotationContainer$1: loaded 2 times (x 76B)
Class org.jetbrains.kotlin.resolve.calls.inference.model.VariableWithConstraints      : loaded 2 times (x 68B)
Class org.jetbrains.kotlin.descriptors.DescriptorVisibilities                         : loaded 2 times (x 69B)
Class org.jetbrains.kotlin.container.PlatformExtensionsClashResolver                  : loaded 2 times (x 71B)
Class org.jetbrains.kotlin.psi.KtConstructorCalleeExpression                          : loaded 2 times (x 505B)
Class org.jetbrains.kotlin.codegen.extensions.ClassFileFactoryFinalizerExtension      : loaded 2 times (x 68B)
Class kotlin.jvm.internal.markers.KMutableMap                                         : loaded 2 times (x 68B)
Class it.unimi.dsi.fastutil.ints.IntArrays$Segment                                    : loaded 2 times (x 69B)
Class com.android.builder.model.v2.ide.AndroidGradlePluginProjectFlags$BooleanFlag    : loaded 2 times (x 77B)
Class com.android.builder.model.v2.ide.CodeShrinker                                   : loaded 2 times (x 77B)
Class org.jetbrains.kotlin.resolve.QualifiedExpressionResolverKt                      : loaded 2 times (x 69B)
Class org.jetbrains.kotlin.load.java.AbstractAnnotationTypeQualifierResolver          : loaded 2 times (x 74B)
Class [Lorg.jetbrains.kotlin.descriptors.Modality;                                    : loaded 2 times (x 67B)
Class com.amazon.ion.impl.LocalSymbolTable                                            : loaded 2 times (x 119B)
Class org.jetbrains.plugins.gradle.model.internal.DummyModel                          : loaded 2 times (x 68B)
Class com.google.common.io.ByteStreams$LimitedInputStream                             : loaded 2 times (x 90B)
Class org.jetbrains.kotlin.resolve.calls.util.ResolvedCallUtilKt$hasInferredReturnType$1: loaded 2 times (x 76B)
Class org.jetbrains.kotlin.builtins.jvm.JvmBuiltInsCustomizer$getFunctions$2          : loaded 2 times (x 77B)
Class org.jetbrains.kotlin.resolve.DeclarationsChecker$Companion                      : loaded 2 times (x 69B)
Class org.jetbrains.kotlin.descriptors.ScopesHolderForClass$Companion                 : loaded 2 times (x 69B)
Class org.jetbrains.plugins.gradle.model.GradleExtensions                             : loaded 2 times (x 68B)
Class com.google.common.collect.NullsFirstOrdering                                    : loaded 2 times (x 113B)
Class org.jetbrains.kotlin.resolve.FindLoopsInSupertypes$isReachable$1                : loaded 2 times (x 78B)
Class org.jetbrains.kotlin.resolve.calls.inference.components.ResultTypeResolver$Context: loaded 2 times (x 68B)
Class org.jetbrains.kotlin.psi.KtConstantExpression                                   : loaded 2 times (x 502B)
Class com.google.common.collect.MapMakerInternalMap$AbstractStrongKeyEntry            : loaded 2 times (x 78B)
Class org.jetbrains.kotlin.serialization.deserialization.descriptors.DeserializedClassDescriptor$DeserializedClassMemberScope$allDescriptors$1: loaded 2 times (x 77B)
Class org.jetbrains.kotlin.metadata.jvm.JvmModuleProtoBuf$Module                      : loaded 2 times (x 122B)
Class org.jetbrains.kotlin.descriptors.annotations.AnnotatedImpl                      : loaded 2 times (x 74B)
Class org.jetbrains.kotlin.resolve.scopes.DescriptorKindFilter$Companion              : loaded 2 times (x 69B)
Class org.jetbrains.kotlin.metadata.ProtoBuf$EnumEntry$1                              : loaded 2 times (x 142B)
Class org.jetbrains.kotlin.scripting.definitions.AutoloadedScriptDefinitions$Companion: loaded 2 times (x 69B)
Class kotlin.reflect.jvm.internal.KotlinReflectionInternalError                       : loaded 2 times (x 80B)
Class org.jetbrains.kotlin.resolve.lazy.ResolveSessionUtils                           : loaded 2 times (x 69B)
Class org.jetbrains.kotlin.load.java.lazy.descriptors.LazyJavaClassDescriptor$scopeHolder$1: loaded 2 times (x 77B)
Class org.jetbrains.kotlin.resolve.scopes.LazyScopeAdapter$lazyScope$1                : loaded 2 times (x 77B)
Class org.jetbrains.kotlin.resolve.calls.results.TypeSpecificityComparator            : loaded 2 times (x 68B)
Class kotlin.script.experimental.jvm.GetScriptingClassByClassLoader                   : loaded 2 times (x 68B)
Class org.jetbrains.plugins.gradle.model.GradleSourceSetDependencyModel               : loaded 2 times (x 68B)
Class org.jetbrains.kotlin.resolve.calls.components.CompletionModeCalculator$Companion: loaded 2 times (x 69B)
Class org.jetbrains.kotlin.metadata.jvm.deserialization.JvmNameResolverKt             : loaded 2 times (x 69B)
Class org.jetbrains.kotlin.resolve.jvm.checkers.JavaOverrideWithWrongNullabilityOverrideChecker$typePreparatorUnwrappingEnhancement$1: loaded 2 times (x 71B)
Class [Lorg.jetbrains.kotlin.psi.KtProperty;                                          : loaded 2 times (x 67B)
Class kotlin.script.experimental.jvm.JvmGetScriptingClass$Companion                   : loaded 2 times (x 69B)
Class org.jetbrains.plugins.gradle.tooling.serialization.GradleExtensionsSerializationService$WriteContext: loaded 2 times (x 70B)
Class org.jetbrains.kotlin.utils.FunctionsKt$ALWAYS_NULL$1                            : loaded 2 times (x 76B)
Class org.jetbrains.kotlin.resolve.lazy.declarations.FileBasedDeclarationProviderFactory$Index: loaded 2 times (x 70B)
Class org.jetbrains.kotlin.metadata.ProtoBuf$TypeTable$1                              : loaded 2 times (x 142B)
Class org.jetbrains.kotlin.resolve.jvm.checkers.ExplicitMetadataChecker               : loaded 2 times (x 72B)
Class org.jetbrains.kotlin.diagnostics.PositioningStrategies$SAFE_ACCESS$1            : loaded 2 times (x 72B)
Class org.jetbrains.kotlin.cli.jvm.modules.CliJavaModuleFinder$ctSymModules$2         : loaded 2 times (x 77B)
Class [Lcom.google.common.reflect.Types$ClassOwnership;                               : loaded 2 times (x 67B)
Class [Lorg.jetbrains.kotlin.resolve.ExternalOverridabilityCondition$Result;          : loaded 2 times (x 67B)
Class org.jetbrains.kotlin.cli.jvm.compiler.KotlinCliJavaFileManagerImpl$findVirtualFileForTopLevelClass$1$1: loaded 2 times (x 77B)
Class org.jetbrains.kotlin.config.AnalysisFlags$ignoreDataFlowInAssert$2              : loaded 2 times (x 125B)
Class com.android.ide.common.gradle.Version                                           : loaded 2 times (x 73B)
Class org.jetbrains.kotlin.descriptors.annotations.KotlinRetention                    : loaded 2 times (x 77B)
Class org.jetbrains.kotlin.protobuf.Internal$EnumLite                                 : loaded 2 times (x 68B)
Class org.jetbrains.kotlin.utils.exceptions.KotlinExceptionWithAttachments            : loaded 2 times (x 68B)
Class org.jetbrains.kotlin.psi.KtDeclarationWithInitializer                           : loaded 2 times (x 68B)
Class com.intellij.openapi.util.Pair                                                  : loaded 2 times (x 70B)
Class com.intellij.openapi.util.Comparing                                             : loaded 2 times (x 69B)
Class com.google.common.collect.NaturalOrdering                                       : loaded 2 times (x 113B)
Class org.jetbrains.kotlin.resolve.jvm.checkers.JvmDefaultChecker                     : loaded 2 times (x 73B)
Class org.jetbrains.kotlin.descriptors.impl.DeclarationDescriptorNonRootImpl          : loaded 2 times (x 115B)
Class org.jetbrains.kotlin.resolve.extensions.AssignResolutionAltererExtension        : loaded 2 times (x 68B)
Class org.jetbrains.kotlin.resolve.calls.tower.NewResolutionOldInference$ResolutionKind$CallableReference: loaded 2 times (x 70B)
Class kotlin.Deprecated                                                               : loaded 2 times (x 68B)
Class org.jetbrains.kotlin.container.InvalidCardinalityException                      : loaded 2 times (x 80B)
Class com.android.prefs.VariableType                                                  : loaded 2 times (x 77B)
Class com.android.utils.NullLogger                                                    : loaded 2 times (x 83B)
Class org.jetbrains.kotlin.resolve.scopes.MemberScopeKt                               : loaded 2 times (x 69B)
Class org.jetbrains.kotlin.resolve.calls.model.PostponedCallableReferenceAtom         : loaded 2 times (x 90B)
Class org.jetbrains.kotlin.descriptors.InvalidModuleException                         : loaded 2 times (x 80B)
Class org.jetbrains.kotlin.renderer.DescriptorRenderer$ValueParametersHandler         : loaded 2 times (x 68B)
Class org.jetbrains.kotlin.scripting.definitions.LazyClasspathWithClassLoader$classLoader$2: loaded 2 times (x 77B)
Class org.jetbrains.kotlin.types.expressions.CoercionStrategy                         : loaded 2 times (x 77B)
Class org.jetbrains.kotlin.resolve.calls.model.SimpleCandidateFactory                 : loaded 2 times (x 75B)
Class org.jetbrains.kotlin.types.TypeAttribute                                        : loaded 2 times (x 74B)
Class org.jetbrains.kotlin.resolve.AnnotationResolver                                 : loaded 2 times (x 73B)
Class org.jetbrains.kotlin.resolve.BindingTraceContext                                : loaded 2 times (x 103B)
Class org.jetbrains.kotlin.protobuf.AbstractMessageLite$Builder$LimitedInputStream    : loaded 2 times (x 90B)
Class org.jetbrains.kotlin.resolve.calls.model.ErrorCallResolutionResult              : loaded 2 times (x 72B)
Class com.google.common.collect.ByFunctionOrdering                                    : loaded 2 times (x 113B)
Class com.google.common.base.Optional                                                 : loaded 2 times (x 78B)
Class org.jetbrains.kotlin.cli.jvm.compiler.KotlinCliJavaFileManagerImpl$findPsiClass$1: loaded 2 times (x 77B)
Class org.jetbrains.kotlin.types.expressions.GenericArrayClassLiteralSupport          : loaded 2 times (x 68B)
Class com.amazon.ion.impl.LocalSymbolTableAsStruct$Factory                            : loaded 2 times (x 77B)
Class org.jetbrains.kotlin.descriptors.ModalityUtilsKt                                : loaded 2 times (x 69B)
Class org.jetbrains.kotlin.resolve.lazy.ResolveSession$1                              : loaded 2 times (x 82B)
Class com.android.utils.PositionXmlParser                                             : loaded 2 times (x 69B)
Class org.jetbrains.kotlin.extensions.internal.CandidateInterceptor                   : loaded 2 times (x 70B)
Class org.gradle.internal.impldep.gnu.trove.PrimeFinder                               : loaded 2 times (x 69B)
Class org.jetbrains.kotlin.descriptors.impl.TypeParameterDescriptorImpl               : loaded 2 times (x 169B)
Class org.jetbrains.kotlin.resolve.calls.model.TransformableToWarning                 : loaded 2 times (x 68B)
Class org.jetbrains.kotlin.load.java.typeEnhancement.PredefinedEnhancementInfoKt$PREDEFINED_FUNCTION_ENHANCEMENT_INFO_BY_SIGNATURE$1$1$5$1: loaded 2 times (x 77B)
Class org.jetbrains.kotlin.resolve.constants.TypedCompileTimeConstant                 : loaded 2 times (x 85B)
Class com.android.tools.lint.model.LintModelLintOptions                               : loaded 2 times (x 68B)
Class org.jetbrains.kotlin.load.java.typeEnhancement.PredefinedEnhancementInfoKt$PREDEFINED_FUNCTION_ENHANCEMENT_INFO_BY_SIGNATURE$1$1$5$2: loaded 2 times (x 77B)
Class org.jetbrains.kotlin.utils.DeserializationHelpersKt                             : loaded 2 times (x 69B)
Class org.jetbrains.kotlin.serialization.deserialization.EnumEntriesDeserializationSupport: loaded 2 times (x 68B)
Class org.jetbrains.kotlin.cli.jvm.modules.CoreJrtVirtualFile                         : loaded 2 times (x 152B)
Class com.google.common.base.FunctionalEquivalence                                    : loaded 2 times (x 81B)
Class org.jetbrains.kotlin.load.java.typeEnhancement.PredefinedEnhancementInfoKt$PREDEFINED_FUNCTION_ENHANCEMENT_INFO_BY_SIGNATURE$1$1$5$3: loaded 2 times (x 77B)
Class org.jetbrains.kotlin.resolve.calls.inference.components.ConstraintSystemCompletionMode: loaded 2 times (x 77B)
Class org.jetbrains.kotlin.psi.KtPureElement                                          : loaded 2 times (x 68B)
Class com.google.common.collect.Maps$IteratorBasedAbstractMap                         : loaded 2 times (x 123B)
Class com.amazon.ion.impl.bin.IonRawBinaryWriter$PatchList                            : loaded 2 times (x 83B)
Class org.jetbrains.org.objectweb.asm.ClassTooLargeException                          : loaded 2 times (x 81B)
Class org.jetbrains.kotlin.load.java.typeEnhancement.PredefinedEnhancementInfoKt$PREDEFINED_FUNCTION_ENHANCEMENT_INFO_BY_SIGNATURE$1$1$5$4: loaded 2 times (x 77B)
Class org.jetbrains.kotlin.resolve.calls.inference.components.TypeVariableDirectionCalculator$ResolveDirection: loaded 2 times (x 77B)
Class org.jetbrains.kotlin.resolve.TopDownAnalysisMode                                : loaded 2 times (x 77B)
Class org.jetbrains.kotlin.tooling.core.Extras                                        : loaded 2 times (x 68B)
Class org.jetbrains.kotlin.cli.jvm.compiler.ClasspathRootsResolver                    : loaded 2 times (x 70B)
Class org.jetbrains.kotlin.metadata.ProtoBuf$TypeTableOrBuilder                       : loaded 2 times (x 68B)
Class com.amazon.ion.impl.bin.Symbols                                                 : loaded 2 times (x 69B)
Class org.objectweb.asm.RecordComponentWriter                                         : loaded 2 times (x 76B)
Class org.jetbrains.kotlin.load.java.typeEnhancement.PredefinedEnhancementInfoKt$PREDEFINED_FUNCTION_ENHANCEMENT_INFO_BY_SIGNATURE$1$1$5$5: loaded 2 times (x 77B)
Class org.jetbrains.kotlin.resolve.calls.model.QualifierReceiverKotlinCallArgument    : loaded 2 times (x 78B)
Class [Lorg.jetbrains.kotlin.psi.KtExpressionImplStub;                                : loaded 2 times (x 67B)
Class org.jetbrains.kotlin.config.JVMConfigurationKeys                                : loaded 2 times (x 69B)
Class kotlin.sequences.SequenceScope                                                  : loaded 2 times (x 71B)
Class org.jetbrains.kotlin.load.java.typeEnhancement.PredefinedEnhancementInfoKt$PREDEFINED_FUNCTION_ENHANCEMENT_INFO_BY_SIGNATURE$1$1$5$6: loaded 2 times (x 77B)
Class org.jetbrains.kotlin.utils.DFS$AbstractNodeHandler                              : loaded 2 times (x 77B)
Class org.jetbrains.kotlin.resolve.lazy.LazyImportResolverForKtImportDirective$forceResolveNonDefaultImportsTask$1: loaded 2 times (x 77B)
Class org.jetbrains.kotlin.resolve.calls.smartcasts.DataFlowInfo$Companion            : loaded 2 times (x 69B)
Class org.jetbrains.kotlin.resolve.calls.checkers.AbstractReflectionApiCallChecker$kClass$2: loaded 2 times (x 77B)
Class org.jetbrains.kotlin.serialization.deserialization.descriptors.DeserializedContainerAbiStability: loaded 2 times (x 77B)
Class org.jetbrains.kotlin.protobuf.CodedInputStream                                  : loaded 2 times (x 70B)
Class org.jetbrains.kotlin.resolve.checkers.EnumCompanionInEnumConstructorCallChecker : loaded 2 times (x 72B)
Class com.google.common.cache.LocalCache$1                                            : loaded 2 times (x 87B)
Class org.jetbrains.kotlin.load.java.typeEnhancement.PredefinedEnhancementInfoKt$PREDEFINED_FUNCTION_ENHANCEMENT_INFO_BY_SIGNATURE$1$1$5$7: loaded 2 times (x 77B)
Class org.jetbrains.kotlin.load.java.structure.impl.source.JavaElementSourceFactory$Companion: loaded 2 times (x 69B)
Class org.jetbrains.kotlin.protobuf.SmallSortedMap$EntryIterator                      : loaded 2 times (x 81B)
Class com.amazon.ion.impl.IonWriterSystemText                                         : loaded 2 times (x 188B)
Class com.google.common.cache.LocalCache$2                                            : loaded 2 times (x 140B)
Class org.jetbrains.kotlin.types.TypeSubstitutor$VarianceConflictType                 : loaded 2 times (x 77B)
Class org.jetbrains.kotlin.load.java.typeEnhancement.PredefinedEnhancementInfoKt$PREDEFINED_FUNCTION_ENHANCEMENT_INFO_BY_SIGNATURE$1$1$5$8: loaded 2 times (x 77B)
Class org.jetbrains.kotlin.resolve.lazy.descriptors.LazyClassMemberScope$Companion$EXTRACT_PROPERTIES$1: loaded 2 times (x 72B)
Class org.jetbrains.kotlin.load.kotlin.VirtualFileFinderFactory                       : loaded 2 times (x 68B)
Class org.jetbrains.kotlin.scripting.compiler.plugin.extensions.ScriptingCollectAdditionalSourcesExtension: loaded 2 times (x 73B)
Class org.jetbrains.kotlin.resolve.PlatformAnnotationFeaturesSupport                  : loaded 2 times (x 68B)
Class org.jetbrains.kotlin.load.java.typeEnhancement.PredefinedEnhancementInfoKt$PREDEFINED_FUNCTION_ENHANCEMENT_INFO_BY_SIGNATURE$1$1$5$9: loaded 2 times (x 77B)
Class org.jetbrains.kotlin.load.java.components.SignaturePropagatorImpl               : loaded 2 times (x 76B)
Class org.jetbrains.kotlin.resolve.calls.util.CallUtilKt                              : loaded 2 times (x 69B)
Class org.jetbrains.kotlin.scripting.resolve.LazyScriptDescriptor$scriptImplicitReceivers$1: loaded 2 times (x 77B)
Class org.jetbrains.kotlin.resolve.BindingTraceContext$1                              : loaded 2 times (x 90B)
Class org.jetbrains.kotlin.diagnostics.PositioningStrategies$QUESTION_MARK_BY_TYPE$1  : loaded 2 times (x 72B)
Class org.jetbrains.kotlin.resolve.calls.model.KotlinCallKt$WhenMappings              : loaded 2 times (x 69B)
Class org.jetbrains.kotlin.metadata.jvm.JvmProtoBuf$StringTableTypesOrBuilder         : loaded 2 times (x 68B)
Class [Lcom.google.common.collect.LinkedHashMultimap$ValueEntry;                      : loaded 2 times (x 67B)
Class org.jetbrains.kotlin.renderer.DescriptorRenderer$Companion$DEBUG_TEXT$1         : loaded 2 times (x 76B)
Class org.jetbrains.kotlin.resolve.calls.components.TypeConversions                   : loaded 2 times (x 69B)
Class org.jetbrains.kotlin.scripting.resolve.LazyScriptDescriptor$baseClassDescriptor$1: loaded 2 times (x 77B)
Class org.jetbrains.kotlin.resolve.AnnotationTargetLists$T_TOP_LEVEL_FUNCTION$1       : loaded 2 times (x 76B)
Class org.jetbrains.kotlin.psi.KtPostfixExpression                                    : loaded 2 times (x 500B)
Class org.jetbrains.kotlin.lexer.KotlinLexerException                                 : loaded 2 times (x 80B)
Class org.jetbrains.kotlin.types.extensions.TypeAttributeTranslators                  : loaded 2 times (x 70B)
Class org.jetbrains.kotlin.container.ComponentRegistry                                : loaded 2 times (x 70B)
Class com.android.builder.model.v2.ide.TestedTargetVariant                            : loaded 2 times (x 68B)
Class org.jetbrains.kotlin.resolve.scopes.DescriptorKindExclude$NonExtensions         : loaded 2 times (x 71B)
Class org.jetbrains.kotlin.resolve.DeclarationReturnTypeSanitizer                     : loaded 2 times (x 68B)
Class org.jetbrains.kotlin.diagnostics.PositioningStrategies$WHEN_CONDITION_IN_RANGE$1: loaded 2 times (x 72B)
Class com.android.io.CancellableFileIo                                                : loaded 2 times (x 69B)
Class com.amazon.ion.impl.bin.utf8.Utf8StringEncoder$Result                           : loaded 2 times (x 72B)
Class org.jetbrains.plugins.gradle.tooling.serialization.internal.IdeaProjectSerializationService$WriteContext$1: loaded 2 times (x 81B)
Class org.jetbrains.kotlin.scripting.definitions.ScriptiDefinitionsFromClasspathDiscoverySourceKt: loaded 2 times (x 69B)
Class org.jetbrains.plugins.gradle.tooling.serialization.internal.IdeaProjectSerializationService$WriteContext$2: loaded 2 times (x 81B)
Class org.jetbrains.plugins.gradle.model.VersionCatalogsModel                         : loaded 2 times (x 68B)
Class org.jetbrains.kotlin.resolve.calls.components.ArgumentsToCandidateParameterDescriptor: loaded 2 times (x 71B)
Class org.jetbrains.kotlin.types.expressions.ExpressionTypingInternals                : loaded 2 times (x 68B)
Class org.jetbrains.kotlin.cli.common.CLIConfigurationKeys                            : loaded 2 times (x 69B)
Class org.jetbrains.plugins.gradle.tooling.serialization.internal.IdeaProjectSerializationService$WriteContext$3: loaded 2 times (x 81B)
Class org.jetbrains.kotlin.load.java.JavaIncompatibilityRulesOverridabilityCondition$Companion: loaded 2 times (x 69B)
Class org.jetbrains.kotlin.descriptors.DeclarationDescriptorWithSource                : loaded 2 times (x 68B)
Class org.jetbrains.kotlin.psi.KtEnumEntry                                            : loaded 2 times (x 1099B)
Class kotlin.reflect.jvm.internal.KMutableProperty1Impl$_setter$1                     : loaded 2 times (x 77B)
Class org.jetbrains.kotlin.idea.gradleTooling.AndroidAwareGradleModelProvider$Companion: loaded 2 times (x 69B)
Class org.jetbrains.plugins.gradle.tooling.serialization.internal.IdeaProjectSerializationService$WriteContext$4: loaded 2 times (x 81B)
Class org.gradle.internal.classloader.VisitableURLClassLoader$Spec                    : loaded 2 times (x 72B)
Class org.jetbrains.kotlin.load.java.FakePureImplementationsProvider                  : loaded 2 times (x 69B)
Class org.jetbrains.kotlin.resolve.calls.checkers.CallCheckerKt                       : loaded 2 times (x 69B)
Class org.jetbrains.kotlin.mpp.CallableSymbolMarker                                   : loaded 2 times (x 68B)
Class org.jetbrains.kotlin.psi.KtPropertyDelegate                                     : loaded 2 times (x 376B)
Class org.jetbrains.kotlin.resolve.diagnostics.DiagnosticSuppressor$Companion         : loaded 2 times (x 70B)
Class org.jetbrains.plugins.gradle.tooling.serialization.internal.IdeaProjectSerializationService$WriteContext$5: loaded 2 times (x 81B)
Class org.gradle.tooling.model.ProjectModel                                           : loaded 2 times (x 68B)
Class org.jetbrains.kotlin.descriptors.impl.DescriptorDerivedFromTypeAlias            : loaded 2 times (x 68B)
Class org.jetbrains.kotlin.serialization.deserialization.builtins.BuiltInSerializerProtocol: loaded 2 times (x 70B)
Class org.jetbrains.kotlin.resolve.jvm.checkers.ExternalFunChecker                    : loaded 2 times (x 72B)
Class org.jetbrains.plugins.gradle.tooling.serialization.internal.IdeaProjectSerializationService$WriteContext$6: loaded 2 times (x 81B)
Class org.gradle.internal.impldep.gnu.trove.TObjectIdentityHashingStrategy            : loaded 2 times (x 76B)
Class org.jetbrains.kotlin.resolve.calls.components.ErrorCallInfo                     : loaded 2 times (x 68B)
Class org.jetbrains.kotlin.types.FunctionPlaceholders                                 : loaded 2 times (x 70B)
Class [Lorg.jetbrains.kotlin.extensions.TypeAttributeTranslatorExtension;             : loaded 2 times (x 67B)
Class org.jetbrains.kotlin.resolve.checkers.ClassifierUsageChecker                    : loaded 2 times (x 68B)
Class org.gradle.internal.impldep.gnu.trove.THash                                     : loaded 2 times (x 79B)
Class org.jetbrains.plugins.gradle.tooling.serialization.internal.IdeaProjectSerializationService$WriteContext$7: loaded 2 times (x 81B)
Class org.gradle.tooling.internal.gradle.DefaultProjectIdentifier                     : loaded 2 times (x 84B)
Class org.jetbrains.kotlin.load.java.JavaDefaultQualifiers                            : loaded 2 times (x 70B)
Class javaslang.Tuple                                                                 : loaded 2 times (x 68B)
Class org.jetbrains.kotlin.serialization.deserialization.descriptors.DeserializedClassDescriptor$DeserializedClassMemberScope$refinedSupertypes$1: loaded 2 times (x 77B)
Class org.jetbrains.kotlin.descriptors.ModuleCapability                               : loaded 2 times (x 70B)
Class org.jetbrains.kotlin.resolve.calls.checkers.NewSchemeOfIntegerOperatorResolutionChecker: loaded 2 times (x 72B)
Class kotlin.reflect.jvm.internal.KCallableImpl$_annotations$1                        : loaded 2 times (x 77B)
Class org.jetbrains.plugins.gradle.tooling.serialization.internal.IdeaProjectSerializationService$WriteContext$8: loaded 2 times (x 81B)
Class org.jetbrains.kotlin.load.java.typeEnhancement.SignatureEnhancement$enhanceSignature$returnTypeEnhancement$1: loaded 2 times (x 76B)
Class org.jetbrains.kotlin.load.java.lazy.descriptors.LazyJavaScope$propertyNamesLazy$2: loaded 2 times (x 77B)
Class [Lorg.jetbrains.kotlin.renderer.OverrideRenderingPolicy;                        : loaded 2 times (x 67B)
Class org.jetbrains.kotlin.diagnostics.PositioningStrategies$WHOLE_ELEMENT$1          : loaded 2 times (x 72B)
Class org.jetbrains.kotlin.psi.stubs.elements.KtFunctionElementType                   : loaded 2 times (x 102B)
Class com.intellij.util.containers.IntObjectHashMap                                   : loaded 2 times (x 70B)
Class org.gradle.api.internal.classpath.ModuleRegistry                                : loaded 2 times (x 68B)
Class org.jetbrains.kotlin.incremental.UtilsKt                                        : loaded 2 times (x 69B)
Class org.jetbrains.kotlin.cli.jvm.compiler.JvmPackagePartProviderKt                  : loaded 2 times (x 69B)
Class org.jetbrains.kotlin.resolve.scopes.receivers.Receiver                          : loaded 2 times (x 68B)
Class org.jetbrains.kotlin.resolve.jvm.platform.JavaGenericVarianceViolationTypeChecker: loaded 2 times (x 74B)
Class com.android.tools.lint.model.LintModelSerialization                             : loaded 2 times (x 74B)
Class org.jetbrains.kotlin.config.MavenComparableVersion$IntegerItem                  : loaded 2 times (x 78B)
Class org.jetbrains.kotlin.load.java.components.JavaDeprecatedAnnotationDescriptor    : loaded 2 times (x 85B)
Class org.jetbrains.kotlin.resolve.calls.tower.TowerUtilsKt                           : loaded 2 times (x 69B)
Class org.jetbrains.kotlin.descriptors.annotations.CompositeAnnotations               : loaded 2 times (x 84B)
Class org.jetbrains.kotlin.resolve.calls.context.CheckArgumentTypesMode               : loaded 2 times (x 77B)
Class org.jetbrains.kotlin.backend.jvm.extensions.ClassGeneratorExtension             : loaded 2 times (x 68B)
Class org.jetbrains.kotlin.resolve.calls.inference.ConstraintSystemBuilderKt          : loaded 2 times (x 69B)
Class org.jetbrains.kotlin.resolve.scopes.receivers.ClassifierQualifier               : loaded 2 times (x 68B)
Class org.jetbrains.kotlin.diagnostics.PositioningStrategies$OBJECT_KEYWORD$1         : loaded 2 times (x 72B)
Class kotlin.script.experimental.host.ScriptingHostConfigurationKeys                  : loaded 2 times (x 68B)
Class org.jetbrains.kotlin.load.java.PropertiesConventionUtilKt                       : loaded 2 times (x 69B)
Class org.jetbrains.kotlin.metadata.deserialization.VersionRequirement                : loaded 2 times (x 70B)
Class org.jetbrains.kotlin.resolve.calls.inference.ConstraintSystem$Builder           : loaded 2 times (x 68B)
Class org.jetbrains.kotlin.types.error.ErrorTypeConstructor                           : loaded 2 times (x 79B)
Class org.jetbrains.kotlin.lexer.KotlinLexer                                          : loaded 2 times (x 84B)
Class org.jetbrains.kotlin.types.model.TypeSystemContext                              : loaded 2 times (x 68B)
Class com.google.common.collect.CompoundOrdering                                      : loaded 2 times (x 113B)
Class org.jetbrains.kotlin.types.expressions.LocalClassifierAnalyzer                  : loaded 2 times (x 70B)
Class org.jetbrains.kotlin.storage.MemoizedFunctionToNotNull                          : loaded 2 times (x 68B)
Class com.android.tools.lint.model.DefaultLintModelDependencies                       : loaded 2 times (x 77B)
Class org.jetbrains.kotlin.load.java.typeEnhancement.NotNullTypeParameterImpl         : loaded 2 times (x 98B)
Class org.jetbrains.kotlin.codegen.state.KotlinTypeMapperBase                         : loaded 2 times (x 72B)
Class org.jetbrains.kotlin.types.expressions.ExpressionTypingServices                 : loaded 2 times (x 84B)
Class org.jetbrains.kotlin.resolve.ModuleStructureOracle$SingleModule                 : loaded 2 times (x 74B)
Class org.jetbrains.kotlin.renderer.ExcludedTypeAnnotations                           : loaded 2 times (x 69B)
Class org.jetbrains.kotlin.resolve.CleanableBindingContext                            : loaded 2 times (x 68B)
Class org.jetbrains.kotlin.psi.KtElement                                              : loaded 2 times (x 68B)
Class org.jetbrains.kotlin.codegen.extensions.ExpressionCodegenExtension$Companion    : loaded 2 times (x 70B)
Class com.google.common.reflect.TypeToken$1                                           : loaded 2 times (x 106B)
Class com.google.common.cache.CacheBuilder                                            : loaded 2 times (x 70B)
Class org.jetbrains.kotlin.load.java.components.JavaRetentionAnnotationDescriptor$allValueArguments$2: loaded 2 times (x 77B)
Class org.jetbrains.kotlin.serialization.deserialization.ErrorReporter                : loaded 2 times (x 68B)
Class org.jetbrains.kotlin.resolve.OverridesBackwardCompatibilityHelper               : loaded 2 times (x 68B)
Class org.jetbrains.kotlin.diagnostics.DiagnosticFactoryForDeprecation                : loaded 2 times (x 70B)
Class org.jetbrains.kotlin.resolve.FilePreprocessorKt                                 : loaded 2 times (x 69B)
Class com.amazon.ion.impl.bin.PooledBlockAllocatorProvider$PooledBlockAllocator       : loaded 2 times (x 79B)
Class com.google.common.reflect.TypeToken$2                                           : loaded 2 times (x 106B)
Class org.objectweb.asm.ByteVector                                                    : loaded 2 times (x 77B)
Class [Lorg.jetbrains.kotlin.diagnostics.Severity;                                    : loaded 2 times (x 67B)
Class org.jetbrains.kotlin.extensions.internal.TypeResolutionInterceptorExtension     : loaded 2 times (x 68B)
Class org.jetbrains.kotlin.resolve.calls.tower.KotlinResolutionCallbacksImpl$LambdaInfo: loaded 2 times (x 70B)
Class org.jetbrains.kotlin.diagnostics.PositioningStrategies$WHEN_EXPRESSION$1        : loaded 2 times (x 72B)
Class org.jetbrains.kotlin.scripting.compiler.plugin.impl.ErrorReportingKt$reporter$1 : loaded 2 times (x 77B)
Class org.jetbrains.kotlin.resolve.jvm.KotlinJavaPsiFacade$KotlinPsiElementFinderWrapperImplDumbAware: loaded 2 times (x 80B)
Class kotlin.collections.ArrayAsCollection                                            : loaded 2 times (x 103B)
Class com.android.builder.model.v2.ide.LibraryType                                    : loaded 2 times (x 77B)
Class org.jetbrains.kotlin.resolve.lazy.ExplicitImportsIndexed                        : loaded 2 times (x 71B)
Class org.jetbrains.kotlin.utils.SmartSet                                             : loaded 2 times (x 141B)
Class org.jetbrains.kotlin.resolve.calls.tower.TowerResolver$Task                     : loaded 2 times (x 70B)
Class org.jetbrains.kotlin.resolve.calls.tower.ResolvedAtomCompleter                  : loaded 2 times (x 70B)
Class org.jetbrains.kotlin.types.FlexibleTypeImpl                                     : loaded 2 times (x 102B)
Class org.jetbrains.kotlin.load.java.lazy.descriptors.LazyJavaClassMemberScope$nestedClasses$1: loaded 2 times (x 77B)
Class [Lorg.jetbrains.org.objectweb.asm.SymbolTable$Entry;                            : loaded 2 times (x 67B)
Class org.jetbrains.plugins.gradle.model.RepositoriesModel                            : loaded 2 times (x 68B)
Class org.gradle.api.JavaVersion                                                      : loaded 2 times (x 77B)
Class org.jetbrains.kotlin.descriptors.annotations.AnnotationSplitter$splitAnnotations$1: loaded 2 times (x 77B)
Class org.jetbrains.kotlin.resolve.PlatformConfiguratorBase                           : loaded 2 times (x 78B)
Class org.jetbrains.kotlin.psi.stubs.elements.KtPlaceHolderWithTextStubElementType    : loaded 2 times (x 98B)
Class org.jetbrains.kotlin.resolve.calls.util.ResolvedCallUtilKt                      : loaded 2 times (x 69B)
Class org.jetbrains.kotlin.resolve.scopes.SubstitutingScope$_allDescriptors$2         : loaded 2 times (x 77B)
Class org.jetbrains.kotlin.resolve.CompilerEnvironment                                : loaded 2 times (x 71B)
Class org.jetbrains.kotlin.serialization.deserialization.ClassDeserializer$ClassKey   : loaded 2 times (x 70B)
Class org.jetbrains.kotlin.metadata.ProtoBuf$StringTableOrBuilder                     : loaded 2 times (x 68B)
Class com.amazon.ion.impl._Private_RecyclingStack                                     : loaded 2 times (x 70B)
Class org.jetbrains.kotlin.load.java.lazy.LazyJavaTypeParameterResolver$resolve$1     : loaded 2 times (x 77B)
Class org.jetbrains.kotlin.resolve.lazy.descriptors.LazyClassDescriptor$1             : loaded 2 times (x 71B)
Class org.jetbrains.kotlin.idea.MainFunctionDetector$Factory                          : loaded 2 times (x 68B)
Class com.android.utils.PositionXmlParser$Position                                    : loaded 2 times (x 76B)
Class org.jetbrains.kotlin.protobuf.Utf8                                              : loaded 2 times (x 69B)
Class org.jetbrains.kotlin.psi.KtBlockExpression                                      : loaded 2 times (x 538B)
Class org.jetbrains.kotlin.scripting.definitions.ScriptEvaluationConfigurationFromDefinition$1: loaded 2 times (x 77B)
Class kotlin.reflect.jvm.internal.KCallableImpl$_typeParameters$1                     : loaded 2 times (x 77B)
Class org.jetbrains.kotlin.resolve.lazy.descriptors.LazyClassDescriptor$2             : loaded 2 times (x 71B)
Class org.jetbrains.kotlin.load.kotlin.DeserializedDescriptorResolver                 : loaded 2 times (x 70B)
Class org.jetbrains.kotlin.builtins.UnsignedArrayType                                 : loaded 2 times (x 77B)
Class org.jetbrains.kotlin.resolve.calls.components.ResolutionPartsKt                 : loaded 2 times (x 69B)
Class org.jetbrains.kotlin.resolve.lazy.descriptors.LazyClassDescriptor$3             : loaded 2 times (x 71B)
Class org.jetbrains.kotlin.resolve.checkers.BigFunctionTypeAvailabilityChecker        : loaded 2 times (x 72B)
Class kotlin.script.experimental.api.ScriptAcceptedLocation                           : loaded 2 times (x 77B)
Class org.jetbrains.kotlin.cli.jvm.modules.CoreJrtFileSystem                          : loaded 2 times (x 99B)
Class org.jetbrains.kotlin.load.java.sam.JavaSingleAbstractMethodUtils$FunctionInitializer: loaded 2 times (x 70B)
Class org.jetbrains.kotlin.load.java.typeEnhancement.PredefinedEnhancementInfoKt$PREDEFINED_FUNCTION_ENHANCEMENT_INFO_BY_SIGNATURE$1$1$14$1: loaded 2 times (x 77B)
Class org.jetbrains.kotlin.load.kotlin.FileBasedKotlinClass$3$1                       : loaded 2 times (x 76B)
Class org.jetbrains.kotlin.library.metadata.NullFlexibleTypeDeserializer              : loaded 2 times (x 72B)
Class com.google.common.base.PairwiseEquivalence                                      : loaded 2 times (x 81B)
Class com.google.common.base.Ticker                                                   : loaded 2 times (x 70B)
Class org.jetbrains.kotlin.resolve.scopes.receivers.TransientReceiver                 : loaded 2 times (x 78B)
Class org.jetbrains.kotlin.metadata.jvm.JvmProtoBuf$StringTableTypes$Record$1         : loaded 2 times (x 142B)
Class org.jetbrains.kotlin.serialization.deserialization.builtins.BuiltInsLoaderImpl$createPackageFragmentProvider$1: loaded 2 times (x 123B)
Class org.jetbrains.kotlin.psi.psiUtil.PsiUtilsKt                                     : loaded 2 times (x 69B)
Class org.jetbrains.kotlin.psi.stubs.elements.KtUserTypeElementType                   : loaded 2 times (x 101B)
Class com.amazon.ion.impl.bin.WriteBuffer                                             : loaded 2 times (x 76B)
Class org.jetbrains.kotlin.resolve.calls.tower.HidesMembersTowerLevel                 : loaded 2 times (x 80B)
Class org.jetbrains.kotlin.resolve.calls.tower.VariableAndObjectScopeTowerProcessor   : loaded 2 times (x 74B)
Class org.jetbrains.kotlin.types.TypeApproximator                                     : loaded 2 times (x 625B)
Class org.jetbrains.kotlin.resolve.lazy.declarations.DeclarationProviderFactoryService: loaded 2 times (x 70B)
Class kotlin.sequences.SequenceBuilderIterator                                        : loaded 2 times (x 83B)
Class org.gradle.tooling.internal.adapter.TypeInspector                               : loaded 2 times (x 71B)
Class org.gradle.api.internal.ClassPathProvider                                       : loaded 2 times (x 68B)
Class [Lorg.jetbrains.kotlin.resolve.calls.tasks.ExplicitReceiverKind;                : loaded 2 times (x 67B)
Class org.jetbrains.kotlin.types.KotlinTypeFactory                                    : loaded 2 times (x 69B)
Class org.jetbrains.kotlin.resolve.checkers.ContractDescriptionBlockChecker           : loaded 2 times (x 72B)
Class org.jetbrains.kotlin.resolve.PlatformConfiguratorBaseKt                         : loaded 2 times (x 69B)
Class org.jetbrains.kotlin.diagnostics.PositioningStrategies$VARIANCE_IN_PROJECTION$1 : loaded 2 times (x 72B)
Class org.jetbrains.plugins.gradle.model.ExternalLibraryDependency                    : loaded 2 times (x 68B)
Class com.google.common.base.Ascii                                                    : loaded 2 times (x 69B)
Class org.jetbrains.kotlin.resolve.scopes.ResolutionScope$DefaultImpls                : loaded 2 times (x 69B)
Class org.jetbrains.kotlin.metadata.ProtoBuf$VersionRequirement$Level                 : loaded 2 times (x 80B)
Class org.jetbrains.kotlin.descriptors.impl.LazyPackageViewDescriptorImpl$memberScope$1: loaded 2 times (x 77B)
Class org.jetbrains.kotlin.load.java.JavaTypeEnhancementState                         : loaded 2 times (x 70B)
Class com.android.utils.ILogger                                                       : loaded 2 times (x 68B)
Class org.jetbrains.kotlin.resolve.calls.components.KotlinCallCompleterKt             : loaded 2 times (x 69B)
Class org.jetbrains.kotlin.types.expressions.DataFlowAnalyzer                         : loaded 2 times (x 82B)
Class org.jetbrains.kotlin.load.java.components.JavaResolverCache                     : loaded 2 times (x 68B)
Class org.jetbrains.kotlin.util.CancellationChecker                                   : loaded 2 times (x 68B)
Class org.jetbrains.kotlin.metadata.jvm.JvmModuleProtoBuf$PackagePartsOrBuilder       : loaded 2 times (x 68B)
Class org.jetbrains.kotlin.builtins.jvm.JvmBuiltIns                                   : loaded 2 times (x 158B)
Class org.jetbrains.kotlin.metadata.ProtoBuf$Annotation$Argument$Value$Builder        : loaded 2 times (x 152B)
Class org.jetbrains.kotlin.metadata.ProtoBuf$Annotation$Argument$Value$Type$1         : loaded 2 times (x 72B)
Class [Lorg.jetbrains.kotlin.psi.KtSuperTypeListEntry;                                : loaded 2 times (x 67B)
Class org.jetbrains.kotlin.load.java.typeEnhancement.PredefinedEnhancementInfoKt      : loaded 2 times (x 69B)
Class org.jetbrains.kotlin.util.ValueParameterCountCheck$SingleValueParameter         : loaded 2 times (x 78B)
Class [Lorg.jetbrains.kotlin.mpp.RegularClassSymbolMarker;                            : loaded 2 times (x 67B)
Class org.jetbrains.kotlin.scripting.resolve.LazyScriptDescriptor                     : loaded 2 times (x 382B)
Class org.jetbrains.kotlin.resolve.calls.context.CallPosition$Unknown                 : loaded 2 times (x 69B)
Class kotlin.KotlinVersion$Companion                                                  : loaded 2 times (x 69B)
Class org.jetbrains.kotlin.metadata.deserialization.VersionSpecificBehaviorKt         : loaded 2 times (x 69B)
Class org.jetbrains.kotlin.resolve.ExternalOverridabilityCondition                    : loaded 2 times (x 68B)
Class org.jetbrains.kotlin.util.slicedMap.KeyWithSlice                                : loaded 2 times (x 76B)
Class org.jetbrains.kotlin.psi.KtCallExpression                                       : loaded 2 times (x 569B)
Class org.jetbrains.kotlin.load.java.structure.JavaTypeParameterListOwner             : loaded 2 times (x 68B)
Class org.jetbrains.kotlin.resolve.calls.tower.SyntheticScopeBasedTowerLevel          : loaded 2 times (x 80B)
Class org.jetbrains.kotlin.serialization.deserialization.ProtoEnumFlagsUtilsKt        : loaded 2 times (x 69B)
Class org.jetbrains.kotlin.types.TypeSubstitutor                                      : loaded 2 times (x 78B)
Class org.jetbrains.kotlin.descriptors.FieldDescriptor                                : loaded 2 times (x 68B)
Class org.jetbrains.kotlin.cli.jvm.compiler.CliVirtualFileFinderFactory               : loaded 2 times (x 78B)
Class org.jetbrains.kotlin.load.java.typeEnhancement.AbstractSignatureParts           : loaded 2 times (x 88B)
Class [Lorg.jetbrains.kotlin.resolve.jvm.KotlinJavaPsiFacade$KotlinPsiElementFinderWrapper;: loaded 2 times (x 67B)
Class org.jetbrains.kotlin.util.slicedMap.SetSlice                                    : loaded 2 times (x 101B)
Class org.jetbrains.kotlin.serialization.deserialization.ContractDeserializer$Companion: loaded 2 times (x 69B)
Class org.jetbrains.kotlin.resolve.DescriptorUtils                                    : loaded 2 times (x 69B)
Class [Lorg.jetbrains.kotlin.metadata.ProtoBuf$Visibility;                            : loaded 2 times (x 67B)
Class org.jetbrains.kotlin.name.StandardClassIds                                      : loaded 2 times (x 69B)
Class org.objectweb.asm.ModuleWriter                                                  : loaded 2 times (x 80B)
Class org.gradle.internal.classloader.ClasspathUtil$1                                 : loaded 2 times (x 74B)
Class com.android.ide.common.blame.SourcePosition                                     : loaded 2 times (x 69B)
Class org.jetbrains.kotlin.scripting.definitions.ScriptDefinition$Companion           : loaded 2 times (x 69B)
Class com.android.builder.model.v2.dsl.DependenciesInfo                               : loaded 2 times (x 68B)
Class org.jetbrains.kotlin.builtins.functions.FunctionTypeKindExtractor$KindWithArity : loaded 2 times (x 70B)
Class org.jetbrains.plugins.gradle.tooling.serialization.ExternalTestsSerializationService$ReadContext: loaded 2 times (x 70B)
Class com.google.common.io.ByteSource$AsCharSource                                    : loaded 2 times (x 84B)
Class org.jetbrains.kotlin.metadata.ProtoBuf$VersionRequirement$VersionKind           : loaded 2 times (x 80B)
Class org.jetbrains.kotlin.resolve.calls.tower.ImplicitsExtensionsResolutionFilter$Default: loaded 2 times (x 72B)
Class org.jetbrains.kotlin.contracts.EffectSystem                                     : loaded 2 times (x 70B)
Class org.jetbrains.kotlin.resolve.ModuleStructureOracle                              : loaded 2 times (x 68B)
Class kotlin.script.experimental.api.IdeScriptCompilationConfigurationKeys            : loaded 2 times (x 68B)
Class org.jetbrains.kotlin.load.java.structure.JavaAnnotationOwner                    : loaded 2 times (x 68B)
Class kotlin.script.experimental.api.ScriptEvaluationConfigurationKeys                : loaded 2 times (x 68B)
Class org.jetbrains.kotlin.resolve.calls.components.CheckOperatorResolutionPart       : loaded 2 times (x 71B)
Class [Lcom.amazon.ion.impl.bin._Private_IonManagedBinaryWriterBuilder$AllocatorMode; : loaded 2 times (x 67B)
Class org.gradle.tooling.model.DomainObjectSet                                        : loaded 2 times (x 68B)
Class org.jetbrains.kotlin.types.TypeAttributesKt                                     : loaded 2 times (x 69B)
Class [Lorg.jetbrains.kotlin.load.java.typeEnhancement.NullabilityQualifier;          : loaded 2 times (x 67B)
Class kotlin.reflect.jvm.internal.KPackageImpl$data$1                                 : loaded 2 times (x 77B)
Class org.jetbrains.kotlin.extensions.TypeAttributeTranslatorExtension$Companion      : loaded 2 times (x 70B)
Class org.jetbrains.kotlin.resolve.ModifiersChecker$ModifiersCheckingProcedure        : loaded 2 times (x 77B)
Class org.jetbrains.kotlin.resolve.calls.components.ClassicTypeSystemContextForCSKt   : loaded 2 times (x 69B)
Class org.jetbrains.kotlin.load.java.descriptors.JavaCallableMemberDescriptor         : loaded 2 times (x 68B)
Class org.jetbrains.kotlin.metadata.ProtoBuf$QualifiedNameTable$QualifiedName$1       : loaded 2 times (x 142B)
Class org.jetbrains.kotlin.protobuf.LazyFieldLite                                     : loaded 2 times (x 80B)
Class org.jetbrains.kotlin.container.ComponentContainer                               : loaded 2 times (x 68B)
Class org.jetbrains.kotlin.resolve.calls.components.ArgumentsToParametersMapper$CallArgumentProcessor: loaded 2 times (x 70B)
Class [Lorg.jetbrains.kotlin.extensions.DeclarationAttributeAltererExtension;         : loaded 2 times (x 67B)
Class org.jetbrains.kotlin.metadata.ProtoBuf$Function                                 : loaded 2 times (x 147B)
Class org.jetbrains.plugins.gradle.model.ExternalProjectDependency                    : loaded 2 times (x 68B)
Class com.amazon.ion.IonSymbol                                                        : loaded 2 times (x 68B)
Class org.jetbrains.kotlin.descriptors.impl.LazyClassReceiverParameterDescriptor      : loaded 2 times (x 242B)
Class org.jetbrains.kotlin.metadata.ProtoBuf$Annotation$Argument$ValueOrBuilder       : loaded 2 times (x 68B)
Class org.jetbrains.kotlin.resolve.checkers.ConstModifierChecker                      : loaded 2 times (x 72B)
Class org.jetbrains.kotlin.diagnostics.PositioningStrategies$NULLABLE_TYPE$1          : loaded 2 times (x 72B)
Class kotlin.io.FileTreeWalk                                                          : loaded 2 times (x 73B)
Class org.jetbrains.kotlin.types.expressions.ControlStructureTypingUtils$2            : loaded 2 times (x 196B)
Class org.jetbrains.kotlin.resolve.constants.KClassValue$Companion                    : loaded 2 times (x 69B)
Class org.jetbrains.kotlin.resolve.calls.tasks.DynamicCallableDescriptors$createDynamicDescriptorScope$1: loaded 2 times (x 98B)
Class org.jetbrains.kotlin.load.kotlin.DeserializedDescriptorResolver$createKotlinPackagePartScope$2: loaded 2 times (x 76B)
Class org.jetbrains.kotlin.metadata.ProtoBuf$MemberKind$1                             : loaded 2 times (x 72B)
Class org.jetbrains.kotlin.psi.KtLambdaArgument                                       : loaded 2 times (x 462B)
Class org.jetbrains.kotlin.resolve.calls.tower.PSICallResolver                        : loaded 2 times (x 70B)
Class org.jetbrains.kotlin.resolve.DescriptorToSourceUtils                            : loaded 2 times (x 69B)
Class [Lkotlin.script.experimental.api.ScriptAcceptedLocation;                        : loaded 2 times (x 67B)
Class org.jetbrains.kotlin.descriptors.annotations.BuiltInAnnotationDescriptor        : loaded 2 times (x 76B)
Class org.jetbrains.kotlin.resolve.calls.model.MutableResolvedCallAtom                : loaded 2 times (x 96B)
Class org.jetbrains.kotlin.resolve.ShadowedExtensionChecker                           : loaded 2 times (x 70B)
Class [Lorg.jetbrains.kotlin.incremental.components.LookupLocation;                   : loaded 2 times (x 67B)
Class org.jetbrains.kotlin.resolve.DescriptorResolver                                 : loaded 2 times (x 82B)
Class org.jetbrains.kotlin.load.java.JavaTypeEnhancementState$Companion$DEFAULT$1     : loaded 2 times (x 123B)
Class [Lorg.jetbrains.kotlin.config.LanguageFeature$State;                            : loaded 2 times (x 67B)
Class org.jetbrains.kotlin.psi.KtExpressionImplStub                                   : loaded 2 times (x 503B)
Class com.intellij.openapi.util.io.FileUtil                                           : loaded 2 times (x 69B)
Class [Lorg.jetbrains.kotlin.utils.DescriptionAware;                                  : loaded 2 times (x 67B)
Class net.rubygrapefruit.platform.internal.Platform$Posix                             : loaded 2 times (x 79B)
Class org.jetbrains.kotlin.resolve.calls.inference.components.PostponedArgumentInputTypesResolver: loaded 2 times (x 70B)
Class org.jetbrains.kotlin.storage.SimpleLock$Companion                               : loaded 2 times (x 69B)
Class [Lorg.jetbrains.kotlin.types.TypeSubstitutor$VarianceConflictType;              : loaded 2 times (x 67B)
Class org.jetbrains.kotlin.psi.KtClassBody                                            : loaded 2 times (x 444B)
Class org.jetbrains.kotlin.protobuf.SmallSortedMap$EntrySet                           : loaded 2 times (x 135B)
Class org.jetbrains.kotlin.serialization.deserialization.NameResolverUtilKt           : loaded 2 times (x 69B)
Class org.jetbrains.kotlin.metadata.ProtoBuf$Contract$1                               : loaded 2 times (x 142B)
Class org.jetbrains.kotlin.descriptors.annotations.AnnotationsImpl                    : loaded 2 times (x 84B)
Class org.jetbrains.kotlin.load.java.typeEnhancement.PredefinedEnhancementInfoKt$PREDEFINED_FUNCTION_ENHANCEMENT_INFO_BY_SIGNATURE$1$1$4$1: loaded 2 times (x 77B)
Class org.jetbrains.kotlin.diagnostics.AbstractKotlinSuppressCache$Companion          : loaded 2 times (x 69B)
Class org.jetbrains.kotlin.resolve.checkers.NullableExtensionOperatorWithSafeCallChecker: loaded 2 times (x 72B)
Class org.jetbrains.kotlin.psi.KtPackageDirective                                     : loaded 2 times (x 590B)
Class [Lorg.jetbrains.kotlin.psi.KtClassLikeDeclaration;                              : loaded 2 times (x 67B)
Class org.jetbrains.kotlin.types.AbstractTypeConstructor                              : loaded 2 times (x 96B)
Class org.jetbrains.kotlin.resolve.calls.components.PostponedVariablesInitializerResolutionPart: loaded 2 times (x 71B)
Class [Lorg.jetbrains.kotlin.load.java.structure.LightClassOriginKind;                : loaded 2 times (x 67B)
Class org.jetbrains.kotlin.util.slicedMap.Slices                                      : loaded 2 times (x 69B)
Class org.jetbrains.kotlin.descriptors.impl.AbstractClassDescriptor$1$1               : loaded 2 times (x 75B)
Class org.jetbrains.kotlin.parsing.FirstBefore                                        : loaded 2 times (x 82B)
Class org.jetbrains.kotlin.extensions.internal.CallResolutionInterceptorExtension     : loaded 2 times (x 68B)
Class org.jetbrains.kotlin.resolve.scopes.receivers.QualifierKt                       : loaded 2 times (x 69B)
Class javaslang.collection.Stack                                                      : loaded 2 times (x 68B)
Class org.jetbrains.kotlin.metadata.ProtoBuf$Property$1                               : loaded 2 times (x 142B)
Class org.jetbrains.kotlin.psi.KtContainerNode                                        : loaded 2 times (x 374B)
Class org.jetbrains.kotlin.psi.stubs.elements.KtScriptElementType                     : loaded 2 times (x 98B)
Class org.jetbrains.kotlin.cli.jvm.compiler.CliModuleAnnotationsResolver              : loaded 2 times (x 73B)
Class org.jetbrains.kotlin.library.metadata.impl.KlibModuleDescriptorFactoryImpl      : loaded 2 times (x 74B)
Class org.jetbrains.kotlin.resolve.calls.smartcasts.SmartCastResult                   : loaded 2 times (x 70B)
Class org.jetbrains.kotlin.renderer.ClassifierNamePolicy$SOURCE_CODE_QUALIFIED        : loaded 2 times (x 72B)
Class org.jetbrains.kotlin.protobuf.GeneratedMessageLite$ExtensionDescriptor          : loaded 2 times (x 82B)
Class org.jetbrains.kotlin.scripting.compiler.plugin.AbstractScriptEvaluationExtension: loaded 2 times (x 80B)
Class com.google.common.cache.AbstractCache$StatsCounter                              : loaded 2 times (x 68B)
Class org.jetbrains.kotlin.load.java.structure.impl.JavaTypeParameterImpl             : loaded 2 times (x 106B)
Class org.jetbrains.kotlin.serialization.deserialization.DeserializedPackageFragment  : loaded 2 times (x 141B)
Class org.jetbrains.kotlin.resolve.lazy.descriptors.ClassResolutionScopesSupport$scopeForConstructorHeaderResolution$1: loaded 2 times (x 77B)
Class org.jetbrains.kotlin.cli.jvm.compiler.IdeaStandaloneExecutionSetup              : loaded 2 times (x 69B)
Class org.objectweb.asm.FieldVisitor                                                  : loaded 2 times (x 75B)
Class org.jetbrains.kotlin.psi.stubs.elements.KtTypeParameterElementType              : loaded 2 times (x 101B)
Class org.jetbrains.kotlin.resolve.jvm.JvmDeclarationReturnTypeSanitizer              : loaded 2 times (x 72B)
Class org.jetbrains.kotlin.psi.KtObjectLiteralExpression                              : loaded 2 times (x 436B)
Class org.jetbrains.kotlin.LambdaExpressionElementType                                : loaded 2 times (x 93B)
Class [Lorg.jetbrains.kotlin.psi.KtLambdaArgument;                                    : loaded 2 times (x 67B)
Class org.jetbrains.kotlin.psi.KtValVarKeywordOwner                                   : loaded 2 times (x 68B)
Class org.jetbrains.kotlin.load.java.components.DescriptorResolverUtils$1$1           : loaded 2 times (x 75B)
Class org.jetbrains.kotlin.types.expressions.ForLoopConventionsChecker                : loaded 2 times (x 71B)
Class org.jetbrains.kotlin.resolve.checkers.CyclicAnnotationsChecker                  : loaded 2 times (x 72B)
Class com.android.tools.lint.model.DefaultLintModelDependencyGraph                    : loaded 2 times (x 76B)
Class org.jetbrains.kotlin.resolve.OverloadChecker                                    : loaded 2 times (x 70B)
Class org.jetbrains.kotlin.descriptors.impl.ModuleAwareClassDescriptor                : loaded 2 times (x 264B)
Class org.jetbrains.kotlin.renderer.RenderingUtilsKt                                  : loaded 2 times (x 69B)
Class it.unimi.dsi.fastutil.objects.ObjectCollection                                  : loaded 2 times (x 68B)
Class com.android.builder.model.v2.dsl.ProductFlavor                                  : loaded 2 times (x 68B)
Class org.objectweb.asm.Symbol                                                        : loaded 2 times (x 71B)
Class [Lorg.jetbrains.kotlin.types.TypeCheckerState$LowerCapturedTypePolicy;          : loaded 2 times (x 67B)
Class org.jetbrains.kotlin.resolve.lazy.FileScopeFactory$currentPackageScope$1        : loaded 2 times (x 99B)
Class org.jetbrains.kotlin.types.expressions.FunctionsTypingVisitor                   : loaded 2 times (x 190B)
Class org.jetbrains.kotlin.resolve.calls.checkers.SuspendConversionCallChecker        : loaded 2 times (x 72B)
Class org.jetbrains.kotlin.resolve.checkers.ContextualDeclarationChecker              : loaded 2 times (x 72B)
Class org.jetbrains.kotlin.diagnostics.ClassicPositioningStrategies$ACTUAL_DECLARATION_NAME$1: loaded 2 times (x 73B)
Class com.intellij.openapi.util.io.FileUtil$1                                         : loaded 2 times (x 75B)
Class org.jetbrains.kotlin.resolve.jvm.checkers.JvmNameAnnotationChecker              : loaded 2 times (x 72B)
Class org.jetbrains.kotlin.psi.KtTypeParameterListOwnerStub                           : loaded 2 times (x 992B)
Class org.jetbrains.kotlin.fir.extensions.FirAnalysisHandlerExtension                 : loaded 2 times (x 71B)
Class it.unimi.dsi.fastutil.HashCommon                                                : loaded 2 times (x 69B)
Class com.amazon.ion.impl.bin.BlockAllocator                                          : loaded 2 times (x 78B)
Class com.android.builder.model.v2.ide.ApiVersion                                     : loaded 2 times (x 68B)
Class org.jetbrains.kotlin.resolve.scopes.LazyScopeAdapter                            : loaded 2 times (x 99B)
Class org.jetbrains.kotlin.psi.KtEnumEntrySuperclassReferenceExpression               : loaded 2 times (x 630B)
Class io.opentelemetry.api.trace.Tracer                                               : loaded 2 times (x 68B)
Class com.amazon.ion.IonBufferConfiguration                                           : loaded 2 times (x 71B)
Class org.jetbrains.kotlin.load.kotlin.TypeMappingConfigurationImpl                   : loaded 2 times (x 79B)
Class org.jetbrains.kotlin.resolve.constants.evaluate.ConstantExpressionEvaluator$Companion: loaded 2 times (x 69B)
Class org.jetbrains.kotlin.resolve.scopes.SubstitutingScope$substitutor$2             : loaded 2 times (x 77B)
Class org.jetbrains.kotlin.synthetic.SyntheticScopeProviderExtension$Companion        : loaded 2 times (x 70B)
Class org.jetbrains.kotlin.types.model.CaptureStatus                                  : loaded 2 times (x 77B)
Class kotlin.script.experimental.api.ScriptEvaluationConfiguration$Companion          : loaded 2 times (x 69B)
Class com.google.common.collect.Ordering                                              : loaded 2 times (x 112B)
Class com.google.common.reflect.TypeToken                                             : loaded 2 times (x 71B)
Class org.jetbrains.kotlin.resolve.calls.model.VarargValueArgument                    : loaded 2 times (x 75B)
Class kotlin.reflect.jvm.internal.ReflectProperties$Val$1                             : loaded 2 times (x 69B)
Class com.amazon.ion.IonCatalog                                                       : loaded 2 times (x 68B)
Class com.google.common.cache.LocalCache$Strength$1                                   : loaded 2 times (x 79B)
Class org.jetbrains.kotlin.load.java.lazy.descriptors.LazyJavaStaticClassScope        : loaded 2 times (x 109B)
Class org.jetbrains.kotlin.load.java.lazy.descriptors.LazyJavaClassMemberScope$nestedClassIndex$1: loaded 2 times (x 77B)
Class org.jetbrains.kotlin.builtins.jvm.JvmBuiltInsPackageFragmentProvider$Companion  : loaded 2 times (x 69B)
Class org.jetbrains.kotlin.psi.KtNamedFunction                                        : loaded 2 times (x 1341B)
Class [Lcom.google.common.base.Predicate;                                             : loaded 2 times (x 67B)
Class com.google.common.cache.LocalCache$Strength$2                                   : loaded 2 times (x 79B)
Class org.jetbrains.kotlin.metadata.ProtoBuf$QualifiedNameTable$QualifiedName$Kind$1  : loaded 2 times (x 72B)
Class org.jetbrains.kotlin.resolve.scopes.receivers.ReceiverValue                     : loaded 2 times (x 68B)
Class com.google.common.cache.LocalCache$Strength$3                                   : loaded 2 times (x 79B)
Class org.gradle.internal.classloader.ClassLoaderFactory                              : loaded 2 times (x 68B)
Class org.jetbrains.kotlin.diagnostics.PositioningStrategies$FOR_REDECLARATION$1      : loaded 2 times (x 72B)
Class com.amazon.ion.impl.bin.IonManagedBinaryWriter$LocalSymbolTableView             : loaded 2 times (x 105B)
Class org.jetbrains.kotlin.library.metadata.KlibMetadataFactories                     : loaded 2 times (x 70B)
Class org.jetbrains.kotlin.resolve.checkers.KotlinVersionStringAnnotationValueChecker : loaded 2 times (x 75B)
Class org.jetbrains.kotlin.types.TypeCapabilitiesKt                                   : loaded 2 times (x 69B)
Class [Lkotlin.reflect.jvm.internal.impl.name.FqName;                                 : loaded 2 times (x 67B)
Class org.jetbrains.kotlin.load.java.lazy.descriptors.LazyJavaClassDescriptor$moduleAnnotations$2: loaded 2 times (x 77B)
Class org.jetbrains.kotlin.resolve.checkers.EnumEntriesRedeclarationChecker           : loaded 2 times (x 72B)
Class org.jetbrains.kotlin.psi.stubs.elements.KtPrimaryConstructorElementType         : loaded 2 times (x 105B)
Class org.jetbrains.kotlin.resolve.jvm.extensions.SyntheticJavaResolveExtension       : loaded 2 times (x 68B)
Class org.jetbrains.kotlin.descriptors.annotations.AnnotationSplitter$LazySplitAnnotations$annotations$2: loaded 2 times (x 77B)
Class org.jetbrains.kotlin.load.java.lazy.descriptors.LazyJavaStaticScope             : loaded 2 times (x 109B)
Class org.jetbrains.kotlin.parsing.KotlinParsing$ModifierDetector                     : loaded 2 times (x 76B)
Class com.google.common.base.Absent                                                   : loaded 2 times (x 78B)
Class com.google.common.util.concurrent.AbstractFuture$Waiter                         : loaded 2 times (x 70B)
Class org.jetbrains.kotlin.load.kotlin.TypeMappingMode$WhenMappings                   : loaded 2 times (x 69B)
Class org.jetbrains.kotlin.load.java.lazy.descriptors.LazyJavaClassDescriptor         : loaded 2 times (x 307B)
Class org.jetbrains.kotlin.cli.jvm.config.JvmContentRootsKt                           : loaded 2 times (x 69B)
Class com.android.tools.lint.model.LintModelSerialization$LintModelSerializationAdapter: loaded 2 times (x 68B)
Class org.jetbrains.kotlin.resolve.constants.CompileTimeConstant$DefaultImpls         : loaded 2 times (x 69B)
Class com.amazon.ion.system.IonWriterBuilder                                          : loaded 2 times (x 72B)
Class org.jetbrains.kotlin.resolve.calls.tower.WrongResolutionToClassifier$8          : loaded 2 times (x 76B)
Class org.jetbrains.kotlin.resolve.scopes.DescriptorKindFilter                        : loaded 2 times (x 70B)
Class com.google.common.util.concurrent.Uninterruptibles                              : loaded 2 times (x 69B)
Class org.jetbrains.kotlin.resolve.jvm.checkers.JvmModuleAccessibilityChecker         : loaded 2 times (x 73B)
Class [Lorg.jetbrains.kotlin.builtins.PrimitiveType;                                  : loaded 2 times (x 67B)
Class org.jetbrains.kotlin.resolve.calls.checkers.UnsupportedUntilOperatorChecker     : loaded 2 times (x 72B)
Class kotlin.reflect.jvm.internal.impl.builtins.PrimitiveType$arrayTypeFqName$2       : loaded 2 times (x 77B)
Class org.jetbrains.kotlin.protobuf.SmallSortedMap$1                                  : loaded 2 times (x 128B)
Class org.objectweb.asm.tree.MethodNode                                               : loaded 2 times (x 108B)
Class org.jetbrains.kotlin.resolve.calls.model.ResolvedCollectionLiteralAtom          : loaded 2 times (x 72B)
Class org.jetbrains.kotlin.container.SingletonTypeComponentDescriptor                 : loaded 2 times (x 91B)
Class com.amazon.ion.impl.lite.IonListLite                                            : loaded 2 times (x 449B)
Class org.jetbrains.kotlin.codegen.signature.KotlinToJvmSignatureMapperImpl           : loaded 2 times (x 73B)
Class org.jetbrains.kotlin.context.ProjectContext                                     : loaded 2 times (x 68B)
Class com.android.ide.common.repository.GradleVersion                                 : loaded 2 times (x 91B)
Class org.jetbrains.kotlin.codegen.signature.AsmTypeFactory                           : loaded 2 times (x 77B)
Class [Lorg.jetbrains.kotlin.resolve.TopDownAnalysisMode;                             : loaded 2 times (x 67B)
Class org.jetbrains.kotlin.config.AnalysisFlags$ideMode$2                             : loaded 2 times (x 125B)
Class kotlin.reflect.jvm.internal.impl.name.StandardClassIdsKt                        : loaded 2 times (x 69B)
Class com.android.tools.lint.model.LintModelMavenName                                 : loaded 2 times (x 68B)
Class org.jetbrains.kotlin.load.java.ErasedOverridabilityCondition                    : loaded 2 times (x 73B)
Class org.jetbrains.plugins.gradle.model.FileCollectionDependency                     : loaded 2 times (x 68B)
Class com.android.builder.model.v2.dsl.ClassField                                     : loaded 2 times (x 68B)
Class com.google.common.collect.Iterators$EmptyModifiableIterator                     : loaded 2 times (x 84B)
Class org.jetbrains.kotlin.descriptors.java.JavaVisibilities$ProtectedAndPackage      : loaded 2 times (x 77B)
Class org.gradle.api.internal.classpath.ManifestUtil                                  : loaded 2 times (x 69B)
Class org.gradle.api.specs.Spec                                                       : loaded 2 times (x 68B)
Class org.jetbrains.kotlin.resolve.calls.tower.ScopeTowerLevel                        : loaded 2 times (x 68B)
Class org.jetbrains.kotlin.resolve.BindingContext$1                                   : loaded 2 times (x 78B)
Class org.jetbrains.kotlin.resolve.calls.tower.TowerResolver                          : loaded 2 times (x 69B)
Class org.jetbrains.kotlin.resolve.calls.components.CompatibilityOfPartiallyApplicableSamConversion: loaded 2 times (x 71B)
Class org.jetbrains.kotlin.utils.KotlinExceptionWithAttachments                       : loaded 2 times (x 92B)
Class kotlin.reflect.jvm.internal.impl.name.FqNameUnsafe$1                            : loaded 2 times (x 72B)
Class org.jetbrains.kotlin.backend.jvm.extensions.ClassGeneratorExtension$Companion   : loaded 2 times (x 70B)
Class kotlin.ULong                                                                    : loaded 2 times (x 72B)
Class org.jetbrains.kotlin.builtins.functions.FunctionInvokeDescriptor                : loaded 2 times (x 349B)
Class [Lorg.jetbrains.kotlin.util.Check;                                              : loaded 2 times (x 67B)
Class org.jetbrains.kotlin.resolve.calls.tasks.DynamicCallsKt                         : loaded 2 times (x 69B)
Class [Lorg.jetbrains.kotlin.descriptors.annotations.Annotations;                     : loaded 2 times (x 67B)
Class org.jetbrains.kotlin.cli.jvm.index.JvmDependenciesDynamicCompoundIndex$findClass$1$1: loaded 2 times (x 77B)
Class org.jetbrains.kotlin.resolve.BindingContext$2                                   : loaded 2 times (x 99B)
Class org.jetbrains.kotlin.types.FlexibleType                                         : loaded 2 times (x 98B)
Class org.jetbrains.kotlin.resolve.calls.model.ArgumentMatch                          : loaded 2 times (x 68B)
Class com.google.common.cache.CacheLoader$UnsupportedLoadingOperationException        : loaded 2 times (x 80B)
Class org.jetbrains.kotlin.resolve.calls.model.ArgumentMapping                        : loaded 2 times (x 68B)
Class [Lorg.jetbrains.kotlin.types.model.TypeParameterMarker;                         : loaded 2 times (x 67B)
Class org.jetbrains.kotlin.load.java.lazy.descriptors.LazyJavaPackageScope$knownClassNamesInPackage$1: loaded 2 times (x 77B)
Class org.jetbrains.kotlin.resolve.BindingContext$3                                   : loaded 2 times (x 101B)
Class org.jetbrains.kotlin.config.AnalysisFlags$skipMetadataVersionCheck$2            : loaded 2 times (x 125B)
Class org.jetbrains.kotlin.psi.KtPrefixExpression                                     : loaded 2 times (x 500B)
Class org.jetbrains.kotlin.load.java.structure.impl.JavaClassifierImpl                : loaded 2 times (x 102B)
Class org.jetbrains.kotlin.resolve.lazy.FileScopeProviderImpl$cache$1                 : loaded 2 times (x 77B)
Class org.jetbrains.kotlin.container.CacheKt$getRegistrations$superClasses$1          : loaded 2 times (x 76B)
Class org.jetbrains.kotlin.psi.stubs.KotlinTypeAliasStub                              : loaded 2 times (x 68B)
Class org.jetbrains.kotlin.psi.KtClassLikeDeclaration                                 : loaded 2 times (x 68B)
Class org.jetbrains.kotlin.descriptors.impl.FunctionDescriptorImpl$CopyConfiguration  : loaded 2 times (x 180B)
Class com.amazon.ion.impl.bin._Private_IonManagedBinaryWriterBuilder                  : loaded 2 times (x 70B)
Class org.jetbrains.kotlin.resolve.lazy.FileScopeFactoryKt                            : loaded 2 times (x 69B)
Class [Lorg.jetbrains.kotlin.descriptors.CallableMemberDescriptor$Kind;               : loaded 2 times (x 67B)
Class org.jetbrains.kotlin.resolve.jvm.checkers.JavaClassOnCompanionChecker           : loaded 2 times (x 72B)
Class [Lorg.jetbrains.kotlin.psi.KtCallElement;                                       : loaded 2 times (x 67B)
Class kotlin.jvm.internal.ReflectionFactory                                           : loaded 2 times (x 89B)
Class [Lorg.jetbrains.kotlin.resolve.extensions.ExtraImportsProviderExtension;        : loaded 2 times (x 67B)
Class [Lorg.jetbrains.kotlin.psi.KtDeclarationContainer;                              : loaded 2 times (x 67B)
Class [Lorg.jetbrains.kotlin.extensions.internal.TypeResolutionInterceptorExtension;  : loaded 2 times (x 67B)
Class org.jetbrains.kotlin.load.java.lazy.TypeParameterResolver                       : loaded 2 times (x 68B)
Class org.jetbrains.kotlin.load.kotlin.JvmPackagePartProviderBase                     : loaded 2 times (x 90B)
Class kotlin.reflect.jvm.internal.impl.name.SpecialNames                              : loaded 2 times (x 69B)
Class com.google.common.util.concurrent.ListenableFuture                              : loaded 2 times (x 68B)
Class org.jetbrains.kotlin.load.java.typeEnhancement.PredefinedEnhancementInfoKt$PREDEFINED_FUNCTION_ENHANCEMENT_INFO_BY_SIGNATURE$1$1$13$1: loaded 2 times (x 77B)
Class org.jetbrains.kotlin.metadata.jvm.deserialization.JvmNameResolverBase$Companion : loaded 2 times (x 69B)
Class org.jetbrains.kotlin.psi.KtNamedDeclarationStub                                 : loaded 2 times (x 910B)
Class [Lcom.intellij.openapi.diagnostic.LogLevel;                                     : loaded 2 times (x 67B)
Class com.amazon.ion.impl.lite._Private_LiteDomTrampoline                             : loaded 2 times (x 69B)
Class com.google.common.collect.MapMaker$Dummy                                        : loaded 2 times (x 77B)
Class org.jetbrains.kotlin.fileClasses.JvmFileClassUtil                               : loaded 2 times (x 69B)
Class org.jetbrains.kotlin.resolve.calls.model.PostponedResolvedAtom                  : loaded 2 times (x 83B)
Class org.jetbrains.kotlin.storage.LazyResolveStorageManager                          : loaded 2 times (x 68B)
Class org.jetbrains.kotlin.types.model.DefinitelyNotNullTypeMarker                    : loaded 2 times (x 68B)
Class org.jetbrains.kotlin.config.AnalysisFlags$allowFullyQualifiedNameInKClass$2     : loaded 2 times (x 125B)
Class org.jetbrains.kotlin.descriptors.impl.AbstractClassDescriptor                   : loaded 2 times (x 266B)
Class [Lorg.jetbrains.kotlin.parsing.KotlinExpressionParsing$Precedence;              : loaded 2 times (x 67B)
Class kotlin.jvm.internal.Ref$ObjectRef                                               : loaded 2 times (x 70B)
Class kotlin.script.experimental.util.PropertiesCollection$TransientKey               : loaded 2 times (x 70B)
Class com.amazon.ion.impl.lite.IonValueLite                                           : loaded 2 times (x 145B)
Class com.amazon.ion.IonValue                                                         : loaded 2 times (x 68B)
Class [Lorg.jetbrains.kotlin.descriptors.ClassOrPackageFragmentDescriptor;            : loaded 2 times (x 67B)
Class org.jetbrains.kotlin.resolve.lazy.descriptors.AbstractLazyMemberScope           : loaded 2 times (x 104B)
Class org.jetbrains.kotlin.parsing.BindFirstShebangWithWhitespaceOnly                 : loaded 2 times (x 72B)
Class org.jetbrains.kotlin.types.model.TypeSystemTypeFactoryContext                   : loaded 2 times (x 68B)
Class [Lorg.jetbrains.kotlin.psi.KtImportList;                                        : loaded 2 times (x 67B)
Class org.jetbrains.kotlin.load.java.structure.JavaClassifier                         : loaded 2 times (x 68B)
Class org.jetbrains.kotlin.codegen.extensions.ClassFileFactoryFinalizerExtension$Companion: loaded 2 times (x 70B)
Class org.jetbrains.kotlin.resolve.calls.smartcasts.DataFlowValueFactoryImpl          : loaded 2 times (x 78B)
Class org.jetbrains.kotlin.serialization.deserialization.ErrorReporter$1              : loaded 2 times (x 73B)
Class org.jetbrains.kotlin.diagnostics.PositioningStrategies$VALUE_ARGUMENTS$1        : loaded 2 times (x 72B)
Class org.jetbrains.kotlin.diagnostics.DiagnosticMarker                               : loaded 2 times (x 68B)
Class com.amazon.ion.impl.bin.PooledBlockAllocatorProvider$PooledBlockAllocator$1     : loaded 2 times (x 77B)
Class org.gradle.tooling.internal.gradle.GradleBuildIdentity                          : loaded 2 times (x 68B)
Class org.jetbrains.kotlin.resolve.calls.model.ArgumentMappingKt                      : loaded 2 times (x 69B)
Class org.jetbrains.kotlin.resolve.calls.tower.PSIFunctionKotlinCallArgument          : loaded 2 times (x 97B)
Class [Lorg.jetbrains.kotlin.load.java.lazy.types.JavaTypeFlexibility;                : loaded 2 times (x 67B)
Class it.unimi.dsi.fastutil.objects.Object2IntMap                                     : loaded 2 times (x 68B)
Class org.jetbrains.kotlin.incremental.KotlinLookupLocation                           : loaded 2 times (x 73B)
Class org.jetbrains.kotlin.load.java.lazy.JavaResolverSettings$Companion$create$1     : loaded 2 times (x 75B)
Class [Lorg.jetbrains.kotlin.config.LanguageFeature;                                  : loaded 2 times (x 67B)
Class com.intellij.openapi.diagnostic.Logger                                          : loaded 2 times (x 97B)
Class org.jetbrains.kotlin.types.AbstractTypeApproximator                             : loaded 2 times (x 625B)
Class org.jetbrains.kotlin.resolve.BodiesResolveContext                               : loaded 2 times (x 68B)
Class org.jetbrains.kotlin.context.SimpleGlobalContext                                : loaded 2 times (x 76B)
Class org.jetbrains.kotlin.cli.jvm.compiler.TopDownAnalyzerFacadeForJVM$analyzeFilesWithJavaIntegration$1: loaded 2 times (x 123B)
Class org.jetbrains.kotlin.cli.jvm.index.JvmDependenciesDynamicCompoundIndex          : loaded 2 times (x 75B)
Class org.jetbrains.kotlin.resolve.calls.tower.WrongResolutionToClassifier$7          : loaded 2 times (x 76B)
Class kotlin.sequences.TakeWhileSequence$iterator$1                                   : loaded 2 times (x 77B)
Class org.jetbrains.kotlin.codegen.OwnerKind                                          : loaded 2 times (x 77B)
Class [Lorg.jetbrains.kotlin.psi.KtBackingField;                                      : loaded 2 times (x 67B)
Class org.jetbrains.org.objectweb.asm.tree.InvokeDynamicInsnNode                      : loaded 2 times (x 76B)
Class org.jetbrains.kotlin.util.TypeRegistry$getId$1                                  : loaded 2 times (x 77B)
Class org.jetbrains.kotlin.psi.KtThisExpression                                       : loaded 2 times (x 436B)
Class org.gradle.tooling.internal.adapter.ProtocolToModelAdapter$ReflectionMethodInvoker: loaded 2 times (x 74B)
Class org.jetbrains.kotlin.resolve.calls.components.CompletionModeCalculator          : loaded 2 times (x 69B)
Class org.jetbrains.kotlin.types.expressions.KotlinTypeInfo                           : loaded 2 times (x 70B)
Class org.jetbrains.kotlin.metadata.ProtoBuf$Expression$ConstantValue$1               : loaded 2 times (x 72B)
Class org.jetbrains.kotlin.load.java.lazy.TypeParameterResolver$EMPTY                 : loaded 2 times (x 72B)
Class org.jetbrains.kotlin.resolve.jvm.JvmPlatformOverloadsSpecificityComparator      : loaded 2 times (x 73B)
Class org.jetbrains.kotlin.metadata.ProtoBuf$MemberKind                               : loaded 2 times (x 80B)
Class org.jetbrains.kotlin.psi.KtWhenConditionInRange                                 : loaded 2 times (x 377B)
Class kotlin.script.experimental.jvm.JvmGetScriptingClass                             : loaded 2 times (x 76B)
Class org.jetbrains.plugins.gradle.model.GradleConfiguration                          : loaded 2 times (x 68B)
Class org.jetbrains.org.objectweb.asm.ClassWriter                                     : loaded 2 times (x 102B)
Class org.jetbrains.kotlin.library.metadata.KlibModuleDescriptorFactory               : loaded 2 times (x 68B)
Class org.jetbrains.kotlin.descriptors.DeclarationDescriptor                          : loaded 2 times (x 68B)
Class org.jetbrains.kotlin.psi.KtAnnotatedExpression                                  : loaded 2 times (x 562B)
Class org.jetbrains.kotlin.cli.common.extensions.ReplFactoryExtension                 : loaded 2 times (x 68B)
Class org.jetbrains.kotlin.idea.gradleTooling.model.kapt.KaptSourceSetModel           : loaded 2 times (x 68B)
Class org.jetbrains.kotlin.resolve.calls.context.BasicCallResolutionContext           : loaded 2 times (x 85B)
Class org.jetbrains.kotlin.resolve.scopes.AbstractLocalRedeclarationChecker           : loaded 2 times (x 76B)
Class [Lorg.jetbrains.kotlin.psi.LambdaArgument;                                      : loaded 2 times (x 67B)
Class kotlin.collections.builders.ListBuilder$Companion                               : loaded 2 times (x 69B)
Class kotlin.coroutines.jvm.internal.ContinuationImpl                                 : loaded 2 times (x 85B)
Class org.jetbrains.kotlin.types.DelegatedTypeSubstitution                            : loaded 2 times (x 76B)
Class org.jetbrains.kotlin.load.java.typeEnhancement.AbstractSignatureParts$TypeAndDefaultQualifiers: loaded 2 times (x 70B)
Class org.jetbrains.kotlin.serialization.deserialization.JvmEnumEntriesDeserializationSupport: loaded 2 times (x 72B)
Class org.jetbrains.kotlin.resolve.lazy.descriptors.LazyAnnotationsContext            : loaded 2 times (x 71B)
Class org.jetbrains.kotlin.resolve.calls.tower.WrongResolutionToClassifier$6          : loaded 2 times (x 76B)
Class com.google.common.io.CharSource$AsByteSource                                    : loaded 2 times (x 83B)
Class org.jetbrains.kotlin.resolve.calls.components.ArgumentsToParametersMapper$ArgumentMapping: loaded 2 times (x 70B)
Class org.jetbrains.kotlin.resolve.scopes.LocalRedeclarationChecker                   : loaded 2 times (x 68B)
Class org.jetbrains.kotlin.scripting.definitions.AutoloadedScriptDefinitions$basePath$2: loaded 2 times (x 76B)
Class org.jetbrains.org.objectweb.asm.tree.MultiANewArrayInsnNode                     : loaded 2 times (x 77B)
Class org.jetbrains.kotlin.resolve.scopes.MemberScope                                 : loaded 2 times (x 68B)
Class com.google.common.util.concurrent.AbstractFuture$UnsafeAtomicHelper             : loaded 2 times (x 76B)
Class org.jetbrains.kotlin.resolve.LazyExplicitImportScope$getContributedVariables$1  : loaded 2 times (x 123B)
Class org.jetbrains.kotlin.diagnostics.DiagnosticFactoryForDeprecation2$Companion     : loaded 2 times (x 69B)
Class com.amazon.ion.impl.bin.IntList                                                 : loaded 2 times (x 75B)
Class kotlin.reflect.jvm.internal.KClassImpl$Data                                     : loaded 2 times (x 70B)
Class com.google.common.base.Equivalence$Equals                                       : loaded 2 times (x 80B)
Class org.jetbrains.kotlin.resolve.scopes.GivenFunctionsMemberScope                   : loaded 2 times (x 99B)
Class org.jetbrains.kotlin.descriptors.impl.LazyPackageViewDescriptorImpl$fragments$2 : loaded 2 times (x 77B)
Class org.jetbrains.kotlin.resolve.calls.inference.components.ResultTypeResolver      : loaded 2 times (x 70B)
Class org.jetbrains.kotlin.resolve.calls.tower.NewResolutionOldInference$ResolutionKind$GivenCandidates: loaded 2 times (x 70B)
Class org.jetbrains.kotlin.metadata.jvm.deserialization.PackageParts                  : loaded 2 times (x 70B)
Class org.jetbrains.kotlin.config.AnalysisFlags$allowUnstableDependencies$2           : loaded 2 times (x 125B)
Class org.jetbrains.kotlin.resolve.calls.checkers.ConstructorHeaderCallChecker        : loaded 2 times (x 72B)
Class [Lorg.jetbrains.kotlin.psi.KtEnumEntrySuperclassReferenceExpression;            : loaded 2 times (x 67B)
Class org.jetbrains.kotlin.psi.KtLambdaExpression                                     : loaded 2 times (x 540B)
Class org.jetbrains.kotlin.resolve.checkers.EmptyIntersectionTypeInfo                 : loaded 2 times (x 70B)
Class org.jetbrains.kotlin.types.checker.NewKotlinTypeChecker$Companion               : loaded 2 times (x 69B)
Class org.jetbrains.kotlin.descriptors.DeclarationDescriptorNonRoot                   : loaded 2 times (x 68B)
Class [Lorg.jetbrains.kotlin.psi.KtSimpleNameExpression;                              : loaded 2 times (x 67B)
Class [Lcom.android.ide.common.gradle.Separator;                                      : loaded 2 times (x 67B)
Class org.jetbrains.kotlin.resolve.scopes.ChainedMemberScope                          : loaded 2 times (x 87B)
Class org.jetbrains.kotlin.resolve.jvm.checkers.JvmStaticChecker                      : loaded 2 times (x 72B)
Class org.jetbrains.kotlin.types.error.ErrorType                                      : loaded 2 times (x 90B)
Class org.jetbrains.kotlin.descriptors.CallableDescriptor                             : loaded 2 times (x 68B)
Class org.jetbrains.kotlin.resolve.checkers.DeprecationInheritanceChecker             : loaded 2 times (x 72B)
Class org.jetbrains.kotlin.BlockExpressionElementType                                 : loaded 2 times (x 96B)
Class kotlin.reflect.full.IllegalPropertyDelegateAccessException                      : loaded 2 times (x 80B)
Class [Lkotlin.reflect.KClassifier;                                                   : loaded 2 times (x 67B)
Class com.amazon.ion.impl.bin.PooledBlockAllocatorProvider                            : loaded 2 times (x 71B)
Class org.jetbrains.kotlin.resolve.calls.context.ResolutionResultsCacheImpl           : loaded 2 times (x 74B)
Class org.jetbrains.kotlin.load.kotlin.VirtualFileFinder                              : loaded 2 times (x 87B)
Class org.jetbrains.kotlin.types.DynamicTypesSettings                                 : loaded 2 times (x 70B)
Class [Lorg.jetbrains.kotlin.config.JvmTarget;                                        : loaded 2 times (x 67B)
Class org.jetbrains.kotlin.types.expressions.DataFlowAnalyzer$1                       : loaded 2 times (x 302B)
Class org.jetbrains.kotlin.renderer.DescriptorRenderer$ValueParametersHandler$DEFAULT : loaded 2 times (x 75B)
Class org.jetbrains.kotlin.psi.KtFinallySection                                       : loaded 2 times (x 375B)
Class org.jetbrains.kotlin.name.StandardClassIdsKt                                    : loaded 2 times (x 69B)
Class com.amazon.ion.SymbolToken                                                      : loaded 2 times (x 68B)
Class org.jetbrains.kotlin.resolve.calls.context.CallPosition$ValueArgumentPosition   : loaded 2 times (x 70B)
Class org.jetbrains.kotlin.utils.CallOnceFunction                                     : loaded 2 times (x 73B)
Class org.jetbrains.kotlin.types.SubtypingRepresentatives                             : loaded 2 times (x 68B)
Class org.jetbrains.kotlin.types.model.TypeVariableTypeConstructorMarker              : loaded 2 times (x 68B)
Class org.jetbrains.kotlin.psi.KtImportList                                           : loaded 2 times (x 442B)
Class org.jetbrains.kotlin.cli.common.extensions.ShellExtension                       : loaded 2 times (x 68B)
Class org.jetbrains.kotlin.load.java.SpecialBuiltinMembers                            : loaded 2 times (x 69B)
Class org.jetbrains.kotlin.resolve.TypeResolver$TypeTransformerForTests               : loaded 2 times (x 70B)
Class org.jetbrains.kotlin.mpp.ConstructorSymbolMarker                                : loaded 2 times (x 68B)
Class org.jetbrains.kotlin.resolve.calls.checkers.FunInterfaceConstructorReferenceChecker: loaded 2 times (x 72B)
Class com.amazon.ion.impl._Private_IonReaderBuilder                                   : loaded 2 times (x 93B)
Class org.jetbrains.kotlin.resolve.lazy.descriptors.LazyClassMemberScope$setDeferredReturnType$1: loaded 2 times (x 77B)
Class org.jetbrains.kotlin.resolve.constants.ConstantValue                            : loaded 2 times (x 74B)
Class [Lkotlin.reflect.KClass;                                                        : loaded 2 times (x 67B)
Class org.jetbrains.kotlin.cli.jvm.compiler.KotlinCoreEnvironment$Companion$getOrCreateApplicationEnvironment$1$2: loaded 2 times (x 72B)
Class [Lnet.rubygrapefruit.platform.internal.FunctionResult$Failure;                  : loaded 2 times (x 67B)
Class org.jetbrains.kotlin.resolve.calls.CallTransformer$1                            : loaded 2 times (x 96B)
Class org.jetbrains.kotlin.utils.FunctionsKt$DO_NOTHING_3$1                           : loaded 2 times (x 76B)
Class org.jetbrains.kotlin.resolve.calls.tower.TrackingBindingTrace                   : loaded 2 times (x 92B)
Class org.jetbrains.kotlin.asJava.finder.JavaElementFinder$findInterfaceDefaultImpls$1: loaded 2 times (x 76B)
Class org.jetbrains.kotlin.resolve.lazy.descriptors.AbstractLazyMemberScope$functionDescriptors$1: loaded 2 times (x 77B)
Class org.jetbrains.kotlin.util.collectionUtils.ScopeUtilsKt                          : loaded 2 times (x 69B)
Class org.jetbrains.kotlin.resolve.BodyResolver$1                                     : loaded 2 times (x 302B)
Class org.jetbrains.kotlin.resolve.IdentifierCheckerClashesResolver                   : loaded 2 times (x 71B)
Class org.jetbrains.kotlin.psi.KtVariableDeclaration                                  : loaded 2 times (x 68B)
Class org.jetbrains.kotlin.psi.KtTypeParameterListOwner                               : loaded 2 times (x 68B)
Class org.jetbrains.kotlin.resolve.jvm.modules.JavaModuleInfo$Companion$read$1        : loaded 2 times (x 86B)
Class kotlin.jvm.internal.Reflection                                                  : loaded 2 times (x 69B)
Class com.intellij.openapi.diagnostic.Attachment                                      : loaded 2 times (x 70B)
Class com.amazon.ion.impl.lite.IonSequenceLite                                        : loaded 2 times (x 391B)
Class net.rubygrapefruit.platform.internal.Platform$Windows                           : loaded 2 times (x 77B)
Class org.jetbrains.kotlin.resolve.calls.CallTransformer$2                            : loaded 2 times (x 96B)
Class org.jetbrains.kotlin.load.java.lazy.LazyJavaAnnotations                         : loaded 2 times (x 84B)
Class org.jetbrains.kotlin.descriptors.ScopesHolderForClass$scopeForOwnerModule$2     : loaded 2 times (x 77B)
Class org.jetbrains.kotlin.resolve.calls.smartcasts.DataFlowInfo                      : loaded 2 times (x 68B)
Class org.jetbrains.kotlin.protobuf.RopeByteString                                    : loaded 2 times (x 108B)
Class org.jetbrains.kotlin.psi.KtWhenConditionWithExpression                          : loaded 2 times (x 375B)
Class org.jetbrains.kotlin.psi.stubs.elements.KtClassLiteralExpressionElementType     : loaded 2 times (x 98B)
Class [Lorg.jetbrains.kotlin.psi.KtReferenceExpression;                               : loaded 2 times (x 67B)
Class com.amazon.ion.IonList                                                          : loaded 2 times (x 68B)
Class org.jetbrains.kotlin.container.DefaultImplementation                            : loaded 2 times (x 68B)
Class org.jetbrains.kotlin.cli.common.messages.MessageCollector$Companion$NONE$1      : loaded 2 times (x 74B)
Class org.jetbrains.kotlin.load.java.typeEnhancement.PredefinedEnhancementInfoKt$PREDEFINED_FUNCTION_ENHANCEMENT_INFO_BY_SIGNATURE$1$1$3$1: loaded 2 times (x 77B)
Class org.jetbrains.kotlin.codegen.state.KotlinTypeMapper$typeMappingConfiguration$1  : loaded 2 times (x 78B)
Class org.jetbrains.kotlin.types.KotlinTypeFactory$simpleTypeWithNonTrivialMemberScope$1: loaded 2 times (x 77B)
Class org.jetbrains.kotlin.descriptors.FindClassInModuleKt                            : loaded 2 times (x 69B)
Class org.jetbrains.kotlin.extensions.ProjectExtensionDescriptor                      : loaded 2 times (x 70B)
Class org.jetbrains.kotlin.load.java.typeEnhancement.PredefinedEnhancementInfoKt$PREDEFINED_FUNCTION_ENHANCEMENT_INFO_BY_SIGNATURE$1$1$3$2: loaded 2 times (x 77B)
Class org.jetbrains.kotlin.types.checker.KotlinTypePreparator$Default                 : loaded 2 times (x 71B)
Class org.jetbrains.kotlin.descriptors.annotations.Annotations                        : loaded 2 times (x 68B)
Class org.jetbrains.kotlin.metadata.ProtoBuf$StringTable$1                            : loaded 2 times (x 142B)
Class com.google.common.collect.MapMakerInternalMap$StrongKeyDummyValueEntry$Helper   : loaded 2 times (x 77B)
Class org.jetbrains.kotlin.load.java.typeEnhancement.PredefinedEnhancementInfoKt$PREDEFINED_FUNCTION_ENHANCEMENT_INFO_BY_SIGNATURE$1$1$3$3: loaded 2 times (x 77B)
Class org.jetbrains.kotlin.resolve.scopes.LocalRedeclarationChecker$DO_NOTHING        : loaded 2 times (x 72B)
Class [Lcom.google.common.collect.LinkedHashMultimap$ValueSetLink;                    : loaded 2 times (x 67B)
Class com.android.builder.model.v2.ide.JavaArtifact                                   : loaded 2 times (x 68B)
Class com.google.common.collect.AllEqualOrdering                                      : loaded 2 times (x 112B)
Class org.jetbrains.kotlin.types.AnnotationsTypeAttributeKt                           : loaded 2 times (x 69B)
Class sync_studio_tooling4_35czuxiou7m6n3ap7bri183gp$_run_closure1                    : loaded 2 times (x 137B)
Class [Lorg.jetbrains.kotlin.metadata.ProtoBuf$Type$Argument$Projection;              : loaded 2 times (x 67B)
Class org.jetbrains.kotlin.builtins.jvm.JvmBuiltInsCustomizer$cloneableType$2         : loaded 2 times (x 77B)
Class com.android.builder.model.v2.dsl.SigningConfig                                  : loaded 2 times (x 68B)
Class org.jetbrains.kotlin.diagnostics.DiagnosticWithParameters3Marker                : loaded 2 times (x 68B)
Class org.jetbrains.kotlin.resolve.calls.tower.TowerResolver$Task$localLevels$2       : loaded 2 times (x 77B)
Class org.jetbrains.kotlin.resolve.calls.components.NoTypeArguments                   : loaded 2 times (x 71B)
Class org.jetbrains.kotlin.types.model.TypeSubstitutorMarker                          : loaded 2 times (x 68B)
Class org.jetbrains.kotlin.resolve.lazy.declarations.AbstractDeclarationProviderFactory: loaded 2 times (x 80B)
Class org.jetbrains.kotlin.resolve.calls.checkers.OperatorCallChecker                 : loaded 2 times (x 72B)
Class com.android.ide.common.gradle.Component                                         : loaded 2 times (x 70B)
Class com.android.tools.lint.model.PathVariables$Companion                            : loaded 2 times (x 69B)
Class com.google.common.collect.ComparatorOrdering                                    : loaded 2 times (x 113B)
Class org.gradle.tooling.GradleConnectionException                                    : loaded 2 times (x 80B)
Class org.jetbrains.kotlin.load.kotlin.KotlinBinaryClassCache$RequestCache            : loaded 2 times (x 71B)
Class org.jetbrains.kotlin.psi.stubs.elements.KtAnnotationUseSiteTargetElementType    : loaded 2 times (x 98B)
Class kotlin.reflect.jvm.internal.KProperty1Impl$_getter$1                            : loaded 2 times (x 77B)
Class org.jetbrains.plugins.gradle.model.FilePatternSet                               : loaded 2 times (x 68B)
Class org.jetbrains.kotlin.resolve.lazy.descriptors.AbstractLazyMemberScope$declaredPropertyDescriptors$1: loaded 2 times (x 77B)
Class com.android.resources.ResourceFolderType                                        : loaded 2 times (x 77B)
Class org.jetbrains.kotlin.psi.KtStatementExpression                                  : loaded 2 times (x 68B)
Class org.jetbrains.kotlin.resolve.extensions.ExtraImportsProviderExtension$Companion : loaded 2 times (x 70B)
Class com.amazon.ion.impl._Private_IonWriter                                          : loaded 2 times (x 68B)
Class [Lorg.jetbrains.kotlin.descriptors.annotations.KotlinRetention;                 : loaded 2 times (x 67B)
Class org.jetbrains.kotlin.resolve.constants.KClassValue$Value$LocalClass             : loaded 2 times (x 70B)
Class org.jetbrains.kotlin.resolve.calls.tower.InvokeTowerProcessor                   : loaded 2 times (x 78B)
Class org.jetbrains.kotlin.util.OperatorChecks$checks$1                               : loaded 2 times (x 76B)
Class org.jetbrains.kotlin.resolve.lazy.FileScopeFactory$DefaultImportResolvers       : loaded 2 times (x 70B)
Class org.jetbrains.kotlin.renderer.RenderingFormat$HTML                              : loaded 2 times (x 78B)
Class org.jetbrains.kotlin.utils.WrappedValues$1                                      : loaded 2 times (x 69B)
Class org.jetbrains.kotlin.util.OperatorChecks$checks$2                               : loaded 2 times (x 76B)
Class org.jetbrains.kotlin.load.java.SpecialGenericSignatures$TypeSafeBarrierDescription$MAP_GET_OR_DEFAULT: loaded 2 times (x 78B)
Class org.jetbrains.kotlin.resolve.lazy.descriptors.LazyClassMemberScope              : loaded 2 times (x 107B)
Class org.jetbrains.kotlin.resolve.DelegatedPropertyResolver                          : loaded 2 times (x 70B)
Class kotlin.collections.ArrayDeque                                                   : loaded 2 times (x 167B)
Class org.jetbrains.kotlin.util.OperatorChecks$checks$3                               : loaded 2 times (x 76B)
Class [Lorg.jetbrains.kotlin.psi.KtAnnotated;                                         : loaded 2 times (x 67B)
Class kotlin.reflect.jvm.internal.impl.builtins.functions.FunctionTypeKind$KFunction  : loaded 2 times (x 70B)
Class com.android.sdklib.IAndroidTarget                                               : loaded 2 times (x 68B)
Class com.google.common.cache.ReferenceEntry                                          : loaded 2 times (x 68B)
Class org.jetbrains.kotlin.resolve.calls.tasks.TracingStrategyImpl                    : loaded 2 times (x 116B)
Class org.jetbrains.kotlin.load.java.structure.JavaLiteralAnnotationArgument          : loaded 2 times (x 68B)
Class org.jetbrains.kotlin.load.java.lazy.descriptors.LazyJavaPackageFragment$partToFacade$2: loaded 2 times (x 77B)
Class javaslang.collection.Iterator                                                   : loaded 2 times (x 68B)
Class [Lorg.jetbrains.kotlin.psi.KtContractEffectList;                                : loaded 2 times (x 67B)
Class [Lorg.jetbrains.kotlin.psi.KtFunctionTypeReceiver;                              : loaded 2 times (x 67B)
Class org.jetbrains.kotlin.psi.KtImportInfo                                           : loaded 2 times (x 68B)
Class org.gradle.tooling.internal.adapter.ObjectGraphAdapter                          : loaded 2 times (x 68B)
Class org.jetbrains.kotlin.resolve.KtDescriptorUtilKt                                 : loaded 2 times (x 69B)
Class org.jetbrains.kotlin.util.EmptyArrayMap$iterator$1                              : loaded 2 times (x 76B)
Class org.jetbrains.kotlin.resolve.lazy.descriptors.ClassResolutionScopesSupport$Companion$createErrorLexicalScope$1: loaded 2 times (x 76B)
Class org.jetbrains.kotlin.resolve.calls.tower.TowerResolver$ResultCollector          : loaded 2 times (x 72B)
Class org.jetbrains.kotlin.metadata.deserialization.VersionRequirementTable           : loaded 2 times (x 70B)
Class org.jetbrains.kotlin.resolve.jvm.checkers.JavaAnnotationCallChecker             : loaded 2 times (x 72B)
Class org.jetbrains.kotlin.load.java.components.JavaAnnotationMapper                  : loaded 2 times (x 69B)
Class org.jetbrains.kotlin.resolve.scopes.receivers.ExpressionReceiver$Companion      : loaded 2 times (x 69B)
Class org.jetbrains.kotlin.resolve.calls.tower.NewVariableAsFunctionResolvedCallImpl  : loaded 2 times (x 119B)
Class org.jetbrains.kotlin.resolve.calls.tower.TowerData$Empty                        : loaded 2 times (x 69B)
Class org.jetbrains.kotlin.resolve.calls.tower.NewResolutionOldInference$ResolutionKind: loaded 2 times (x 70B)
Class org.jetbrains.kotlin.storage.LockBasedStorageManager$CacheWithNullableValuesBasedOnMemoizedFunction: loaded 2 times (x 84B)
Class org.jetbrains.kotlin.metadata.ProtoBuf$Type$Argument$Projection                 : loaded 2 times (x 80B)
Class org.jetbrains.kotlin.resolve.calls.checkers.OperatorCallChecker$Companion       : loaded 2 times (x 69B)
Class org.jetbrains.kotlin.psi.KtTypeConstraintList                                   : loaded 2 times (x 442B)
Class kotlin.reflect.jvm.internal.impl.name.FqName                                    : loaded 2 times (x 70B)
Class com.android.ide.common.gradle.Component$Companion                               : loaded 2 times (x 69B)
Class org.jetbrains.kotlin.resolve.calls.tower.PSICallResolver$ASTScopeTower          : loaded 2 times (x 89B)
Class org.jetbrains.kotlin.resolve.calls.components.CheckIncompatibleTypeVariableUpperBounds: loaded 2 times (x 71B)
Class org.jetbrains.kotlin.types.checker.KotlinTypePreparator$prepareType$1           : loaded 2 times (x 123B)
Class kotlin.jvm.internal.PropertyReference1Impl                                      : loaded 2 times (x 125B)
Class org.jetbrains.kotlin.resolve.calls.tower.WrongResolutionToClassifier$5          : loaded 2 times (x 76B)
Class org.jetbrains.org.objectweb.asm.AnnotationWriter                                : loaded 2 times (x 76B)
Class com.google.common.collect.LexicographicalOrdering                               : loaded 2 times (x 113B)
Class org.jetbrains.org.objectweb.asm.tree.InsnNode                                   : loaded 2 times (x 76B)
Class org.jetbrains.kotlin.psi.KtTypeAlias                                            : loaded 2 times (x 1067B)
Class com.amazon.ion.impl.lite.IonLoaderLite                                          : loaded 2 times (x 80B)
Class [Lorg.jetbrains.kotlin.mpp.TypeParameterSymbolMarker;                           : loaded 2 times (x 67B)
Class org.jetbrains.kotlin.diagnostics.PositioningStrategies$ANNOTATION_USE_SITE$1    : loaded 2 times (x 72B)
Class [Lorg.jetbrains.kotlin.psi.KtNamedFunction;                                     : loaded 2 times (x 67B)
Class org.jetbrains.kotlin.resolve.jvm.modules.JavaModuleFinder                       : loaded 2 times (x 68B)
Class org.jetbrains.kotlin.psi.stubs.KotlinParameterStub                              : loaded 2 times (x 68B)
Class org.jetbrains.kotlin.builtins.functions.FunctionClassKind$Companion             : loaded 2 times (x 69B)
Class org.jetbrains.kotlin.resolve.scopes.receivers.QualifierReceiverKt               : loaded 2 times (x 69B)
Class org.jetbrains.kotlin.utils.SmartList$EmptyIterator                              : loaded 2 times (x 79B)
Class org.jetbrains.kotlin.load.kotlin.KotlinClassFinderKt                            : loaded 2 times (x 69B)
Class org.jetbrains.kotlin.resolve.lazy.descriptors.ClassResolutionScopesSupport$inheritanceScopeWithMe$1: loaded 2 times (x 77B)
Class org.jetbrains.kotlin.metadata.deserialization.Flags$BooleanFlagField            : loaded 2 times (x 74B)
Class org.jetbrains.kotlin.diagnostics.PositioningStrategies$SPREAD_OPERATOR$1        : loaded 2 times (x 72B)
Class org.jetbrains.kotlin.metadata.ProtoBuf$Annotation$Argument$Value                : loaded 2 times (x 125B)
Class com.amazon.ion.impl._Private_ByteTransferSink                                   : loaded 2 times (x 68B)
Class org.jetbrains.kotlin.resolve.calls.components.CreateFreshVariablesSubstitutor   : loaded 2 times (x 71B)
Class org.jetbrains.kotlin.metadata.ProtoBuf$TypeParameter$1                          : loaded 2 times (x 142B)
Class org.jetbrains.kotlin.load.kotlin.AbstractBinaryClassAnnotationAndConstantLoader : loaded 2 times (x 106B)
Class com.android.ide.gradle.model.ArtifactIdentifierImpl                             : loaded 2 times (x 75B)
Class [Lcom.amazon.ion.SymbolTable;                                                   : loaded 2 times (x 67B)
Class org.jetbrains.kotlin.resolve.calls.util.PsiUtilsKt                              : loaded 2 times (x 69B)
Class org.jetbrains.kotlin.resolve.scopes.BaseHierarchicalScope                       : loaded 2 times (x 92B)
Class [Lorg.jetbrains.kotlin.descriptors.PackageFragmentProvider;                     : loaded 2 times (x 67B)
Class org.jetbrains.kotlin.synthetic.SamAdapterFunctionsScope$samConstructorForTypeAliasConstructor$1: loaded 2 times (x 77B)
Class [Lorg.jetbrains.kotlin.psi.KtLiteralStringTemplateEntry;                        : loaded 2 times (x 67B)
Class kotlin.reflect.jvm.internal.KCallableImpl$parametersNeedMFVCFlattening$1        : loaded 2 times (x 77B)
Class kotlin.reflect.jvm.internal.KClassImpl$Data$sealedSubclasses$2                  : loaded 2 times (x 77B)
Class org.jetbrains.kotlin.resolve.jvm.NotFoundPackagesCachingStrategy$Default        : loaded 2 times (x 72B)
Class com.amazon.ion.impl._Private_IonValue                                           : loaded 2 times (x 68B)
Class org.jetbrains.kotlin.builtins.functions.FunctionClassScope                      : loaded 2 times (x 99B)
Class org.jetbrains.kotlin.resolve.calls.tower.PSIKotlinCall                          : loaded 2 times (x 92B)
Class org.jetbrains.kotlin.renderer.DescriptorRenderer$Companion                      : loaded 2 times (x 69B)
Class org.jetbrains.kotlin.scripting.definitions.AutoloadedScriptDefinitions$definitions$1: loaded 2 times (x 93B)
Class com.android.ide.gradle.model.LegacyV1AgpVersionModel                            : loaded 2 times (x 68B)
Class org.jetbrains.kotlin.resolve.calls.tower.WrongResolutionToClassifier$4          : loaded 2 times (x 76B)
Class com.android.ide.common.resources.configuration.LocaleQualifier                  : loaded 2 times (x 87B)
Class org.jetbrains.kotlin.resolve.lazy.data.KtScriptInfo                             : loaded 2 times (x 84B)
Class org.jetbrains.kotlin.types.TypeCheckerState$LowerCapturedTypePolicy             : loaded 2 times (x 77B)
Class org.jetbrains.kotlin.resolve.calls.tower.WrongResolutionToClassifier$3          : loaded 2 times (x 76B)
Class org.jetbrains.kotlin.scripting.compiler.plugin.ScriptingCompilerConfigurationComponentRegistrar$registerProjectComponents$hostConfiguration$1: loaded 2 times (x 76B)
Class [Lorg.jetbrains.kotlin.psi.KtPrimaryConstructor;                                : loaded 2 times (x 67B)
Class org.jetbrains.kotlin.types.DisjointKeysUnionTypeSubstitution$Companion          : loaded 2 times (x 69B)
Class org.jetbrains.kotlin.resolve.calls.results.OverloadingConflictResolver$isTypeRefinementEnabled$2: loaded 2 times (x 77B)
Class org.jetbrains.kotlin.resolve.PossiblyBareType                                   : loaded 2 times (x 76B)
Class org.jetbrains.kotlin.resolve.calls.inference.model.OnlyInputTypeConstraintPosition: loaded 2 times (x 68B)
Class org.jetbrains.kotlin.psi.KtDeclaration                                          : loaded 2 times (x 68B)
Class com.android.builder.model.v2.ide.VectorDrawablesOptions                         : loaded 2 times (x 68B)
Class org.jetbrains.kotlin.types.TypeSubstitution$Companion                           : loaded 2 times (x 69B)
Class org.jetbrains.kotlin.resolve.lazy.ImportForceResolver                           : loaded 2 times (x 68B)
Class org.jetbrains.kotlin.resolve.ImportPath$Companion                               : loaded 2 times (x 69B)
Class com.android.builder.model.v2.ide.JavaCompileOptions                             : loaded 2 times (x 68B)
Class kotlin.reflect.jvm.internal.CachesKt$CACHE_FOR_GENERIC_CLASSIFIERS$1            : loaded 2 times (x 76B)
Class com.android.ide.common.gradle.Module                                            : loaded 2 times (x 70B)
Class org.jetbrains.kotlin.serialization.deserialization.descriptors.DeserializedClassDescriptor$DeserializedClassMemberScope$generateFakeOverrides$1: loaded 2 times (x 75B)
Class org.jetbrains.kotlin.resolve.calls.model.ResolvedCallableReferenceAtom          : loaded 2 times (x 68B)
Class org.jetbrains.kotlin.renderer.ClassifierNamePolicy$FULLY_QUALIFIED              : loaded 2 times (x 72B)
Class [Lorg.jetbrains.kotlin.renderer.DescriptorRendererModifier;                     : loaded 2 times (x 67B)
Class org.jetbrains.kotlin.psi.stubs.KotlinAnnotationUseSiteTargetStub                : loaded 2 times (x 68B)
Class [Lorg.jetbrains.kotlin.psi.KtAnnotation;                                        : loaded 2 times (x 67B)
Class org.jetbrains.kotlin.resolve.calls.tower.PSIKotlinCallsKt                       : loaded 2 times (x 69B)
Class org.jetbrains.kotlin.psi.psiUtil.KtPsiUtilKt$getTopmostParentQualifiedExpressionForSelector$1: loaded 2 times (x 76B)
Class org.jetbrains.kotlin.load.java.lazy.types.JavaTypeResolver                      : loaded 2 times (x 70B)
Class kotlin.script.experimental.api.ScriptCompilationConfiguration                   : loaded 2 times (x 70B)
Class com.android.tools.lint.model.DefaultLintModelSourceProvider                     : loaded 2 times (x 82B)
Class org.jetbrains.kotlin.protobuf.UnmodifiableLazyStringList                        : loaded 2 times (x 237B)
Class net.rubygrapefruit.platform.internal.NativeLibraryLocator                       : loaded 2 times (x 71B)
Class org.jetbrains.kotlin.resolve.calls.model.LambdaWithTypeVariableAsExpectedTypeAtom: loaded 2 times (x 91B)
Class [Lorg.jetbrains.kotlin.types.TypeUsage;                                         : loaded 2 times (x 67B)
Class org.jetbrains.kotlin.util.AbstractArrayMapOwner$AbstractArrayMapAccessor        : loaded 2 times (x 69B)
Class org.jetbrains.kotlin.resolve.AnnotationTargetLists$T_MEMBER_FUNCTION$1          : loaded 2 times (x 76B)
Class com.intellij.openapi.util.io.FileTooBigException                                : loaded 2 times (x 80B)
Class com.android.prefs.AbstractAndroidLocations$Companion                            : loaded 2 times (x 69B)
Class org.jetbrains.plugins.gradle.tooling.serialization.internal.adapter.InternalBuildIdentifier: loaded 2 times (x 73B)
Class org.jetbrains.org.objectweb.asm.tree.TypeAnnotationNode                         : loaded 2 times (x 78B)
Class org.jetbrains.kotlin.load.java.lazy.descriptors.LazyJavaClassDescriptor$Companion: loaded 2 times (x 69B)
Class org.jetbrains.kotlin.metadata.ProtoBuf$Annotation$Argument$Value$Type           : loaded 2 times (x 80B)
Class [Lorg.apache.commons.io.StandardLineSeparator;                                  : loaded 2 times (x 67B)
Class org.jetbrains.kotlin.resolve.constants.KClassValue$Value                        : loaded 2 times (x 69B)
Class org.jetbrains.kotlin.util.slicedMap.OpenAddressLinearProbingHashTable$Companion : loaded 2 times (x 69B)
Class javaslang.collection.HashArrayMappedTrieModule$AbstractNode                     : loaded 2 times (x 99B)
Class org.jetbrains.kotlin.resolve.OverridingUtil                                     : loaded 2 times (x 74B)
Class org.jetbrains.kotlin.types.error.ErrorEntity                                    : loaded 2 times (x 77B)
Class org.jetbrains.kotlin.cli.jvm.modules.CoreJrtFileSystem$roots$1                  : loaded 2 times (x 77B)
Class org.jetbrains.kotlin.resolve.calls.smartcasts.Nullability                       : loaded 2 times (x 77B)
Class org.jetbrains.kotlin.utils.DFS$Neighbors                                        : loaded 2 times (x 68B)
Class org.jetbrains.kotlin.contracts.parsing.ContractParsingServices                  : loaded 2 times (x 70B)
Class org.jetbrains.kotlin.descriptors.ModuleDescriptor$DefaultImpls                  : loaded 2 times (x 69B)
Class org.jetbrains.kotlin.serialization.deserialization.descriptors.DeserializedCallableMemberDescriptor: loaded 2 times (x 68B)
Class org.jetbrains.kotlin.types.UnwrappedType                                        : loaded 2 times (x 84B)
Class org.jetbrains.kotlin.psi.KtPureClassOrObject                                    : loaded 2 times (x 68B)
Class com.android.builder.model.v2.ide.TestInfo$Execution                             : loaded 2 times (x 77B)
Class org.jetbrains.kotlin.resolve.calls.tower.WrongResolutionToClassifier$2          : loaded 2 times (x 76B)
Class org.jetbrains.kotlin.resolve.StatementFilter$Companion$NONE$1                   : loaded 2 times (x 70B)
Class org.jetbrains.kotlin.context.MutableModuleContext                               : loaded 2 times (x 68B)
Class org.jetbrains.kotlin.resolve.checkers.MissingDependencyClassChecker$ClassifierUsage: loaded 2 times (x 72B)
Class [Lorg.jetbrains.kotlin.psi.KtPackageDirective;                                  : loaded 2 times (x 67B)
Class kotlin.reflect.KType                                                            : loaded 2 times (x 68B)
Class org.gradle.api.internal.classpath.EffectiveClassPath                            : loaded 2 times (x 88B)
Class org.jetbrains.kotlin.resolve.calls.components.KotlinCallCompleter               : loaded 2 times (x 70B)
Class org.jetbrains.kotlin.load.java.lazy.LazyJavaResolverContext                     : loaded 2 times (x 70B)
Class org.objectweb.asm.FieldWriter                                                   : loaded 2 times (x 76B)
Class org.jetbrains.kotlin.resolve.checkers.DataObjectContentChecker                  : loaded 2 times (x 72B)
Class org.jetbrains.kotlin.resolve.jvm.checkers.UnsupportedSyntheticCallableReferenceChecker: loaded 2 times (x 72B)
Class org.apache.commons.io.StandardLineSeparator                                     : loaded 2 times (x 77B)
Class org.apache.commons.io.output.AppendableWriter                                   : loaded 2 times (x 98B)
Class org.jetbrains.kotlin.types.SimpleTypeWithAttributes                             : loaded 2 times (x 92B)
Class org.jetbrains.kotlin.load.java.lazy.JavaResolverComponents                      : loaded 2 times (x 70B)
Class com.amazon.ion.impl.bin.IonRawBinaryWriter$StreamFlushMode                      : loaded 2 times (x 77B)
Class com.amazon.ion.impl._Private_ValueFactory                                       : loaded 2 times (x 68B)
Class org.jetbrains.kotlin.types.model.TypeSystemContextKt                            : loaded 2 times (x 69B)
Class org.jetbrains.kotlin.load.java.typeEnhancement.PredefinedEnhancementInfoKt$PREDEFINED_FUNCTION_ENHANCEMENT_INFO_BY_SIGNATURE$1$1$12$1: loaded 2 times (x 77B)
Class org.jetbrains.kotlin.cli.jvm.compiler.KotlinCliJavaFileManagerImpl$WhenMappings : loaded 2 times (x 69B)
Class org.jetbrains.kotlin.config.JvmAnalysisFlags$jvmDefaultMode$2                   : loaded 2 times (x 125B)
Class org.jetbrains.kotlin.descriptors.impl.ClassConstructorDescriptorImpl            : loaded 2 times (x 405B)
Class com.google.common.collect.MapMakerInternalMap$InternalEntryHelper               : loaded 2 times (x 68B)
Class org.jetbrains.kotlin.extensions.PreprocessedVirtualFileFactoryExtension$Companion: loaded 2 times (x 70B)
Class org.jetbrains.kotlin.config.LanguageVersionSettingsImpl$Companion               : loaded 2 times (x 69B)
Class com.android.utils.StdLogger                                                     : loaded 2 times (x 84B)
Class com.amazon.ion.BufferConfiguration$Builder                                      : loaded 2 times (x 76B)
Class com.google.common.io.Files                                                      : loaded 2 times (x 69B)
Class org.jetbrains.org.objectweb.asm.tree.FrameNode                                  : loaded 2 times (x 77B)
Class org.jetbrains.kotlin.diagnostics.PositioningStrategies$NAME_OF_NAMED_ARGUMENT$1 : loaded 2 times (x 72B)
Class org.jetbrains.kotlin.psi.KtSafeQualifiedExpression                              : loaded 2 times (x 506B)
Class com.amazon.ion.impl.lite.IonBoolLite                                            : loaded 2 times (x 176B)
Class com.google.common.collect.LinkedHashMultimap$ValueSet                           : loaded 2 times (x 140B)
Class org.jetbrains.kotlin.resolve.calls.context.CallPosition                         : loaded 2 times (x 69B)
Class org.jetbrains.kotlin.renderer.DescriptorRendererOptions                         : loaded 2 times (x 68B)
Class org.jetbrains.kotlin.diagnostics.PositioningStrategies$projectionPosition$1     : loaded 2 times (x 72B)
Class [Lkotlin.reflect.jvm.internal.impl.builtins.jvm.JavaToKotlinClassMap$PlatformMutabilityMapping;: loaded 2 times (x 67B)
Class org.jetbrains.kotlin.renderer.DescriptorRenderer$Companion$FQ_NAMES_IN_TYPES_WITH_ANNOTATIONS$1: loaded 2 times (x 76B)
Class com.android.builder.model.v2.ide.Installation                                   : loaded 2 times (x 68B)
Class com.google.common.cache.CacheLoader$FunctionToCacheLoader                       : loaded 2 times (x 73B)
Class org.jetbrains.kotlin.load.java.lazy.ContextKt                                   : loaded 2 times (x 69B)
Class org.jetbrains.kotlin.load.java.JavaClassFinderImpl                              : loaded 2 times (x 88B)
Class kotlin.script.experimental.util.PropertiesCollection                            : loaded 2 times (x 70B)
Class org.jetbrains.kotlin.asJava.classes.ImplUtilsKt$setPsiTypeAnnotationProvider$2  : loaded 2 times (x 76B)
Class com.google.common.cache.CacheBuilder$1                                          : loaded 2 times (x 83B)
Class org.jetbrains.kotlin.types.DelegatingSimpleTypeImpl                             : loaded 2 times (x 92B)
Class org.jetbrains.kotlin.load.java.structure.ListBasedJavaAnnotationOwner           : loaded 2 times (x 68B)
Class org.jetbrains.kotlin.resolve.jvm.checkers.JvmSyntheticAssignmentChecker         : loaded 2 times (x 72B)
Class org.jetbrains.kotlin.resolve.calls.tower.WrongResolutionToClassifier$1          : loaded 2 times (x 76B)
Class com.google.common.cache.CacheBuilder$2                                          : loaded 2 times (x 70B)
Class org.jetbrains.kotlin.codegen.state.KotlinTypeMapper                             : loaded 2 times (x 73B)
Class org.jetbrains.kotlin.resolve.calls.components.PostponedArgumentsAnalyzerContext : loaded 2 times (x 68B)
Class org.jetbrains.kotlin.incremental.components.ScopeKind                           : loaded 2 times (x 77B)
Class com.amazon.ion.impl.bin.utf8.Utf8StringEncoder                                  : loaded 2 times (x 78B)
Class com.amazon.ion.IonSexp                                                          : loaded 2 times (x 68B)
Class [Lorg.jetbrains.kotlin.cli.jvm.index.JavaRoot$RootType;                         : loaded 2 times (x 67B)
Class kotlin.reflect.jvm.internal.KClassImpl$Data$constructors$2                      : loaded 2 times (x 77B)
Class com.amazon.ion.impl.lite.IonSystemLite                                          : loaded 2 times (x 273B)
Class com.google.common.io.CharStreams                                                : loaded 2 times (x 69B)
Class org.jetbrains.kotlin.descriptors.annotations.Annotations$DefaultImpls           : loaded 2 times (x 69B)
Class org.jetbrains.kotlin.types.AbstractTypeConstructor$supertypes$1                 : loaded 2 times (x 77B)
Class org.jetbrains.plugins.gradle.model.IntelliJSettings                             : loaded 2 times (x 68B)
Class com.amazon.ion.impl.bin._Private_IonManagedBinaryWriterBuilder$AllocatorMode    : loaded 2 times (x 78B)
Class com.android.builder.model.v2.models.Versions                                    : loaded 2 times (x 68B)
Class org.jetbrains.kotlin.load.java.lazy.descriptors.LazyJavaScope$declaredField$1   : loaded 2 times (x 77B)
Class org.jetbrains.kotlin.resolve.calls.model.CallResolutionResult                   : loaded 2 times (x 72B)
Class org.jetbrains.kotlin.resolve.calls.model.ResolvedCallAtom                       : loaded 2 times (x 90B)
Class org.jetbrains.kotlin.resolve.scopes.LexicalScope                                : loaded 2 times (x 68B)
Class org.jetbrains.kotlin.types.AbstractTypeConstructor$supertypes$2                 : loaded 2 times (x 76B)
Class org.jetbrains.kotlin.builtins.jvm.JvmBuiltInClassDescriptorFactory$1            : loaded 2 times (x 76B)
Class org.jetbrains.kotlin.scripting.extensions.ScriptingResolveExtension             : loaded 2 times (x 92B)
Class org.jetbrains.kotlin.types.error.ErrorUtils$containsUninferredTypeVariable$1    : loaded 2 times (x 123B)
Class org.jetbrains.kotlin.types.AbstractTypeConstructor$supertypes$3                 : loaded 2 times (x 77B)
Class [Lorg.jetbrains.kotlin.renderer.AnnotationArgumentsRenderingPolicy;             : loaded 2 times (x 67B)
Class com.amazon.ion.impl.lite.IonStructLite                                          : loaded 2 times (x 295B)
Class kotlin.reflect.jvm.internal.KClassImpl                                          : loaded 2 times (x 113B)
Class [Lorg.jetbrains.kotlin.extensions.CompilerConfigurationExtension;               : loaded 2 times (x 67B)
Class org.gradle.internal.exceptions.ResolutionProvider                               : loaded 2 times (x 68B)
Class org.gradle.tooling.model.idea.IdeaDependency                                    : loaded 2 times (x 68B)
Class [Lcom.google.common.cache.RemovalListener;                                      : loaded 2 times (x 67B)
Class org.jetbrains.kotlin.load.kotlin.KotlinClassFinder$Result                       : loaded 2 times (x 69B)
Class org.jetbrains.kotlin.resolve.calls.checkers.UselessElvisCallChecker             : loaded 2 times (x 72B)
Class [Lorg.jetbrains.kotlin.diagnostics.DiagnosticFactory;                           : loaded 2 times (x 67B)
Class org.jetbrains.kotlin.resolve.jvm.checkers.JvmInlineApplicabilityChecker         : loaded 2 times (x 72B)
Class kotlin.reflect.jvm.internal.KClassImpl$Data$nestedClasses$2                     : loaded 2 times (x 77B)
Class net.rubygrapefruit.platform.internal.Platform$Unsupported                       : loaded 2 times (x 77B)
Class org.jetbrains.org.objectweb.asm.tree.TypeInsnNode                               : loaded 2 times (x 77B)
Class androidx.compose.lint.Name                                                      : loaded 2 times (x 70B)
Class org.jetbrains.kotlin.resolve.calls.model.ResolvedCallArgument$SimpleArgument    : loaded 2 times (x 71B)
Class org.jetbrains.kotlin.resolve.QualifiedExpressionResolver$Companion              : loaded 2 times (x 69B)
Class org.jetbrains.kotlin.resolve.calls.context.ContextDependency                    : loaded 2 times (x 77B)
Class org.jetbrains.kotlin.serialization.deserialization.MemberDeserializer           : loaded 2 times (x 70B)
Class org.jetbrains.kotlin.resolve.TargetEnvironment                                  : loaded 2 times (x 71B)
Class org.jetbrains.kotlin.resolve.jvm.modules.JavaModuleResolver                     : loaded 2 times (x 68B)
Class org.jetbrains.kotlin.idea.gradleTooling.model.annotation.AnnotationBasedPluginModel: loaded 2 times (x 68B)
Class com.google.common.collect.Interners                                             : loaded 2 times (x 69B)
Class org.jetbrains.kotlin.contracts.parsing.ContractsDslNames                        : loaded 2 times (x 69B)
Class [Lorg.jetbrains.kotlin.resolve.scopes.receivers.ReceiverValue;                  : loaded 2 times (x 67B)
Class org.jetbrains.kotlin.resolve.constants.evaluate.ConstantExpressionEvaluator$Companion$ExperimentalityDiagnostic1: loaded 2 times (x 73B)
Class org.jetbrains.kotlin.resolve.calls.tower.KotlinResolutionCallbacksImpl          : loaded 2 times (x 85B)
Class org.jetbrains.kotlin.renderer.DescriptorRenderer$Companion$COMPACT_WITH_MODIFIERS$1: loaded 2 times (x 76B)
Class [Lkotlin.reflect.KDeclarationContainer;                                         : loaded 2 times (x 67B)
Class com.amazon.ion.impl.bin.IonManagedBinaryWriter$SymbolResolverBuilder            : loaded 2 times (x 68B)
Class javaslang.collection.HashArrayMappedTrie                                        : loaded 2 times (x 68B)
Class org.jetbrains.kotlin.resolve.checkers.ClassifierUsageCheckerContext             : loaded 2 times (x 76B)
Class org.jetbrains.kotlin.resolve.jvm.checkers.FileClassAnnotationsChecker           : loaded 2 times (x 72B)
Class org.jetbrains.kotlin.parsing.KotlinParsing$DeclarationParsingMode               : loaded 2 times (x 77B)
Class kotlin.reflect.jvm.internal.KProperty1Impl                                      : loaded 2 times (x 126B)
Class kotlin.LazyKt__LazyJVMKt$WhenMappings                                           : loaded 2 times (x 69B)
Class kotlin.io.FileTreeWalk$FileTreeWalkIterator                                     : loaded 2 times (x 81B)
Class org.jetbrains.kotlin.idea.gradleTooling.model.assignment.AssignmentModel        : loaded 2 times (x 68B)
Class org.jetbrains.kotlin.resolve.constants.CompileTimeConstant                      : loaded 2 times (x 68B)
Class org.jetbrains.kotlin.resolve.jvm.checkers.InterfaceDefaultMethodCallChecker     : loaded 2 times (x 73B)
Class org.jetbrains.kotlin.cli.common.messages.GradleStyleMessageRenderer             : loaded 2 times (x 76B)
Class com.android.builder.model.v2.models.VariantDependencies                         : loaded 2 times (x 68B)
Class org.jetbrains.kotlin.load.java.structure.JavaArrayAnnotationArgument            : loaded 2 times (x 68B)
Class org.jetbrains.kotlin.psi.KtSuperTypeEntry                                       : loaded 2 times (x 443B)
Class org.jetbrains.kotlin.psi.stubs.elements.KtPlaceHolderStubElementType            : loaded 2 times (x 101B)
Class kotlin.jvm.internal.ClassBasedDeclarationContainer                              : loaded 2 times (x 68B)
Class org.jetbrains.kotlin.extensions.PreprocessedFileCreator                         : loaded 2 times (x 70B)
Class org.jetbrains.kotlin.psi.KtPsiUtil$KtExpressionWrapper                          : loaded 2 times (x 68B)
Class org.jetbrains.kotlin.load.kotlin.PackagePartProvider                            : loaded 2 times (x 68B)
Class org.jetbrains.kotlin.serialization.deserialization.DeserializedPackageFragmentImpl$classDataFinder$1: loaded 2 times (x 77B)
Class org.jetbrains.kotlin.diagnostics.ParametrizedDiagnostic                         : loaded 2 times (x 68B)
Class org.jetbrains.plugins.gradle.tooling.serialization.ExternalProjectSerializationService: loaded 2 times (x 75B)
Class com.google.common.collect.MapMakerInternalMap$Strength$1                        : loaded 2 times (x 78B)
Class org.gradle.internal.installation.CurrentGradleInstallation                      : loaded 2 times (x 71B)
Class org.jetbrains.kotlin.types.expressions.ControlStructureTypingVisitor$1          : loaded 2 times (x 195B)
Class org.jetbrains.kotlin.builtins.ReflectionTypes                                   : loaded 2 times (x 70B)
Class kotlin.reflect.jvm.internal.KClassImpl$Data$typeParameters$2                    : loaded 2 times (x 77B)
Class com.google.common.collect.MapMakerInternalMap$Strength$2                        : loaded 2 times (x 78B)
Class org.jetbrains.kotlin.resolve.calls.tower.KotlinToResolvedCallTransformer        : loaded 2 times (x 70B)
Class org.jetbrains.kotlin.psi.KtBlockStringTemplateEntry                             : loaded 2 times (x 442B)
Class org.jetbrains.kotlin.psi.stubs.elements.KtContextReceiverElementType            : loaded 2 times (x 98B)
Class [Lorg.jetbrains.kotlin.psi.KtTypeParameterListOwnerStub;                        : loaded 2 times (x 67B)
Class org.jetbrains.kotlin.psi.KtAnnotated                                            : loaded 2 times (x 68B)
Class org.gradle.internal.agents.InstrumentingClassLoader                             : loaded 2 times (x 68B)
Class org.gradle.internal.installation.CurrentGradleInstallationLocator               : loaded 2 times (x 69B)
Class org.jetbrains.kotlin.resolve.calls.context.ResolutionResultsCache               : loaded 2 times (x 68B)
Class org.jetbrains.kotlin.metadata.ProtoBuf$VersionRequirement$Level$1               : loaded 2 times (x 72B)
Class org.jetbrains.kotlin.psi.KtNamedDeclarationNotStubbed                           : loaded 2 times (x 842B)
Class kotlin.reflect.jvm.internal.KClassImpl$Data$inheritedNonStaticMembers$2         : loaded 2 times (x 77B)
Class [Lkotlin.script.experimental.util.PropertiesCollection;                         : loaded 2 times (x 67B)
Class org.jetbrains.kotlin.resolve.checkers.ApiVersionClassifierUsageChecker          : loaded 2 times (x 72B)
Class com.amazon.ion.impl.LocalSymbolTableAsStruct                                    : loaded 2 times (x 124B)
Class com.amazon.ion.impl.lite.IonClobLite                                            : loaded 2 times (x 218B)
Class [Lcom.google.common.cache.LocalCache$Segment;                                   : loaded 2 times (x 67B)
Class org.gradle.api.internal.classpath.Module                                        : loaded 2 times (x 68B)
Class org.jetbrains.kotlin.load.kotlin.MethodSignatureBuildingUtilsKt                 : loaded 2 times (x 69B)
Class [Lorg.jetbrains.kotlin.psi.Call$CallType;                                       : loaded 2 times (x 67B)
Class org.jetbrains.kotlin.config.JvmAnalysisFlags$generatePropertyAnnotationsMethods$2: loaded 2 times (x 125B)
Class org.jetbrains.kotlin.serialization.deserialization.ContractDeserializer$Companion$DEFAULT$1: loaded 2 times (x 72B)
Class org.jetbrains.kotlin.builtins.functions.FunctionTypeKindExtractor$Companion     : loaded 2 times (x 69B)
Class org.jetbrains.kotlin.psi.stubs.KotlinTypeParameterStub                          : loaded 2 times (x 68B)
Class com.android.tools.lint.model.LintModelSerialization$LintModelSerializationFileAdapter: loaded 2 times (x 87B)
Class com.google.common.io.ByteSource$ByteArrayByteSource                             : loaded 2 times (x 83B)
Class org.jetbrains.kotlin.utils.FunctionsKt$DO_NOTHING_2$1                           : loaded 2 times (x 76B)
Class org.jetbrains.kotlin.resolve.calls.inference.model.InitialConstraint            : loaded 2 times (x 70B)
Class [Lorg.jetbrains.kotlin.psi.KtNamedDeclarationStub;                              : loaded 2 times (x 67B)
Class org.jetbrains.kotlin.scripting.definitions.ScriptiDefinitionsFromClasspathDiscoverySourceKt$scriptTemplatesDiscoverySequence$1: loaded 2 times (x 93B)
Class com.google.common.collect.Multimaps$CustomSetMultimap                           : loaded 2 times (x 176B)
Class org.jetbrains.kotlin.resolve.calls.inference.components.TypeCheckerStateForConstraintSystem: loaded 2 times (x 79B)
Class org.jetbrains.kotlin.resolve.calls.components.PostponeArgumentsChecksKt         : loaded 2 times (x 69B)
Class org.jetbrains.kotlin.resolve.lazy.descriptors.ClassResolutionScopesSupport$scopeWithGenerics$1: loaded 2 times (x 77B)
Class org.jetbrains.kotlin.metadata.jvm.deserialization.ModuleMapping                 : loaded 2 times (x 70B)
Class org.jetbrains.kotlin.renderer.ClassifierNamePolicy$SHORT                        : loaded 2 times (x 72B)
Class org.jetbrains.kotlin.psi.KtDoWhileExpression                                    : loaded 2 times (x 440B)
Class org.jetbrains.kotlin.psi.stubs.elements.KtClassElementType                      : loaded 2 times (x 104B)
Class kotlin.reflect.KProperty                                                        : loaded 2 times (x 68B)
Class org.jetbrains.kotlin.descriptors.Modality                                       : loaded 2 times (x 77B)
Class com.android.tools.lint.model.DefaultLintModelAndroidLibrary                     : loaded 2 times (x 109B)
Class [Lcom.amazon.ion.impl.bin.IonRawBinaryWriter$PreallocationMode;                 : loaded 2 times (x 67B)
Class com.amazon.ion.impl.bin.AbstractSymbolTable                                     : loaded 2 times (x 105B)
Class org.jetbrains.plugins.gradle.model.GradleBuildScriptClasspathModel              : loaded 2 times (x 68B)
Class org.jetbrains.kotlin.load.java.typeEnhancement.PredefinedEnhancementInfoKt$PREDEFINED_FUNCTION_ENHANCEMENT_INFO_BY_SIGNATURE$1$1$2$1: loaded 2 times (x 77B)
Class org.jetbrains.kotlin.cli.jvm.index.JvmDependenciesIndexImpl$TraverseRequest     : loaded 2 times (x 74B)
Class com.google.common.cache.LocalCache$StrongEntry                                  : loaded 2 times (x 106B)
Class org.gradle.tooling.internal.adapter.ProtocolToModelAdapter$1                    : loaded 2 times (x 73B)
Class com.android.tools.lint.model.DefaultLintModelJavaLibrary                        : loaded 2 times (x 101B)
Class org.jetbrains.kotlin.psi.KtTypeReference                                        : loaded 2 times (x 640B)
Class org.jetbrains.plugins.gradle.tooling.serialization.ProjectDependenciesSerializationService$ReadContext: loaded 2 times (x 70B)
Class org.jetbrains.kotlin.resolve.lazy.descriptors.LazyClassDescriptor$LazyClassTypeConstructor: loaded 2 times (x 97B)
Class org.jetbrains.kotlin.resolve.scopes.ChainedMemberScope$Companion                : loaded 2 times (x 69B)
Class org.jetbrains.kotlin.context.ContextKt$GlobalContext$2                          : loaded 2 times (x 76B)
Class org.jetbrains.kotlin.BlockExpressionElementType$Companion                       : loaded 2 times (x 69B)
Class org.jetbrains.kotlin.utils.SmartList$SingletonIteratorBase                      : loaded 2 times (x 79B)
Class org.jetbrains.plugins.gradle.tooling.serialization.internal.IdeaProjectSerializationService$WriteContext: loaded 2 times (x 70B)
Class [Lorg.jetbrains.kotlin.extensions.internal.CallResolutionInterceptorExtension;  : loaded 2 times (x 67B)
Class org.jetbrains.kotlin.storage.LockBasedLazyResolveStorageManager$LockProtectedTrace: loaded 2 times (x 92B)
Class kotlin.collections.ReversedList                                                 : loaded 2 times (x 167B)
Class org.jetbrains.kotlin.psi.ValueArgumentName                                      : loaded 2 times (x 68B)
Class org.jetbrains.kotlin.psi.KtCallableDeclaration                                  : loaded 2 times (x 68B)
Class [Lorg.jetbrains.kotlin.storage.LockBasedStorageManager$NotValue;                : loaded 2 times (x 67B)
Class kotlin.sequences.DistinctSequence                                               : loaded 2 times (x 73B)
Class androidx.compose.lint.PackageName                                               : loaded 2 times (x 70B)
Class org.jetbrains.kotlin.resolve.calls.results.FlatSignatureForResolvedCallKt       : loaded 2 times (x 69B)
Class org.jetbrains.kotlin.serialization.deserialization.builtins.BuiltInsResourceLoader: loaded 2 times (x 69B)
Class [Lorg.jetbrains.kotlin.lexer.KtToken;                                           : loaded 2 times (x 67B)
Class org.jetbrains.kotlin.psi.stubs.elements.KtDotQualifiedExpressionElementType     : loaded 2 times (x 101B)
Class org.gradle.tooling.internal.adapter.ViewBuilder                                 : loaded 2 times (x 68B)
Class net.rubygrapefruit.platform.internal.NativeLibraryLoader                        : loaded 2 times (x 71B)
Class com.google.common.collect.MapMakerInternalMap$Segment                           : loaded 2 times (x 140B)
Class org.jetbrains.kotlin.serialization.deserialization.TypeDeserializer$simpleType$annotations$1: loaded 2 times (x 77B)
Class org.jetbrains.kotlin.types.ClassTypeConstructorImpl                             : loaded 2 times (x 97B)
Class org.jetbrains.kotlin.container.ValueDescriptor                                  : loaded 2 times (x 68B)
Class kotlin.script.experimental.jvm.JvmScriptingHostConfigurationKt$baseClassLoader$2: loaded 2 times (x 76B)
Class com.amazon.ion.impl.lite.IonNullLite                                            : loaded 2 times (x 173B)
Class org.gradle.tooling.internal.adapter.ProtocolToModelAdapter                      : loaded 2 times (x 78B)
Class org.jetbrains.kotlin.resolve.calls.results.SingleOverloadResolutionResult       : loaded 2 times (x 92B)
Class org.jetbrains.kotlin.renderer.DescriptorRendererModifier                        : loaded 2 times (x 77B)
Class kotlin.collections.builders.SetBuilder                                          : loaded 2 times (x 141B)
Class kotlin.reflect.jvm.internal.impl.descriptors.runtime.structure.ReflectClassUtilKt: loaded 2 times (x 69B)
Class kotlin.jvm.internal.MutablePropertyReference0                                   : loaded 2 times (x 135B)
Class org.jetbrains.kotlin.serialization.deserialization.TypeDeserializer             : loaded 2 times (x 70B)
Class org.jetbrains.kotlin.resolve.calls.tower.ScopeTowerProcessorsKt                 : loaded 2 times (x 69B)
Class org.jetbrains.kotlin.load.java.components.JavaTargetAnnotationDescriptor$allValueArguments$2: loaded 2 times (x 77B)
Class org.jetbrains.kotlin.cli.jvm.index.JvmDependenciesIndexImpl                     : loaded 2 times (x 75B)
Class kotlin.jvm.internal.MutablePropertyReference1                                   : loaded 2 times (x 135B)
Class org.jetbrains.kotlin.resolve.jvm.KotlinCliJavaFileManager                       : loaded 2 times (x 68B)
Class org.jetbrains.kotlin.cli.jvm.compiler.CompatKt                                  : loaded 2 times (x 69B)
Class [Lkotlin.reflect.jvm.internal.impl.name.ClassId;                                : loaded 2 times (x 67B)
Class com.amazon.ion.impl._Private_RecyclingStack$ElementFactory                      : loaded 2 times (x 68B)
Class org.jetbrains.kotlin.resolve.calls.smartcasts.DataFlowInfoImpl$Companion        : loaded 2 times (x 69B)
Class org.jetbrains.kotlin.types.LazyWrappedType                                      : loaded 2 times (x 84B)
Class org.jetbrains.kotlin.resolve.checkers.ReservedMembersAndConstructsForValueClass : loaded 2 times (x 72B)
Class kotlin.jvm.internal.MutablePropertyReference2                                   : loaded 2 times (x 135B)
Class org.jetbrains.kotlin.psi.KtFunctionNotStubbed                                   : loaded 2 times (x 1193B)
Class [Lcom.amazon.ion.IonType;                                                       : loaded 2 times (x 67B)
Class org.jetbrains.kotlin.types.typesApproximation.CapturedTypeApproximationKt$approximateCapturedTypesIfNecessary$1: loaded 2 times (x 76B)
Class org.jetbrains.kotlin.serialization.deserialization.DeserializationConfiguration$Default: loaded 2 times (x 89B)
Class kotlin.reflect.jvm.internal.KClassImpl$Data$qualifiedName$2                     : loaded 2 times (x 77B)
Class org.gradle.tooling.internal.adapter.WeakIdentityHashMap$WeakKey                 : loaded 2 times (x 77B)
Class org.jetbrains.kotlin.builtins.functions.FunctionClassDescriptor$FunctionTypeConstructor: loaded 2 times (x 97B)
Class org.jetbrains.kotlin.resolve.OverloadResolver                                   : loaded 2 times (x 70B)
Class org.jetbrains.kotlin.protobuf.CodedOutputStream$ByteBufferOutputStream          : loaded 2 times (x 84B)
Class org.jetbrains.kotlin.resolve.checkers.OptionalExpectationUsageChecker           : loaded 2 times (x 72B)
Class org.jetbrains.kotlin.psi.KtCollectionLiteralExpression                          : loaded 2 times (x 567B)
Class com.google.common.reflect.Types$TypeVariableInvocationHandler                   : loaded 2 times (x 73B)
Class org.jetbrains.kotlin.resolve.calls.tower.AbstractInvokeTowerProcessor           : loaded 2 times (x 78B)
Class [Lorg.jetbrains.kotlin.resolve.calls.model.KotlinCallKind;                      : loaded 2 times (x 67B)
Class org.jetbrains.kotlin.load.java.components.SignaturePropagator                   : loaded 2 times (x 68B)
Class it.unimi.dsi.fastutil.ints.IntOpenHashSet                                       : loaded 2 times (x 237B)
Class com.google.common.reflect.Types$ClassOwnership                                  : loaded 2 times (x 78B)
Class org.jetbrains.kotlin.load.kotlin.TypeMappingMode$Companion                      : loaded 2 times (x 69B)
Class org.jetbrains.kotlin.descriptors.DescriptorUtilKt                               : loaded 2 times (x 69B)
Class org.jetbrains.kotlin.resolve.calls.smartcasts.ConditionalDataFlowInfo           : loaded 2 times (x 70B)
Class org.jetbrains.kotlin.psi.stubs.elements.KtContractEffectElementType             : loaded 2 times (x 98B)
Class org.jetbrains.kotlin.psi.KtImportAlias                                          : loaded 2 times (x 558B)
Class org.jetbrains.kotlin.load.java.structure.JavaNamedElement                       : loaded 2 times (x 68B)
Class org.jetbrains.kotlin.container.ConstructorInfo                                  : loaded 2 times (x 70B)
Class org.jetbrains.kotlin.resolve.jvm.checkers.SuspendInFunInterfaceChecker          : loaded 2 times (x 72B)
Class kotlin.collections.builders.ListBuilder$Itr                                     : loaded 2 times (x 92B)
Class [Lorg.jetbrains.kotlin.config.LanguageOrApiVersion;                             : loaded 2 times (x 67B)
Class org.jetbrains.kotlin.util.slicedMap.Slices$2                                    : loaded 2 times (x 73B)
Class com.amazon.ion.UnknownSymbolException                                           : loaded 2 times (x 84B)
Class org.jetbrains.kotlin.resolve.calls.inference.model.ConstraintKind               : loaded 2 times (x 77B)
Class org.jetbrains.kotlin.library.metadata.impl.KlibResolvedModuleDescriptorsFactoryImpl: loaded 2 times (x 74B)
Class org.jetbrains.kotlin.types.checker.KotlinTypeRefiner                            : loaded 2 times (x 77B)
Class org.jetbrains.kotlin.renderer.DescriptorRendererModifier$Companion              : loaded 2 times (x 69B)
Class org.jetbrains.kotlin.resolve.jvm.checkers.DefaultCheckerInTailrec               : loaded 2 times (x 72B)
Class org.jetbrains.kotlin.psi.stubs.elements.KtContractEffectListElementType         : loaded 2 times (x 101B)
Class kotlin.collections.builders.SetBuilder$Companion                                : loaded 2 times (x 69B)
Class kotlin.reflect.jvm.internal.KCallableImpl$_absentArguments$1                    : loaded 2 times (x 77B)
Class [Lorg.objectweb.asm.AnnotationWriter;                                           : loaded 2 times (x 67B)
Class org.jetbrains.kotlin.resolve.constants.evaluate.ConstantExpressionEvaluatorVisitor$stringExpressionEvaluator$1: loaded 2 times (x 190B)
Class org.jetbrains.kotlin.diagnostics.PositioningStrategies$DECLARATION_START_TO_NAME$1: loaded 2 times (x 73B)
Class com.amazon.ion.BufferConfiguration                                              : loaded 2 times (x 71B)
Class org.gradle.internal.service.CachingServiceLocator                               : loaded 2 times (x 80B)
Class org.jetbrains.kotlin.metadata.jvm.JvmModuleProtoBuf$PackageParts$1              : loaded 2 times (x 142B)
Class kotlin.sequences.GeneratorSequence$iterator$1                                   : loaded 2 times (x 77B)
Class org.jetbrains.kotlin.scripting.definitions.ScriptCompilationConfigurationFromDefinitionKt: loaded 2 times (x 69B)
Class com.amazon.ion.IonSystem                                                        : loaded 2 times (x 68B)
Class com.google.common.collect.Streams                                               : loaded 2 times (x 69B)
Class org.jetbrains.kotlin.descriptors.impl.ValueParameterDescriptorImpl$WithDestructuringDeclaration: loaded 2 times (x 299B)
Class org.jetbrains.kotlin.descriptors.annotations.AnnotationSplitter                 : loaded 2 times (x 70B)
Class org.jetbrains.kotlin.resolve.scopes.receivers.AbstractReceiverValue             : loaded 2 times (x 78B)
Class org.jetbrains.kotlin.types.DisjointKeysUnionTypeSubstitution                    : loaded 2 times (x 76B)
Class org.jetbrains.kotlin.builtins.CompanionObjectMapping                            : loaded 2 times (x 69B)
Class org.jetbrains.kotlin.descriptors.DescriptorVisibility                           : loaded 2 times (x 76B)
Class org.jetbrains.kotlin.types.model.TypeArgumentMarker                             : loaded 2 times (x 68B)
Class org.jetbrains.kotlin.incremental.components.ExpectActualTracker$DoNothing       : loaded 2 times (x 72B)
Class org.jetbrains.kotlin.psi.KtTryExpression                                        : loaded 2 times (x 439B)
Class org.jetbrains.org.objectweb.asm.ModuleWriter                                    : loaded 2 times (x 79B)
Class org.jetbrains.kotlin.resolve.calls.model.DefaultValueArgument                   : loaded 2 times (x 73B)
Class org.jetbrains.kotlin.resolve.calls.checkers.ImplicitNothingAsTypeParameterCallChecker: loaded 2 times (x 72B)
Class org.jetbrains.kotlin.resolve.calls.checkers.UnderscoreUsageChecker              : loaded 2 times (x 72B)
Class org.jetbrains.kotlin.psi.KtPropertyAccessor                                     : loaded 2 times (x 880B)
Class kotlin.reflect.jvm.internal.impl.name.StandardClassIds                          : loaded 2 times (x 69B)
Class org.gradle.internal.time.Timer                                                  : loaded 2 times (x 68B)
Class [Lorg.jetbrains.kotlin.load.java.AnnotationQualifierApplicabilityType;          : loaded 2 times (x 67B)
Class com.android.builder.model.v2.ide.ArtifactDependenciesAdjacencyList              : loaded 2 times (x 68B)
Class org.jetbrains.kotlin.resolve.calls.model.SingleCallResolutionResult             : loaded 2 times (x 72B)
Class org.jetbrains.kotlin.serialization.deserialization.descriptors.DeserializedClassDescriptor$constructors$1: loaded 2 times (x 77B)
Class com.android.tools.lint.model.LintModelModuleLibrary                             : loaded 2 times (x 68B)
Class org.jetbrains.kotlin.load.java.lazy.descriptors.ClassDeclaredMemberIndex        : loaded 2 times (x 84B)
Class org.jetbrains.kotlin.resolve.calls.model.ResolvedLambdaAtom                     : loaded 2 times (x 83B)
Class org.jetbrains.kotlin.resolve.calls.checkers.NamedFunAsExpressionChecker         : loaded 2 times (x 72B)
Class org.jetbrains.kotlin.resolve.jvm.JvmOverridesBackwardCompatibilityHelper        : loaded 2 times (x 72B)
Class kotlin.jvm.internal.PropertyReference2                                          : loaded 2 times (x 125B)
Class [Lorg.jetbrains.kotlin.types.model.TypeVariance;                                : loaded 2 times (x 67B)
Class org.jetbrains.kotlin.psi.psiUtil.PsiUtilsKt$getPrevSiblingIgnoringWhitespaceAndComments$1: loaded 2 times (x 76B)
Class org.jetbrains.kotlin.resolve.calls.results.OverloadingConflictResolver$SpecificityComparisonWithNumerics$1: loaded 2 times (x 73B)
Class org.jetbrains.kotlin.resolve.calls.inference.components.TrivialConstraintTypeInferenceOracle$Companion: loaded 2 times (x 69B)
Class org.jetbrains.kotlin.resolve.calls.results.ResolutionStatus                     : loaded 2 times (x 77B)
Class org.jetbrains.kotlin.types.expressions.ExpressionTypingFacade                   : loaded 2 times (x 68B)
Class org.jetbrains.kotlin.psi.KtNameReferenceExpression                              : loaded 2 times (x 630B)
Class org.jetbrains.kotlin.load.kotlin.KotlinBinaryClassCache                         : loaded 2 times (x 73B)
Class org.jetbrains.kotlin.resolve.calls.checkers.CompanionInParenthesesLHSCallChecker: loaded 2 times (x 72B)
Class org.jetbrains.plugins.gradle.model.tests.ExternalTestsModel                     : loaded 2 times (x 68B)
Class org.jetbrains.kotlin.idea.gradleTooling.KotlinDslScriptAdditionalTask           : loaded 2 times (x 68B)
Class net.rubygrapefruit.platform.internal.Platform$Linux64Bit                        : loaded 2 times (x 81B)
Class org.jetbrains.kotlin.resolve.constants.IntegerValueTypeConstant                 : loaded 2 times (x 85B)
Class org.jetbrains.kotlin.descriptors.java.JavaVisibilities$PackageVisibility        : loaded 2 times (x 77B)
Class org.jetbrains.kotlin.diagnostics.PositioningStrategies$ModifierSetBasedPositioningStrategy: loaded 2 times (x 74B)
Class [Lorg.jetbrains.kotlin.psi.KtCollectionLiteralExpression;                       : loaded 2 times (x 67B)
Class org.jetbrains.kotlin.resolve.jvm.modules.JavaModuleInfo                         : loaded 2 times (x 70B)
Class org.jetbrains.kotlin.scripting.definitions.ScriptDefinition$FromConfigurations  : loaded 2 times (x 113B)
Class org.jetbrains.kotlin.protobuf.FieldSet$FieldDescriptorLite                      : loaded 2 times (x 68B)
Class org.jetbrains.plugins.gradle.tooling.util.ObjectCollector                       : loaded 2 times (x 70B)
Class kotlin.collections.AbstractMutableMap                                           : loaded 2 times (x 126B)
Class org.jetbrains.kotlin.util.ProgressManagerBasedCancellationChecker               : loaded 2 times (x 72B)
Class org.jetbrains.kotlin.storage.LockBasedStorageManager$CacheWithNullableValuesBasedOnMemoizedFunction$1: loaded 2 times (x 74B)
Class org.objectweb.asm.Handle                                                        : loaded 2 times (x 70B)
Class org.jetbrains.kotlin.metadata.ProtoBuf$Type$Argument$Projection$1               : loaded 2 times (x 72B)
Class org.jetbrains.kotlin.psi.stubs.elements.KtConstantExpressionElementType$Companion: loaded 2 times (x 69B)
Class kotlin.collections.builders.MapBuilder$KeysItr                                  : loaded 2 times (x 79B)
Class org.jetbrains.kotlin.resolve.calls.tower.ErrorCandidate$Classifier              : loaded 2 times (x 70B)
Class org.jetbrains.kotlin.types.DescriptorSubstitutor                                : loaded 2 times (x 69B)
Class org.jetbrains.kotlin.cli.jvm.compiler.CliVirtualFileFinder$findBinaryOrSigClass$1: loaded 2 times (x 77B)
Class org.jetbrains.kotlin.types.checker.SimpleClassicTypeSystemContext               : loaded 2 times (x 750B)
Class org.jetbrains.kotlin.types.WrappedType                                          : loaded 2 times (x 83B)
Class org.jetbrains.kotlin.diagnostics.PositioningStrategies$FUN_INTERFACE$1          : loaded 2 times (x 72B)
Class org.jetbrains.kotlin.resolve.jvm.checkers.PolymorphicSignatureCallChecker       : loaded 2 times (x 72B)
Class org.jetbrains.kotlin.psi.KtObjectDeclaration                                    : loaded 2 times (x 1097B)
Class org.jetbrains.kotlin.util.slicedMap.Slices$1                                    : loaded 2 times (x 73B)
Class org.jetbrains.kotlin.types.expressions.DoubleColonLHS$Expression                : loaded 2 times (x 71B)
Class [Lorg.jetbrains.kotlin.renderer.ParameterNameRenderingPolicy;                   : loaded 2 times (x 67B)
Class com.android.utils.SdkUtils                                                      : loaded 2 times (x 69B)
Class org.jetbrains.kotlin.scripting.definitions.ScriptDefinition$FromConfigurationsBase$legacyDefinition$2: loaded 2 times (x 77B)
Class org.jetbrains.kotlin.types.checker.KotlinTypeChecker                            : loaded 2 times (x 68B)
Class org.jetbrains.kotlin.diagnostics.PositioningStrategies$FindReferencePositioningStrategy: loaded 2 times (x 72B)
Class kotlin.script.experimental.host.GetScriptingClass                               : loaded 2 times (x 68B)
Class com.android.SdkConstants                                                        : loaded 2 times (x 69B)
Class com.android.tools.lint.model.LintModelArtifactType                              : loaded 2 times (x 77B)
Class com.google.common.collect.AbstractMapBasedMultimap$AsMap                        : loaded 2 times (x 126B)
Class org.gradle.internal.classpath.DefaultClassPath                                  : loaded 2 times (x 88B)
Class org.jetbrains.kotlin.resolve.scopes.receivers.ExtensionReceiver                 : loaded 2 times (x 83B)
Class org.jetbrains.kotlin.builtins.jvm.JavaToKotlinClassMap                          : loaded 2 times (x 69B)
Class org.jetbrains.kotlin.resolve.lazy.descriptors.ClassResolutionScopesSupport$inheritanceScopeWithoutMe$1: loaded 2 times (x 77B)
Class org.jetbrains.kotlin.descriptors.NotFoundClasses                                : loaded 2 times (x 70B)
Class org.jetbrains.kotlin.descriptors.CallableMemberDescriptor$Kind                  : loaded 2 times (x 77B)
Class org.jetbrains.kotlin.psi.KtTypeParameterListOwnerNotStubbed                     : loaded 2 times (x 924B)
Class kotlin.reflect.jvm.internal.KDeclarationContainerImpl$Data                      : loaded 2 times (x 70B)
Class org.jetbrains.kotlin.fir.extensions.FirExtensionRegistrarAdapter                : loaded 2 times (x 69B)
Class org.jetbrains.kotlin.metadata.jvm.deserialization.JvmNameResolverBase           : loaded 2 times (x 78B)
Class org.jetbrains.kotlin.resolve.jvm.multiplatform.OptionalAnnotationPackageFragmentProvider$packages$2: loaded 2 times (x 77B)
Class org.jetbrains.kotlin.resolve.calls.context.CallCandidateResolutionContext       : loaded 2 times (x 83B)
Class org.jetbrains.kotlin.psi.codeFragmentUtil.CodeFragmentUtilKt                    : loaded 2 times (x 69B)
Class org.jetbrains.kotlin.resolve.lazy.LazyImportResolverForKtImportDirective        : loaded 2 times (x 74B)
Class [Lorg.jetbrains.kotlin.name.State;                                              : loaded 2 times (x 67B)
Class org.jetbrains.kotlin.resolve.jvm.checkers.JvmReflectionAPICallChecker$isWholeReflectionApiAvailable$2: loaded 2 times (x 77B)
Class org.jetbrains.kotlin.util.ArrayMap                                              : loaded 2 times (x 81B)
Class org.jetbrains.kotlin.descriptors.Visibilities$Private                           : loaded 2 times (x 77B)
Class kotlin.script.experimental.api.ScriptIdeConfigurationKt                         : loaded 2 times (x 69B)
Class org.jetbrains.kotlin.load.java.NullabilityAnnotationStatesImpl                  : loaded 2 times (x 73B)
Class org.jetbrains.kotlin.cli.jvm.config.JavaSourceRoot                              : loaded 2 times (x 75B)
Class com.google.common.collect.MapMakerInternalMap$1                                 : loaded 2 times (x 81B)
Class org.jetbrains.kotlin.resolve.QualifierPosition                                  : loaded 2 times (x 77B)
Class org.jetbrains.kotlin.resolve.QualifiedExpressionResolver$QualifierPart          : loaded 2 times (x 72B)
Class org.jetbrains.kotlin.types.error.ErrorPropertyDescriptor                        : loaded 2 times (x 323B)
Class org.jetbrains.kotlin.resolve.checkers.ExplicitApiDeclarationChecker$Companion   : loaded 2 times (x 69B)
Class org.jetbrains.kotlin.load.kotlin.KotlinClassFinder$Result$KotlinClass           : loaded 2 times (x 70B)
Class org.jetbrains.kotlin.serialization.deserialization.descriptors.DeserializedTypeParameterDescriptor: loaded 2 times (x 165B)
Class org.jetbrains.kotlin.container.StorageComponentContainer                        : loaded 2 times (x 84B)
Class org.jetbrains.kotlin.psi.KtDotQualifiedExpression                               : loaded 2 times (x 571B)
Class org.jetbrains.kotlin.psi.stubs.KotlinStubWithFqName                             : loaded 2 times (x 68B)
Class org.jetbrains.kotlin.resolve.calls.util.IsFromStdlibJre7Or8Kt                   : loaded 2 times (x 69B)
Class org.jetbrains.kotlin.load.java.SpecialGenericSignatures                         : loaded 2 times (x 69B)
Class [Lorg.jetbrains.kotlin.metadata.ProtoBuf$Annotation$Argument$Value$Type;        : loaded 2 times (x 67B)
Class [Lorg.jetbrains.kotlin.psi.KtContextReceiver;                                   : loaded 2 times (x 67B)
Class org.jetbrains.kotlin.load.kotlin.JvmType$Companion                              : loaded 2 times (x 69B)
Class org.jetbrains.kotlin.load.java.typeEnhancement.PredefinedEnhancementInfoKt$PREDEFINED_FUNCTION_ENHANCEMENT_INFO_BY_SIGNATURE$1$1$11$1: loaded 2 times (x 77B)
Class org.jetbrains.kotlin.resolve.lazy.declarations.FileBasedPackageMemberDeclarationProvider$allDeclaredSubPackages$1: loaded 2 times (x 77B)
Class org.jetbrains.kotlin.resolve.jvm.JvmPlatformAnnotationFeaturesSupport           : loaded 2 times (x 73B)
Class org.jetbrains.kotlin.resolve.calls.checkers.CoroutineSuspendCallChecker         : loaded 2 times (x 72B)
Class kotlin.reflect.jvm.internal.ReflectProperties$LazySoftVal                       : loaded 2 times (x 76B)
Class org.jetbrains.kotlin.load.java.typeEnhancement.TypeComponentPositionKt          : loaded 2 times (x 69B)
Class org.jetbrains.kotlin.renderer.ParameterNameRenderingPolicy                      : loaded 2 times (x 77B)
Class [Lorg.jetbrains.kotlin.psi.KtDelegatedSuperTypeEntry;                           : loaded 2 times (x 67B)
Class org.jetbrains.plugins.gradle.model.ExternalProject                              : loaded 2 times (x 68B)
Class org.jetbrains.kotlin.load.kotlin.SignatureBuildingComponents$jvmDescriptor$1    : loaded 2 times (x 76B)
Class org.jetbrains.kotlin.resolve.calls.tower.NewResolutionOldInference$ResolutionKind$Function: loaded 2 times (x 70B)
Class org.jetbrains.kotlin.resolve.scopes.receivers.DetailedReceiver                  : loaded 2 times (x 68B)
Class org.jetbrains.kotlin.builtins.functions.FunctionTypeKind$KFunction              : loaded 2 times (x 74B)
Class org.jetbrains.kotlin.diagnostics.PositioningStrategies$SECONDARY_CONSTRUCTOR_DELEGATION_CALL$1: loaded 2 times (x 72B)
Class kotlin.reflect.jvm.internal.KClassImpl$Data$objectInstance$2                    : loaded 2 times (x 77B)
Class org.jetbrains.kotlin.asJava.KotlinAsJavaSupport                                 : loaded 2 times (x 87B)
Class com.android.tools.lint.model.DefaultLintModelAndroidArtifact                    : loaded 2 times (x 89B)
Class org.gradle.internal.impldep.gnu.trove.TObjectHash$NULL                          : loaded 2 times (x 69B)
Class org.jetbrains.kotlin.resolve.calls.inference.model.NewConstraintSystemImpl      : loaded 2 times (x 1286B)
Class com.intellij.openapi.externalSystem.model.project.IExternalSystemSourceType     : loaded 2 times (x 68B)
Class org.jetbrains.kotlin.resolve.checkers.ExpectedActualDeclarationChecker$Companion: loaded 2 times (x 69B)
Class org.jetbrains.kotlin.renderer.DescriptorRendererOptionsImpl                     : loaded 2 times (x 172B)
Class org.jetbrains.kotlin.metadata.ProtoBuf$QualifiedNameTable                       : loaded 2 times (x 105B)
Class kotlin.jvm.internal.PropertyReference1                                          : loaded 2 times (x 125B)
Class com.intellij.gradle.toolingExtension.impl.model.dependencyDownloadPolicyModel.DefaultGradleDependencyDownloadPolicy: loaded 2 times (x 75B)
Class com.google.common.util.concurrent.AbstractFuture$SetFuture                      : loaded 2 times (x 73B)
Class org.jetbrains.kotlin.load.java.JavaClassFinder                                  : loaded 2 times (x 68B)
Class org.jetbrains.kotlin.renderer.DescriptorRenderer$Companion$FQ_NAMES_IN_TYPES$1  : loaded 2 times (x 76B)
Class [Lorg.jetbrains.kotlin.psi.KtStringTemplateExpression;                          : loaded 2 times (x 67B)
Class org.jetbrains.kotlin.serialization.deserialization.ClassDeserializer$classes$1  : loaded 2 times (x 77B)
Class org.jetbrains.kotlin.types.expressions.BasicExpressionTypingVisitor$1StringTemplateVisitor: loaded 2 times (x 302B)
Class org.jetbrains.kotlin.descriptors.annotations.FilteredAnnotations                : loaded 2 times (x 84B)
Class org.jetbrains.kotlin.types.expressions.FakeCallResolver$RealExpression          : loaded 2 times (x 70B)
Class org.jetbrains.kotlin.descriptors.impl.ModuleDependenciesImpl                    : loaded 2 times (x 76B)
Class org.jetbrains.kotlin.load.java.typeEnhancement.NullabilityQualifier             : loaded 2 times (x 77B)
Class com.amazon.ion.impl.bin.utf8.Pool$Allocator                                     : loaded 2 times (x 68B)
Class org.jetbrains.plugins.gradle.tooling.serialization.GradleExtensionsSerializationService$ReadContext: loaded 2 times (x 70B)
Class kotlin.jvm.internal.PropertyReference0                                          : loaded 2 times (x 125B)
Class [Lcom.android.tools.lint.model.LintModelModuleType;                             : loaded 2 times (x 67B)
Class org.jetbrains.plugins.gradle.tooling.serialization.internal.IdeaProjectSerializationService: loaded 2 times (x 75B)
Class [Lorg.jetbrains.kotlin.resolve.calls.results.ResolutionStatus;                  : loaded 2 times (x 67B)
Class [Lorg.jetbrains.kotlin.resolve.calls.context.CheckArgumentTypesMode;            : loaded 2 times (x 67B)
Class org.jetbrains.kotlin.resolve.ExposedVisibilityChecker                           : loaded 2 times (x 70B)
Class org.jetbrains.kotlin.storage.LockBasedLazyResolveStorageManager$LockProtectedContext: loaded 2 times (x 79B)
Class com.android.tools.lint.model.LintModelVariant                                   : loaded 2 times (x 68B)
Class [Lorg.jetbrains.kotlin.descriptors.DeclarationDescriptorNonRoot;                : loaded 2 times (x 67B)
Class org.jetbrains.kotlin.resolve.jvm.JavaDescriptorResolver                         : loaded 2 times (x 70B)
Class [Lorg.jetbrains.kotlin.descriptors.annotations.Annotated;                       : loaded 2 times (x 67B)
Class org.jetbrains.kotlin.descriptors.SupertypeLoopChecker                           : loaded 2 times (x 68B)
Class org.jetbrains.kotlin.resolve.deprecation.DeprecationResolver$DeprecationInfo    : loaded 2 times (x 70B)
Class org.jetbrains.kotlin.psi.stubs.elements.KtCollectionLiteralExpressionElementType: loaded 2 times (x 98B)
Class org.gradle.internal.impldep.gnu.trove.TObjectIntHashMap                         : loaded 2 times (x 107B)
Class org.gradle.tooling.model.idea.IdeaProject                                       : loaded 2 times (x 68B)
Class org.jetbrains.org.objectweb.asm.tree.VarInsnNode                                : loaded 2 times (x 77B)
Class org.jetbrains.kotlin.protobuf.ExtensionRegistryLite                             : loaded 2 times (x 72B)
Class kotlin.collections.builders.MapBuilder$Itr                                      : loaded 2 times (x 70B)
Class com.amazon.ion.impl.SymbolTableAsStruct                                         : loaded 2 times (x 68B)
Class org.jetbrains.kotlin.util.IsKPropertyCheck                                      : loaded 2 times (x 74B)
Class org.jetbrains.kotlin.resolve.calls.tower.NewResolutionOldInference              : loaded 2 times (x 70B)
Class org.jetbrains.kotlin.serialization.deserialization.descriptors.DeserializedMemberScope$Implementation: loaded 2 times (x 68B)
Class org.jetbrains.kotlin.types.checker.NewKotlinTypeChecker                         : loaded 2 times (x 68B)
Class org.jetbrains.kotlin.resolve.calls.checkers.DslScopeViolationCallChecker        : loaded 2 times (x 72B)
Class org.jetbrains.kotlin.cli.jvm.modules.JavaModuleGraph                            : loaded 2 times (x 70B)
Class org.jetbrains.kotlin.resolve.calls.model.MutableResolvedCall                    : loaded 2 times (x 68B)
Class org.jetbrains.kotlin.psi.KtLiteralStringTemplateEntry                           : loaded 2 times (x 442B)
Class kotlin.script.experimental.api.ScriptEvaluationKt                               : loaded 2 times (x 69B)
Class org.jetbrains.kotlin.load.java.typeEnhancement.TypeEnhancementInfo              : loaded 2 times (x 70B)
Class org.jetbrains.kotlin.cli.jvm.compiler.TopDownAnalyzerFacadeForJVM$SourceOrBinaryModuleClassResolver: loaded 2 times (x 73B)
Class com.android.builder.model.v2.ide.ProjectInfo                                    : loaded 2 times (x 68B)
Class org.jetbrains.kotlin.types.TypeCheckerState                                     : loaded 2 times (x 74B)
Class [Lorg.jetbrains.kotlin.descriptors.DescriptorVisibility;                        : loaded 2 times (x 67B)
Class org.jetbrains.kotlin.renderer.KeywordStringsGenerated                           : loaded 2 times (x 69B)
Class org.jetbrains.kotlin.descriptors.CallableMemberDescriptor                       : loaded 2 times (x 68B)
Class org.jetbrains.kotlin.container.ComponentStorage                                 : loaded 2 times (x 73B)
Class com.android.tools.lint.model.LintModelBuildFeatures                             : loaded 2 times (x 68B)
Class org.gradle.tooling.model.Element                                                : loaded 2 times (x 68B)
Class org.jetbrains.kotlin.types.FlexibleTypesKt                                      : loaded 2 times (x 69B)
Class org.jetbrains.kotlin.types.model.CapturedTypeConstructorMarker                  : loaded 2 times (x 68B)
Class org.jetbrains.kotlin.config.AnalysisFlag$Delegates$Boolean                      : loaded 2 times (x 69B)
Class org.jetbrains.kotlin.load.kotlin.JvmPackagePartProviderBase$allPackageNames$2   : loaded 2 times (x 77B)
Class org.jetbrains.kotlin.serialization.deserialization.AnnotationAndConstantLoaderImpl: loaded 2 times (x 96B)
Class [Lorg.jetbrains.kotlin.psi.KtTypeParameter;                                     : loaded 2 times (x 67B)
Class org.jetbrains.kotlin.load.java.components.JavaRetentionAnnotationDescriptor     : loaded 2 times (x 85B)
Class com.android.builder.model.v2.ide.PrivacySandboxSdkInfo                          : loaded 2 times (x 68B)
Class org.jetbrains.org.objectweb.asm.tree.LineNumberNode                             : loaded 2 times (x 77B)
Class org.jetbrains.kotlin.types.typesApproximation.CapturedTypeApproximationKt       : loaded 2 times (x 69B)
Class org.jetbrains.kotlin.resolve.calls.model.ResolvedCallArgument$DefaultArgument   : loaded 2 times (x 70B)
Class org.jetbrains.kotlin.types.checker.ClassicTypeCheckerStateKt                    : loaded 2 times (x 69B)
Class org.jetbrains.kotlin.protobuf.InvalidProtocolBufferException                    : loaded 2 times (x 82B)
Class kotlin.annotation.MustBeDocumented                                              : loaded 2 times (x 68B)
Class org.jetbrains.kotlin.psi.KtLoopExpression                                       : loaded 2 times (x 438B)
Class [Lcom.amazon.ion.impl.bin.IonManagedBinaryWriter$SymbolState;                   : loaded 2 times (x 67B)
Class org.gradle.tooling.internal.adapter.ProtocolToModelAdapter$SafeMethodInvoker    : loaded 2 times (x 74B)
Class org.jetbrains.kotlin.descriptors.annotations.KotlinTarget$Companion             : loaded 2 times (x 69B)
Class org.jetbrains.kotlin.metadata.ProtoBuf$Effect$EffectType                        : loaded 2 times (x 80B)
Class org.jetbrains.kotlin.resolve.calls.model.SimpleKotlinCallArgument               : loaded 2 times (x 68B)
Class org.jetbrains.kotlin.types.TypeAttributes$Companion                             : loaded 2 times (x 71B)
Class kotlin.reflect.jvm.internal.impl.utils.CollectionsKt                            : loaded 2 times (x 69B)
Class com.android.builder.model.v2.ide.ViewBindingOptions                             : loaded 2 times (x 68B)
Class org.jetbrains.kotlin.scripting.compiler.plugin.ScriptingCompilerConfigurationExtensionKt: loaded 2 times (x 69B)
Class kotlin.reflect.jvm.internal.KPropertyImpl                                       : loaded 2 times (x 113B)
Class org.jetbrains.kotlin.idea.gradleTooling.model.kapt.KaptGradleModel              : loaded 2 times (x 68B)
Class com.amazon.ion.IonLob                                                           : loaded 2 times (x 68B)
Class com.google.common.collect.TransformedIterator                                   : loaded 2 times (x 78B)
Class [Lorg.jetbrains.kotlin.resolve.calls.model.ArgumentMatchStatus;                 : loaded 2 times (x 67B)
Class org.jetbrains.kotlin.resolve.bindingContextUtil.BindingContextUtilsKt           : loaded 2 times (x 69B)
Class com.android.resources.ResourceType$Kind                                         : loaded 2 times (x 77B)
Class org.jetbrains.kotlin.resolve.deprecation.DeprecationInfo                        : loaded 2 times (x 77B)
Class org.jetbrains.kotlin.KtNodeType                                                 : loaded 2 times (x 74B)
Class [Lorg.jetbrains.kotlin.load.java.typeEnhancement.JavaTypeQualifiers;            : loaded 2 times (x 67B)
Class org.jetbrains.kotlin.storage.LockBasedLazyResolveStorageManager$LockProtectedTrace$record$1: loaded 2 times (x 77B)
Class javaslang.collection.Foldable                                                   : loaded 2 times (x 68B)
Class [Lorg.jetbrains.kotlin.psi.KtImportDirective;                                   : loaded 2 times (x 67B)
Class com.amazon.ion.impl.lite.IonContainerLite                                       : loaded 2 times (x 245B)
Class org.jetbrains.kotlin.storage.LockBasedLazyResolveStorageManager$LockProtectedTrace$record$2: loaded 2 times (x 77B)
Class org.jetbrains.kotlin.resolve.lazy.descriptors.LazyClassMemberScope$_allNames$2  : loaded 2 times (x 77B)
Class org.jetbrains.kotlin.scripting.definitions.ScriptDefinitionsFromClasspathDiscoverySource: loaded 2 times (x 73B)
Class org.jetbrains.kotlin.resolve.scopes.LexicalChainedScope$Companion               : loaded 2 times (x 69B)
Class org.jetbrains.kotlin.util.ReenterableCounter                                    : loaded 2 times (x 71B)
Class org.jetbrains.kotlin.resolve.calls.model.ResolvedCallableReferenceArgumentAtom  : loaded 2 times (x 84B)
Class org.jetbrains.kotlin.types.TypeCheckerState$SupertypesPolicy                    : loaded 2 times (x 70B)
Class org.jetbrains.kotlin.load.kotlin.VirtualFileFinderFactory$SERVICE               : loaded 2 times (x 69B)
Class org.jetbrains.kotlin.protobuf.GeneratedMessageLite                              : loaded 2 times (x 99B)
Class org.jetbrains.kotlin.parsing.DoNotBindAnything                                  : loaded 2 times (x 72B)
Class kotlin.reflect.jvm.internal.impl.builtins.functions.FunctionTypeKind$KSuspendFunction: loaded 2 times (x 70B)
Class com.amazon.ion.impl.bin._Private_IonManagedBinaryWriterBuilder$AllocatorMode$1  : loaded 2 times (x 78B)
Class org.jetbrains.kotlin.resolve.calls.inference.components.TypeVariableDependencyInformationProvider: loaded 2 times (x 70B)
Class org.jetbrains.kotlin.descriptors.ClassOrPackageFragmentDescriptor               : loaded 2 times (x 68B)
Class org.jetbrains.kotlin.mpp.ClassifierSymbolMarker                                 : loaded 2 times (x 68B)
Class org.jetbrains.kotlin.diagnostics.PositioningStrategies$DELEGATED_SUPERTYPE_BY_KEYWORD$1: loaded 2 times (x 72B)
Class com.android.ide.common.gradle.Version$Companion$ParseState$EMPTY                : loaded 2 times (x 72B)
Class com.amazon.ion.impl.bin._Private_IonManagedBinaryWriterBuilder$AllocatorMode$2  : loaded 2 times (x 78B)
Class org.jetbrains.kotlin.storage.LockBasedLazyResolveStorageManager                 : loaded 2 times (x 93B)
Class org.jetbrains.kotlin.descriptors.PropertyAccessorDescriptor                     : loaded 2 times (x 68B)
Class org.jetbrains.kotlin.resolve.calls.checkers.SafeCallChecker                     : loaded 2 times (x 72B)
Class org.jetbrains.kotlin.cli.jvm.compiler.ClasspathRootsResolver$RootsAndModules    : loaded 2 times (x 70B)
Class com.android.sdklib.AndroidVersion                                               : loaded 2 times (x 73B)
Class org.gradle.internal.impldep.gnu.trove.TObjectHash                               : loaded 2 times (x 92B)
Class org.jetbrains.org.objectweb.asm.tree.LocalVariableAnnotationNode                : loaded 2 times (x 79B)
Class [Lorg.jetbrains.kotlin.builtins.UnsignedArrayType;                              : loaded 2 times (x 67B)
Class org.jetbrains.kotlin.resolve.calls.components.TypeArgumentsToParametersMapper   : loaded 2 times (x 69B)
Class org.jetbrains.kotlin.load.java.structure.MapBasedJavaAnnotationOwner            : loaded 2 times (x 68B)
Class [Lorg.jetbrains.kotlin.resolve.extensions.SyntheticResolveExtension;            : loaded 2 times (x 67B)
Class org.jetbrains.kotlin.resolve.lazy.KotlinCodeAnalyzer                            : loaded 2 times (x 68B)
Class [Lcom.amazon.ion.impl.bin.IonRawBinaryWriter$StreamFlushMode;                   : loaded 2 times (x 67B)
Class org.jetbrains.kotlin.load.java.typeEnhancement.PredefinedEnhancementInfoKt$PREDEFINED_FUNCTION_ENHANCEMENT_INFO_BY_SIGNATURE$1$1$1$1: loaded 2 times (x 77B)
Class org.jetbrains.kotlin.resolve.calls.model.StubResolvedAtom                       : loaded 2 times (x 72B)
Class [Lorg.jetbrains.kotlin.resolve.calls.inference.components.ConstraintSystemCompletionMode;: loaded 2 times (x 67B)
Class [Lorg.jetbrains.kotlin.resolve.calls.components.ArgumentsToParametersMapper$CallArgumentProcessor$State;: loaded 2 times (x 67B)
Class kotlin.reflect.KTypeParameter                                                   : loaded 2 times (x 68B)
Class org.jetbrains.kotlin.resolve.descriptorUtil.AnnotationsForResolveUtilsKt        : loaded 2 times (x 69B)
Class org.jetbrains.kotlin.resolve.constants.TypedArrayValue$1                        : loaded 2 times (x 77B)
Class org.jetbrains.kotlin.load.java.components.JavaAnnotationDescriptor$type$2       : loaded 2 times (x 77B)
Class org.jetbrains.kotlin.container.UnresolvedServiceException                       : loaded 2 times (x 80B)
Class org.jetbrains.kotlin.diagnostics.PositioningStrategies$RECEIVER$1               : loaded 2 times (x 73B)
Class org.jetbrains.kotlin.cli.jvm.modules.CliJavaModuleFinder$ctSymFile$2            : loaded 2 times (x 77B)
Class org.jetbrains.kotlin.cli.common.config.ContentRootsKt                           : loaded 2 times (x 69B)
Class kotlin.reflect.jvm.internal.ClassValueCache                                     : loaded 2 times (x 72B)
Class org.jetbrains.kotlin.resolve.extensions.ExtraImportsProviderExtension           : loaded 2 times (x 68B)
Class com.intellij.openapi.externalSystem.model.project.dependencies.ProjectDependencies: loaded 2 times (x 68B)
Class com.intellij.gradle.toolingExtension.util.GradleVersionUtil                     : loaded 2 times (x 69B)
Class com.google.common.reflect.TypeParameter                                         : loaded 2 times (x 70B)
Class org.jetbrains.kotlin.resolve.constants.ArrayValue                               : loaded 2 times (x 74B)
Class org.jetbrains.kotlin.scripting.extensions.ScriptExtraImportsProviderExtension$getExtraImports$lambda$1$$inlined$runReadAction$1: loaded 2 times (x 78B)
Class org.jetbrains.kotlin.resolve.calls.tower.KotlinToResolvedCallTransformer$Companion: loaded 2 times (x 69B)
Class org.jetbrains.kotlin.metadata.ProtoBuf$Visibility$1                             : loaded 2 times (x 72B)
Class com.google.common.io.ByteArrayDataOutput                                        : loaded 2 times (x 68B)
Class kotlin.reflect.jvm.internal.KClassImpl$Data$allNonStaticMembers$2               : loaded 2 times (x 77B)
Class org.jetbrains.kotlin.cli.jvm.config.JvmClasspathRoot                            : loaded 2 times (x 78B)
Class org.jetbrains.org.objectweb.asm.MethodTooLargeException                         : loaded 2 times (x 81B)
Class com.google.common.cache.LocalCache$LocalManualCache$1                           : loaded 2 times (x 73B)
Class org.jetbrains.kotlin.resolve.calls.smartcasts.DataFlowValueKt                   : loaded 2 times (x 69B)
Class org.jetbrains.kotlin.utils.PathUtil                                             : loaded 2 times (x 69B)
Class org.jetbrains.kotlin.resolve.BindingTraceFilter                                 : loaded 2 times (x 69B)
Class [Lorg.jetbrains.kotlin.lexer.KtModifierKeywordToken;                            : loaded 2 times (x 67B)
Class org.jetbrains.kotlin.metadata.builtins.BuiltInsProtoBuf                         : loaded 2 times (x 69B)
Class [Lorg.jetbrains.kotlin.psi.KtScript;                                            : loaded 2 times (x 67B)
Class kotlin.reflect.jvm.internal.impl.builtins.jvm.JavaToKotlinClassMap              : loaded 2 times (x 69B)
Class [Lorg.gradle.api.JavaVersion;                                                   : loaded 2 times (x 67B)
Class org.jetbrains.kotlin.resolve.checkers.DataClassDeclarationChecker               : loaded 2 times (x 72B)
Class kotlin.jvm.JvmClassMappingKt                                                    : loaded 2 times (x 69B)
Class org.jetbrains.kotlin.idea.gradleTooling.PrepareKotlinIdeImportTaskModel         : loaded 2 times (x 68B)
Class org.jetbrains.kotlin.cli.jvm.compiler.JvmPackagePartProvider$addRoots$1         : loaded 2 times (x 77B)
Class org.jetbrains.kotlin.resolve.scopes.receivers.TypeParameterQualifier            : loaded 2 times (x 83B)
Class org.jetbrains.kotlin.load.java.descriptors.PossiblyExternalAnnotationDescriptor : loaded 2 times (x 68B)
Class org.jetbrains.kotlin.resolve.AnalyzerExtensions                                 : loaded 2 times (x 71B)
Class org.jetbrains.kotlin.load.kotlin.AbstractBinaryClassAnnotationLoader            : loaded 2 times (x 96B)
Class org.jetbrains.kotlin.resolve.jvm.JvmAdditionalClassPartsProvider                : loaded 2 times (x 73B)
Class org.jetbrains.kotlin.incremental.components.InlineConstTracker                  : loaded 2 times (x 68B)
Class org.jetbrains.kotlin.parsing.TokenStreamPredicate                               : loaded 2 times (x 68B)
Class org.jetbrains.kotlin.parsing.SemanticWhitespaceAwarePsiBuilderImpl              : loaded 2 times (x 199B)
Class [Lorg.jetbrains.kotlin.psi.KtFileAnnotationList;                                : loaded 2 times (x 67B)
Class org.jetbrains.kotlin.cli.common.extensions.ShellExtension$Companion             : loaded 2 times (x 70B)
Class com.android.tools.lint.model.LintModelArtifact                                  : loaded 2 times (x 68B)
Class org.jetbrains.kotlin.types.checker.NewCapturedTypeKt                            : loaded 2 times (x 69B)
Class org.jetbrains.kotlin.resolve.calls.components.candidate.SimpleResolutionCandidate: loaded 2 times (x 92B)
Class org.jetbrains.kotlin.cli.jvm.compiler.KotlinCliJavaFileManagerImpl$findClasses$1: loaded 2 times (x 77B)
Class org.jetbrains.kotlin.resolve.checkers.InlineParameterChecker                    : loaded 2 times (x 72B)
Class org.jetbrains.kotlin.psi.KtBlockCodeFragmentType                                : loaded 2 times (x 82B)
Class kotlin.reflect.jvm.internal.KClassImpl$data$1                                   : loaded 2 times (x 77B)
Class com.amazon.ion.impl.bin.IonRawBinaryWriter$PreallocationMode                    : loaded 2 times (x 80B)
Class com.google.common.reflect.Types$ClassOwnership$1LocalClass                      : loaded 2 times (x 69B)
Class org.jetbrains.kotlin.types.AbstractTypeRefiner                                  : loaded 2 times (x 70B)
Class org.jetbrains.kotlin.load.kotlin.FacadeClassSource                              : loaded 2 times (x 68B)
Class org.jetbrains.kotlin.resolve.checkers.DynamicReceiverChecker                    : loaded 2 times (x 72B)
Class [Lcom.android.prefs.VariableType;                                               : loaded 2 times (x 67B)
Class org.jetbrains.kotlin.config.JvmAnalysisFlags                                    : loaded 2 times (x 69B)
Class [Lorg.jetbrains.kotlin.resolve.scopes.receivers.Receiver;                       : loaded 2 times (x 67B)
Class org.jetbrains.kotlin.psi.KtImportDirective                                      : loaded 2 times (x 457B)
Class org.gradle.tooling.internal.adapter.TargetTypeProvider                          : loaded 2 times (x 68B)
Class javaslang.collection.List$Nil                                                   : loaded 2 times (x 1125B)
Class org.jetbrains.kotlin.resolve.jvm.SyntheticJavaPartsProvider$Companion           : loaded 2 times (x 69B)
Class org.jetbrains.kotlin.descriptors.NotFoundClasses$packageFragments$1             : loaded 2 times (x 77B)
Class org.jetbrains.kotlin.psi.KtPsiUtil                                              : loaded 2 times (x 69B)
Class org.jetbrains.kotlin.resolve.checkers.ResultClassInReturnTypeChecker            : loaded 2 times (x 72B)
Class com.amazon.ion.impl.bin.IonManagedBinaryWriter$ImportedSymbolContext            : loaded 2 times (x 70B)
Class org.gradle.internal.impldep.com.google.common.base.Preconditions                : loaded 2 times (x 69B)
Class org.jetbrains.kotlin.types.NullableSimpleType                                   : loaded 2 times (x 92B)
Class org.jetbrains.kotlin.load.java.JavaIncompatibilityRulesOverridabilityCondition  : loaded 2 times (x 73B)
Class it.unimi.dsi.fastutil.ints.IntSets                                              : loaded 2 times (x 69B)
Class org.jetbrains.kotlin.diagnostics.PositioningStrategies$AS_TYPE$1                : loaded 2 times (x 72B)
Class [Lorg.jetbrains.kotlin.types.TypeAttributeTranslator;                           : loaded 2 times (x 67B)
Class org.jetbrains.kotlin.idea.gradleTooling.AndroidAwareGradleModelProvider         : loaded 2 times (x 78B)
Class [Lorg.jetbrains.kotlin.types.expressions.ControlStructureTypingUtils$ResolveConstruct;: loaded 2 times (x 67B)
Class org.jetbrains.kotlin.storage.LockBasedStorageManager$LockBasedNotNullLazyValueWithPostCompute: loaded 2 times (x 91B)
Class org.jetbrains.kotlin.resolve.calls.checkers.CallableReferenceCompatibilityChecker: loaded 2 times (x 72B)
Class kotlin.jvm.functions.Function3                                                  : loaded 2 times (x 68B)
Class [Lcom.google.common.collect.AbstractIterator$State;                             : loaded 2 times (x 67B)
Class org.objectweb.asm.SymbolTable$Entry                                             : loaded 2 times (x 72B)
Class [Lcom.google.common.cache.LocalCache$EntryFactory;                              : loaded 2 times (x 67B)
Class org.jetbrains.kotlin.utils.addToStdlib.AddToStdlibKt                            : loaded 2 times (x 69B)
Class org.jetbrains.kotlin.resolve.DelegatingBindingTrace                             : loaded 2 times (x 103B)
Class org.jetbrains.kotlin.parsing.AbstractKotlinParsing$AtSet                        : loaded 2 times (x 76B)
Class org.jetbrains.kotlin.cli.jvm.modules.CliJavaModuleResolver$Companion            : loaded 2 times (x 69B)
Class org.jetbrains.kotlin.resolve.lazy.LazyImportScope                               : loaded 2 times (x 99B)
Class org.jetbrains.kotlin.types.typeUtil.TypeUtilsKt                                 : loaded 2 times (x 69B)
Class kotlin.reflect.jvm.internal.KClassImpl$Data$declaredNonStaticMembers$2          : loaded 2 times (x 77B)
Class org.jetbrains.kotlin.metadata.jvm.JvmProtoBuf$StringTableTypes$Record$Operation$1: loaded 2 times (x 72B)
Class org.jetbrains.kotlin.types.TypeParameterUpperBoundEraser$getErasedUpperBound$1  : loaded 2 times (x 77B)
Class kotlin.jvm.functions.Function5                                                  : loaded 2 times (x 68B)
Class org.jetbrains.kotlin.cli.common.environment.UtilKt                              : loaded 2 times (x 69B)
Class net.rubygrapefruit.platform.internal.jni.NativeLibraryFunctions                 : loaded 2 times (x 69B)
Class org.jetbrains.kotlin.scripting.resolve.LazyScriptDescriptor$scriptPrimaryConstructorWithParams$1: loaded 2 times (x 77B)
Class org.jetbrains.kotlin.resolve.jvm.jvmSignature.KotlinToJvmSignatureMapper        : loaded 2 times (x 68B)
Class org.jetbrains.org.objectweb.asm.Opcodes                                         : loaded 2 times (x 68B)
Class kotlin.jvm.functions.Function6                                                  : loaded 2 times (x 68B)
Class org.jetbrains.kotlin.synthetic.JavaSyntheticPropertiesScope                     : loaded 2 times (x 90B)
Class org.jetbrains.kotlin.serialization.deserialization.descriptors.DeserializedMemberScope$OptimizedImplementation$functionNames$2: loaded 2 times (x 77B)
Class org.jetbrains.kotlin.renderer.DescriptorRendererImpl                            : loaded 2 times (x 184B)
Class kotlin.jvm.functions.Function7                                                  : loaded 2 times (x 68B)
Class com.amazon.ion.IonText                                                          : loaded 2 times (x 68B)
Class org.jetbrains.kotlin.load.java.sam.JavaSingleAbstractMethodUtils$1              : loaded 2 times (x 71B)
Class org.jetbrains.kotlin.resolve.lazy.descriptors.LazyClassMemberScope$generateFakeOverrides$1: loaded 2 times (x 74B)
Class org.jetbrains.kotlin.resolve.calls.util.ResolveArgumentsMode                    : loaded 2 times (x 77B)
Class org.jetbrains.kotlin.resolve.calls.components.BuiltInsProvider                  : loaded 2 times (x 68B)
Class kotlin.jvm.functions.Function8                                                  : loaded 2 times (x 68B)
Class com.android.builder.model.v2.ide.Variant                                        : loaded 2 times (x 68B)
Class org.jetbrains.kotlin.load.java.sam.JavaSingleAbstractMethodUtils$2              : loaded 2 times (x 71B)
Class org.jetbrains.kotlin.types.model.TypeArgumentListMarker                         : loaded 2 times (x 68B)
Class kotlin.jvm.functions.Function9                                                  : loaded 2 times (x 68B)
Class com.android.prefs.Global                                                        : loaded 2 times (x 78B)
Class org.jetbrains.kotlin.platform.SimplePlatform                                    : loaded 2 times (x 73B)
Class [Lorg.jetbrains.kotlin.psi.KtValueArgumentName;                                 : loaded 2 times (x 67B)
Class com.google.common.base.Platform                                                 : loaded 2 times (x 69B)
Class org.jetbrains.kotlin.resolve.calls.tasks.AbstractTracingStrategy                : loaded 2 times (x 116B)
Class org.jetbrains.kotlin.container.ComponentProvider                                : loaded 2 times (x 68B)
Class org.jetbrains.kotlin.resolve.jvm.checkers.SamInterfaceConstructorReferenceCallChecker: loaded 2 times (x 72B)
Class org.jetbrains.kotlin.psi.stubs.elements.KtConstantExpressionElementType         : loaded 2 times (x 98B)
Class org.jetbrains.kotlin.scripting.resolve.ScriptReportSink                         : loaded 2 times (x 68B)
Class com.google.common.base.Suppliers$NonSerializableMemoizingSupplier               : loaded 2 times (x 77B)
Class org.jetbrains.kotlin.resolve.calls.model.EagerCallableReferenceAtom             : loaded 2 times (x 84B)
Class [Lorg.jetbrains.kotlin.types.model.CaptureStatus;                               : loaded 2 times (x 67B)
Class org.jetbrains.kotlin.resolve.scopes.MemberScope$Companion$ALL_NAME_FILTER$1     : loaded 2 times (x 76B)
Class org.jetbrains.kotlin.types.TypeUtils                                            : loaded 2 times (x 69B)
Class kotlin.script.experimental.api.IdeScriptCompilationConfigurationBuilder         : loaded 2 times (x 70B)
Class org.jetbrains.kotlin.resolve.calls.inference.model.MutableConstraintStorage     : loaded 2 times (x 87B)
Class org.jetbrains.kotlin.fileClasses.JvmFileClassInfo                               : loaded 2 times (x 68B)
Class org.jetbrains.kotlin.synthetic.JavaSyntheticPropertiesScope$syntheticPropertyInClass$1: loaded 2 times (x 77B)
Class org.jetbrains.kotlin.types.model.TypeSystemCommonSuperTypesContext              : loaded 2 times (x 68B)
Class org.jetbrains.kotlin.serialization.deserialization.DeserializedPackageFragmentImpl$initialize$1: loaded 2 times (x 77B)
Class org.jetbrains.kotlin.psi.KtFile                                                 : loaded 2 times (x 940B)
Class org.jetbrains.kotlin.resolve.calls.tower.PSIErrorCallInfo                       : loaded 2 times (x 73B)
Class org.jetbrains.kotlin.types.AbstractTypeChecker                                  : loaded 2 times (x 69B)
Class [Lorg.jetbrains.kotlin.descriptors.Substitutable;                               : loaded 2 times (x 67B)
Class org.jetbrains.kotlin.resolve.calls.results.SingleOverloadResolutionResult$WhenMappings: loaded 2 times (x 69B)
Class kotlin.reflect.jvm.internal.KProperty1Impl$delegateSource$1                     : loaded 2 times (x 77B)
Class org.gradle.internal.time.Time                                                   : loaded 2 times (x 69B)
Class com.android.tools.lint.model.LintModelLibraryResolver                           : loaded 2 times (x 68B)
Class [Lorg.jetbrains.kotlin.resolve.calls.tower.NewResolutionOldInference$ResolutionKind;: loaded 2 times (x 67B)
Class org.jetbrains.kotlin.builtins.PlatformSpecificCastChecker$Default               : loaded 2 times (x 72B)
Class org.jetbrains.kotlin.metadata.ProtoBuf$ValueParameterOrBuilder                  : loaded 2 times (x 68B)
Class org.jetbrains.kotlin.cli.jvm.index.JvmDependenciesIndexImpl$traverseDirectoriesInPackage$1$1: loaded 2 times (x 77B)
Class org.jetbrains.kotlin.resolve.lazy.descriptors.LazyClassMemberScope$primaryConstructor$1: loaded 2 times (x 77B)
Class javaslang.λ                                                                    : loaded 2 times (x 68B)
Class org.jetbrains.kotlin.resolve.VariableTypeAndInitializerResolver$Companion       : loaded 2 times (x 69B)
Class org.jetbrains.kotlin.resolve.calls.tower.KotlinResolutionStatelessCallbacksImpl : loaded 2 times (x 85B)
Class [Lorg.jetbrains.kotlin.psi.KtElementImplStub;                                   : loaded 2 times (x 67B)
Class org.jetbrains.kotlin.storage.MemoizedFunctionToNullable                         : loaded 2 times (x 68B)
Class com.android.prefs.PathLocator$WhenMappings                                      : loaded 2 times (x 69B)
Class org.jetbrains.kotlin.types.checker.NewTypeVariableConstructor                   : loaded 2 times (x 68B)
Class org.jetbrains.kotlin.container.UnresolvedDependenciesException                  : loaded 2 times (x 80B)
Class org.jetbrains.kotlin.resolve.calls.components.candidate.SimpleErrorResolutionCandidate: loaded 2 times (x 92B)
Class org.jetbrains.kotlin.types.CustomTypeParameter                                  : loaded 2 times (x 68B)
Class org.jetbrains.kotlin.descriptors.MemberDescriptor                               : loaded 2 times (x 68B)
Class com.android.builder.model.v2.ide.SourceProvider                                 : loaded 2 times (x 68B)
Class org.jetbrains.kotlin.resolve.calls.tower.ScopeTowerProcessorsKt$createSimpleFunctionProcessor$1: loaded 2 times (x 77B)
Class org.jetbrains.kotlin.load.java.typeEnhancement.SignatureEnhancement$containsFunctionN$1: loaded 2 times (x 76B)
Class org.jetbrains.kotlin.load.java.descriptors.JavaPropertyDescriptor               : loaded 2 times (x 422B)
Class org.jetbrains.kotlin.serialization.deserialization.descriptors.DeserializedClassDescriptor$memberScopeHolder$1: loaded 2 times (x 123B)
Class [Lorg.jetbrains.kotlin.extensions.StorageComponentContainerContributor;         : loaded 2 times (x 67B)
Class org.jetbrains.kotlin.load.java.SpecialGenericSignatures$Companion$NameAndSignature: loaded 2 times (x 70B)
Class org.jetbrains.kotlin.resolve.scopes.receivers.ImplicitReceiver                  : loaded 2 times (x 68B)
Class kotlin.reflect.jvm.internal.CachesKt                                            : loaded 2 times (x 69B)
Class org.jetbrains.kotlin.load.java.BuiltinSpecialPropertiesKt                       : loaded 2 times (x 69B)
Class [Lorg.jetbrains.kotlin.util.slicedMap.ReadOnlySlice;                            : loaded 2 times (x 67B)
Class it.unimi.dsi.fastutil.ints.IntSpliterator                                       : loaded 2 times (x 68B)
Class org.jetbrains.kotlin.resolve.calls.util.CallMaker$CallImpl                      : loaded 2 times (x 96B)
Class [Lorg.jetbrains.kotlin.psi.KtClassOrObject;                                     : loaded 2 times (x 67B)
Class org.jetbrains.kotlin.psi.stubs.elements.KtSecondaryConstructorElementType       : loaded 2 times (x 105B)
Class org.gradle.internal.time.TimeSource$1                                           : loaded 2 times (x 75B)
Class org.jetbrains.kotlin.resolve.calls.components.TypeArgumentsToParametersMapper$TypeArgumentsMapping$NoExplicitArguments: loaded 2 times (x 79B)
Class org.jetbrains.kotlin.resolve.calls.components.NoArguments                       : loaded 2 times (x 71B)
Class org.jetbrains.kotlin.lexer.KtToken                                              : loaded 2 times (x 73B)
Class org.jetbrains.kotlin.idea.gradleTooling.model.samWithReceiver.SamWithReceiverModel: loaded 2 times (x 68B)
Class org.jetbrains.kotlin.resolve.AnnotationTargetLists$T_LOCAL_VARIABLE$1           : loaded 2 times (x 76B)
Class [Lorg.jetbrains.kotlin.resolve.scopes.LexicalScopeKind;                         : loaded 2 times (x 67B)
Class org.jetbrains.kotlin.resolve.lazy.LazyEntity                                    : loaded 2 times (x 68B)
Class org.jetbrains.kotlin.psi.KtNameReferenceExpression$Companion                    : loaded 2 times (x 69B)
Class org.jetbrains.kotlin.descriptors.Named                                          : loaded 2 times (x 68B)
Class org.jetbrains.kotlin.load.kotlin.KotlinBinaryClassCache$Companion               : loaded 2 times (x 69B)
Class org.jetbrains.kotlin.cli.jvm.compiler.EnvironmentConfigFiles                    : loaded 2 times (x 77B)
Class org.jetbrains.kotlin.util.MemberKindCheck$Member                                : loaded 2 times (x 78B)
Class org.jetbrains.kotlin.descriptors.Visibilities                                   : loaded 2 times (x 69B)
Class org.jetbrains.kotlin.scripting.definitions.StandardScriptDefinition             : loaded 2 times (x 109B)
Class org.jetbrains.kotlin.load.java.NullabilityAnnotationStates                      : loaded 2 times (x 68B)
Class org.jetbrains.kotlin.types.error.ErrorModuleDescriptor$builtIns$2               : loaded 2 times (x 76B)
Class org.jetbrains.kotlin.diagnostics.PositioningStrategies$DECLARATION_SIGNATURE_OR_DEFAULT$1: loaded 2 times (x 72B)
Class org.jetbrains.kotlin.psi.KtWhenCondition                                        : loaded 2 times (x 374B)
Class kotlin.reflect.jvm.internal.CacheByClass                                        : loaded 2 times (x 71B)
Class kotlin.sequences.EmptySequence                                                  : loaded 2 times (x 76B)
Class [Lorg.jetbrains.kotlin.metadata.ProtoBuf$Expression$ConstantValue;              : loaded 2 times (x 67B)
Class org.jetbrains.kotlin.cli.jvm.modules.CoreJrtFileSystem$Companion$globalJrtFsCache$1: loaded 2 times (x 76B)
Class org.jetbrains.kotlin.serialization.deserialization.ProtoEnumFlags               : loaded 2 times (x 69B)
Class org.jetbrains.kotlin.resolve.calls.components.TypeArgumentsToParametersMapper$TypeArgumentsMapping: loaded 2 times (x 79B)
Class org.jetbrains.kotlin.config.JvmAnalysisFlags$sanitizeParentheses$2              : loaded 2 times (x 125B)
Class [Lorg.jetbrains.kotlin.psi.KtClassInitializer;                                  : loaded 2 times (x 67B)
Class kotlin.reflect.jvm.internal.KClassImpl$Data$descriptor$2                        : loaded 2 times (x 77B)
Class [Lorg.jetbrains.kotlin.psi.KtTypeParameterListOwner;                            : loaded 2 times (x 67B)
Class com.android.tools.lint.model.LintModelLibrary                                   : loaded 2 times (x 68B)
Class com.amazon.ion.IonSequence                                                      : loaded 2 times (x 68B)
Class com.google.common.io.Resources$UrlByteSource                                    : loaded 2 times (x 83B)
Class org.jetbrains.kotlin.resolve.checkers.OptInUsageChecker$OptInFactoryBasedReporter: loaded 2 times (x 73B)
Class org.jetbrains.kotlin.resolve.jvm.checkers.InlinePlatformCompatibilityChecker    : loaded 2 times (x 73B)
Class org.jetbrains.kotlin.diagnostics.PositioningStrategies$FIELD_KEYWORD$1          : loaded 2 times (x 73B)
Class org.jetbrains.plugins.gradle.tooling.serialization.RepositoriesModelSerializationService$WriteContext: loaded 2 times (x 70B)
Class org.jetbrains.kotlin.resolve.calls.checkers.AdditionalTypeChecker               : loaded 2 times (x 68B)
Class org.jetbrains.kotlin.load.java.sam.JavaBasedSamConversionResolver               : loaded 2 times (x 72B)
Class org.jetbrains.kotlin.load.java.typeEnhancement.PredefinedEnhancementInfoKt$PREDEFINED_FUNCTION_ENHANCEMENT_INFO_BY_SIGNATURE$1$1$10$1: loaded 2 times (x 77B)
Class org.jetbrains.kotlin.util.ValueParameterCountCheck$NoValueParameters            : loaded 2 times (x 78B)
Class org.jetbrains.kotlin.resolve.lazy.LazyImportScope$FilteringKind                 : loaded 2 times (x 77B)
Class org.jetbrains.kotlin.descriptors.Visibilities$Public                            : loaded 2 times (x 77B)
Class org.jetbrains.kotlin.cli.jvm.modules.CliJavaModuleFinder$systemModules$1        : loaded 2 times (x 123B)
Class org.jetbrains.kotlin.resolve.scopes.TraceBasedLocalRedeclarationChecker         : loaded 2 times (x 76B)
Class com.google.common.collect.LinkedHashMultimap                                    : loaded 2 times (x 173B)
Class org.jetbrains.kotlin.metadata.jvm.JvmProtoBuf$JvmMethodSignatureOrBuilder       : loaded 2 times (x 68B)
Class org.jetbrains.kotlin.serialization.deserialization.TypeDeserializer$typeAliasDescriptors$1: loaded 2 times (x 77B)
Class org.jetbrains.kotlin.psi.stubs.elements.KtTypeProjectionElementType             : loaded 2 times (x 101B)
Class kotlin.reflect.jvm.internal.KClassImpl$Data$annotations$2                       : loaded 2 times (x 77B)
Class org.jetbrains.kotlin.codegen.extensions.ClassBuilderInterceptorExtension$Companion: loaded 2 times (x 70B)
Class com.google.common.reflect.TypeResolver$TypeTable$1                              : loaded 2 times (x 71B)
Class org.jetbrains.kotlin.resolve.jvm.checkers.MissingBuiltInDeclarationChecker$ClassifierUsage: loaded 2 times (x 72B)
Class kotlin.collections.CharIterator                                                 : loaded 2 times (x 80B)
Class org.jetbrains.kotlin.config.AnalysisFlags$extendedCompilerChecks$2              : loaded 2 times (x 125B)
Class kotlin.Triple                                                                   : loaded 2 times (x 70B)
Class org.jetbrains.kotlin.metadata.ProtoBuf$Annotation$Builder                       : loaded 2 times (x 134B)
Class kotlin.sequences.GeneratorSequence                                              : loaded 2 times (x 73B)
Class org.jetbrains.kotlin.load.java.descriptors.JavaClassDescriptor                  : loaded 2 times (x 68B)
Class org.jetbrains.kotlin.resolve.checkers.OptInUsageChecker$Overrides               : loaded 2 times (x 73B)
Class org.jetbrains.kotlin.descriptors.impl.PackageFragmentDescriptorImpl             : loaded 2 times (x 138B)
Class [Lorg.jetbrains.kotlin.resolve.checkers.DeclarationChecker;                     : loaded 2 times (x 67B)
Class org.jetbrains.kotlin.psi.stubs.elements.KtValueArgumentElementType              : loaded 2 times (x 98B)
Class [Lorg.jetbrains.kotlin.psi.KtDeclaration;                                       : loaded 2 times (x 67B)
Class org.jetbrains.kotlin.scripting.definitions.LazyClasspathWithClassLoader         : loaded 2 times (x 74B)
Class org.jetbrains.kotlin.types.FlexibleTypeImpl$Companion                           : loaded 2 times (x 69B)
Class org.jetbrains.kotlin.load.java.structure.JavaMethod                             : loaded 2 times (x 68B)
Class org.jetbrains.kotlin.load.java.components.JavaPropertyInitializerEvaluatorImpl  : loaded 2 times (x 72B)
Class org.jetbrains.kotlin.serialization.deserialization.ContractDeserializer         : loaded 2 times (x 68B)
Class [Lorg.jetbrains.kotlin.psi.KtIntersectionType;                                  : loaded 2 times (x 67B)
Class io.opentelemetry.api.trace.SpanBuilder                                          : loaded 2 times (x 68B)
Class org.jetbrains.kotlin.load.kotlin.JvmType$Primitive                              : loaded 2 times (x 70B)
Class org.jetbrains.kotlin.resolve.OverridingUtilTypeSystemContext                    : loaded 2 times (x 751B)
Class org.jetbrains.kotlin.descriptors.SimpleFunctionDescriptor                       : loaded 2 times (x 68B)
Class org.jetbrains.kotlin.resolve.calls.smartcasts.DataFlowValueFactory              : loaded 2 times (x 68B)
Class [Lorg.jetbrains.kotlin.psi.KtClass;                                             : loaded 2 times (x 67B)
Class org.jetbrains.kotlin.asJava.LightClassGenerationSupport$Companion               : loaded 2 times (x 69B)
Class com.google.common.cache.CacheLoader                                             : loaded 2 times (x 72B)
Class [Lorg.jetbrains.kotlin.builtins.jvm.JavaToKotlinClassMap$PlatformMutabilityMapping;: loaded 2 times (x 67B)
Class org.jetbrains.kotlin.load.java.components.AbstractJavaResolverCache             : loaded 2 times (x 82B)
Class org.objectweb.asm.Opcodes                                                       : loaded 2 times (x 68B)
Class org.jetbrains.kotlin.resolve.scopes.BaseImportingScope                          : loaded 2 times (x 111B)
Class org.jetbrains.kotlin.resolve.scopes.receivers.ExpressionReceiver$Companion$ExpressionReceiverImpl: loaded 2 times (x 83B)
Class org.jetbrains.kotlin.resolve.scopes.receivers.PackageQualifier                  : loaded 2 times (x 83B)
Class org.jetbrains.kotlin.types.model.TypeVariance                                   : loaded 2 times (x 77B)
Class org.jetbrains.kotlin.builtins.jvm.JvmBuiltIns$customizer$2                      : loaded 2 times (x 77B)
Class org.jetbrains.kotlin.resolve.calls.components.CheckContextReceiversResolutionPart: loaded 2 times (x 71B)
Class org.jetbrains.kotlin.psi.KtValueArgumentList                                    : loaded 2 times (x 450B)
Class org.jetbrains.kotlin.resolve.jvm.KotlinJavaPsiFacade$1                          : loaded 2 times (x 76B)
Class org.jetbrains.kotlin.util.IncrementalTrackerUtilKt                              : loaded 2 times (x 69B)
Class org.jetbrains.kotlin.resolve.calls.smartcasts.IdentifierInfo$NO                 : loaded 2 times (x 75B)
Class org.jetbrains.kotlin.types.Variance                                             : loaded 2 times (x 78B)
Class kotlin.jvm.internal.SpreadBuilder                                               : loaded 2 times (x 74B)
Class org.jetbrains.kotlin.resolve.jvm.KotlinJavaPsiFacade$2                          : loaded 2 times (x 75B)
Class [Lorg.jetbrains.kotlin.name.ClassId;                                            : loaded 2 times (x 67B)
Class com.google.common.io.ByteSource$SlicedByteSource                                : loaded 2 times (x 83B)
Class com.amazon.ion.impl._Private_SymbolToken                                        : loaded 2 times (x 68B)
Class org.objectweb.asm.MethodTooLargeException                                       : loaded 2 times (x 81B)
Class org.jetbrains.kotlin.resolve.jvm.KotlinJavaPsiFacade$3                          : loaded 2 times (x 69B)
Class org.jetbrains.kotlin.resolve.calls.components.NewOverloadingConflictResolver    : loaded 2 times (x 70B)
Class org.jetbrains.kotlin.resolve.calls.results.OverloadResolutionResultsImpl        : loaded 2 times (x 97B)
Class org.jetbrains.kotlin.descriptors.impl.SimpleFunctionDescriptorImpl              : loaded 2 times (x 349B)
Class org.jetbrains.kotlin.renderer.OverrideRenderingPolicy                           : loaded 2 times (x 77B)
Class com.google.common.collect.ImmutableBiMap$Builder                                : loaded 2 times (x 80B)
Class org.jetbrains.kotlin.resolve.calls.components.TypeConversions$ConversionData    : loaded 2 times (x 70B)
Class org.jetbrains.kotlin.resolve.AllUnderImportScope$Companion                      : loaded 2 times (x 69B)
Class org.jetbrains.kotlin.serialization.deserialization.descriptors.DeserializedClassDescriptor$companionObjectDescriptor$1: loaded 2 times (x 77B)
Class org.jetbrains.kotlin.resolve.calls.checkers.UnitConversionCallChecker           : loaded 2 times (x 72B)
Class org.jetbrains.kotlin.resolve.constants.StringValue                              : loaded 2 times (x 74B)
Class org.jetbrains.kotlin.descriptors.ReceiverParameterDescriptor                    : loaded 2 times (x 68B)
Class org.jetbrains.kotlin.psi.KtExpression                                           : loaded 2 times (x 68B)
Class org.jetbrains.plugins.gradle.tooling.serialization.KotlinDslScriptsModelSerializationService: loaded 2 times (x 79B)
Class com.android.ide.gradle.model.composites.BuildMap                                : loaded 2 times (x 68B)
Class org.jetbrains.kotlin.config.JVMAssertionsMode                                   : loaded 2 times (x 77B)
Class com.google.common.collect.HashBiMap$Inverse                                     : loaded 2 times (x 140B)
Class org.jetbrains.kotlin.resolve.calls.CallTransformer                              : loaded 2 times (x 69B)
Class org.jetbrains.kotlin.load.java.structure.JavaPrimitiveType                      : loaded 2 times (x 68B)
Class org.jetbrains.kotlin.resolve.BodyResolver                                       : loaded 2 times (x 77B)
Class kotlin.script.dependencies.ScriptDependenciesResolver                           : loaded 2 times (x 68B)
Class org.jetbrains.kotlin.resolve.scopes.receivers.ImplicitClassReceiver             : loaded 2 times (x 89B)
Class [Lorg.jetbrains.kotlin.types.model.TypeArgumentMarker;                          : loaded 2 times (x 67B)
Class org.jetbrains.kotlin.resolve.scopes.LexicalChainedScope                         : loaded 2 times (x 91B)
Class org.jetbrains.kotlin.resolve.calls.model.ReceiverKotlinCallArgument             : loaded 2 times (x 68B)
Class com.android.tools.lint.model.LintModelSerialization$TargetFile                  : loaded 2 times (x 77B)
Class org.jetbrains.kotlin.codegen.state.KotlinTypeMapper$Companion                   : loaded 2 times (x 69B)
Class org.jetbrains.kotlin.mpp.MppJavaImplicitActualizatorMarker                      : loaded 2 times (x 68B)
Class org.jetbrains.kotlin.resolve.lazy.ResolveSession                                : loaded 2 times (x 162B)
Class org.jetbrains.kotlin.resolve.jvm.checkers.SuperCallWithDefaultArgumentsChecker  : loaded 2 times (x 72B)
Class org.jetbrains.kotlin.cli.jvm.index.SingleJavaFileRootsIndex                     : loaded 2 times (x 70B)
Class com.android.ide.gradle.model.LegacyAndroidGradlePluginProperties                : loaded 2 times (x 68B)
Class com.amazon.ion.BufferConfiguration$OversizedValueHandler                        : loaded 2 times (x 68B)
Class [Lorg.jetbrains.kotlin.metadata.ProtoBuf$Effect$InvocationKind;                 : loaded 2 times (x 67B)
Class org.jetbrains.kotlin.resolve.lazy.DeclarationScopeProviderImpl                  : loaded 2 times (x 76B)
Class [Lorg.jetbrains.kotlin.resolve.AdditionalAnnotationChecker;                     : loaded 2 times (x 67B)
Class javaslang.collection.Traversable$1                                              : loaded 2 times (x 465B)
Class javaslang.collection.LinearSeq                                                  : loaded 2 times (x 68B)
Class org.jetbrains.kotlin.resolve.lazy.descriptors.LazyAnnotations                   : loaded 2 times (x 87B)
Class org.jetbrains.kotlin.resolve.ModuleAnnotationsResolver$Companion                : loaded 2 times (x 69B)
Class org.jetbrains.kotlin.psi.KtSimpleNameExpressionImpl$Companion                   : loaded 2 times (x 69B)
Class org.jetbrains.kotlin.resolve.FunctionDescriptorResolver                         : loaded 2 times (x 70B)
Class org.jetbrains.kotlin.psi.KtExpressionWithLabel                                  : loaded 2 times (x 435B)
Class org.jetbrains.kotlin.serialization.deserialization.descriptors.DeserializedPropertyDescriptor: loaded 2 times (x 468B)
Class org.jetbrains.kotlin.descriptors.NotFoundClasses$MockClassDescriptor            : loaded 2 times (x 267B)
Class org.jetbrains.kotlin.metadata.ProtoBuf$ExpressionOrBuilder                      : loaded 2 times (x 68B)
Class kotlin.InitializedLazyImpl                                                      : loaded 2 times (x 74B)
Class org.jetbrains.kotlin.builtins.jvm.JvmBuiltInsCustomizer$notConsideredDeprecation$2: loaded 2 times (x 77B)
Class org.jetbrains.kotlin.psi.KtContinueExpression                                   : loaded 2 times (x 435B)
Class org.jetbrains.kotlin.psi.KtScriptInitializer                                    : loaded 2 times (x 714B)
Class org.jetbrains.kotlin.parsing.AbstractTokenStreamPredicate                       : loaded 2 times (x 75B)
Class com.google.common.cache.Cache                                                   : loaded 2 times (x 68B)
Class org.jetbrains.kotlin.resolve.calls.tower.TowerData$OnlyImplicitReceiver         : loaded 2 times (x 70B)
Class org.jetbrains.kotlin.resolve.lazy.FileScopeProvider                             : loaded 2 times (x 68B)
Class org.jetbrains.kotlin.descriptors.ValueParameterDescriptor                       : loaded 2 times (x 68B)
Class org.jetbrains.kotlin.resolve.jvm.multiplatform.OptionalAnnotationPackageFragmentProvider: loaded 2 times (x 78B)
Class org.jetbrains.kotlin.resolve.checkers.MultiFieldValueClassAnnotationsChecker    : loaded 2 times (x 72B)
Class com.intellij.gradle.toolingExtension.impl.model.taskModel.GradleTaskModel       : loaded 2 times (x 68B)
Class [Lorg.jetbrains.kotlin.descriptors.ClassifierDescriptorWithTypeParameters;      : loaded 2 times (x 67B)
Class org.jetbrains.kotlin.load.java.lazy.types.JavaTypeFlexibility                   : loaded 2 times (x 77B)
Class org.jetbrains.kotlin.util.slicedMap.SetSlice$Companion                          : loaded 2 times (x 69B)
Class org.jetbrains.kotlin.resolve.DeclarationSignatureAnonymousTypeTransformer       : loaded 2 times (x 68B)
Class org.jetbrains.kotlin.types.error.ErrorModuleDescriptor                          : loaded 2 times (x 107B)
Class org.jetbrains.kotlin.diagnostics.AbstractKotlinSuppressCache                    : loaded 2 times (x 74B)
Class com.android.resources.ResourceType                                              : loaded 2 times (x 77B)
Class [Lorg.jetbrains.kotlin.descriptors.DeclarationDescriptorWithVisibility;         : loaded 2 times (x 67B)
Class org.jetbrains.kotlin.descriptors.FunctionDescriptor$CopyBuilder                 : loaded 2 times (x 68B)
Class org.jetbrains.kotlin.resolve.calls.checkers.AssigningNamedArgumentToVarargChecker: loaded 2 times (x 72B)
Class com.google.common.collect.Maps$EntrySet                                         : loaded 2 times (x 134B)
Class org.jetbrains.kotlin.resolve.calls.tower.NewAbstractResolvedCall$getDataFlowInfoForArguments$1: loaded 2 times (x 74B)
Class javaslang.collection.List                                                       : loaded 2 times (x 68B)
Class org.jetbrains.kotlin.load.java.typeEnhancement.AbstractSignatureParts$computeIndexedQualifiers$1: loaded 2 times (x 77B)
Class org.jetbrains.kotlin.resolve.calls.components.NewOverloadingConflictResolver$1  : loaded 2 times (x 76B)
Class org.jetbrains.kotlin.resolve.jvm.checkers.JvmAnnotationsTargetNonExistentAccessorChecker$Companion: loaded 2 times (x 69B)
Class org.jetbrains.kotlin.resolve.calls.checkers.ReferencingToUnderscoreNamedParameterOfCatchBlockChecker: loaded 2 times (x 72B)
Class org.gradle.tooling.internal.adapter.ProtocolToModelAdapter$MixInMappingAction   : loaded 2 times (x 78B)
Class org.jetbrains.kotlin.load.kotlin.VirtualFileKotlinClass                         : loaded 2 times (x 86B)
Class org.jetbrains.kotlin.resolve.calls.components.NewOverloadingConflictResolver$2  : loaded 2 times (x 77B)
Class org.jetbrains.kotlin.resolve.MissingSupertypesResolver$missingClassifiers$1     : loaded 2 times (x 77B)
Class org.jetbrains.kotlin.metadata.ProtoBuf$Class$1                                  : loaded 2 times (x 142B)
Class org.jetbrains.kotlin.serialization.deserialization.FlexibleTypeDeserializer     : loaded 2 times (x 68B)
Class org.jetbrains.kotlin.descriptors.VariableDescriptor                             : loaded 2 times (x 68B)
Class [Lorg.jetbrains.kotlin.psi.KtValVarKeywordOwner;                                : loaded 2 times (x 67B)
Class org.jetbrains.kotlin.util.slicedMap.MutableSlicedMap                            : loaded 2 times (x 68B)
Class com.android.tools.lint.model.LintModelDependency                                : loaded 2 times (x 68B)
Class org.gradle.internal.classloader.SystemClassLoaderSpec                           : loaded 2 times (x 69B)
Class org.jetbrains.kotlin.resolve.ImportedFromObjectCallableDescriptor               : loaded 2 times (x 165B)
Class org.jetbrains.kotlin.resolve.calls.components.NewOverloadingConflictResolver$3  : loaded 2 times (x 123B)
Class org.jetbrains.kotlin.load.java.Jsr305Settings                                   : loaded 2 times (x 70B)
Class org.jetbrains.kotlin.storage.LockBasedStorageManager$MapBasedMemoizedFunction   : loaded 2 times (x 80B)
Class com.amazon.ion.impl.bin.utf8.Poolable                                           : loaded 2 times (x 77B)
Class com.google.common.io.LineBuffer                                                 : loaded 2 times (x 73B)
Class org.jetbrains.kotlin.types.TypeSubstitutor$SubstitutionException                : loaded 2 times (x 80B)
Class org.jetbrains.kotlin.resolve.calls.components.NewOverloadingConflictResolver$4  : loaded 2 times (x 76B)
Class org.jetbrains.kotlin.resolve.AnnotationResolverImpl                             : loaded 2 times (x 75B)
Class org.jetbrains.kotlin.descriptors.annotations.CompositeAnnotations$iterator$1    : loaded 2 times (x 76B)
Class org.jetbrains.kotlin.scripting.resolve.LazyScriptDescriptor$scriptOuterScope$1  : loaded 2 times (x 77B)
Class org.jetbrains.kotlin.types.DynamicTypesKt                                       : loaded 2 times (x 69B)
Class org.jetbrains.kotlin.metadata.jvm.JvmProtoBuf$StringTableTypes$Record$Operation : loaded 2 times (x 80B)
Class org.jetbrains.kotlin.resolve.calls.smartcasts.DataFlowInfoImpl                  : loaded 2 times (x 85B)
Class org.jetbrains.kotlin.resolve.calls.components.NewOverloadingConflictResolver$5  : loaded 2 times (x 77B)
Class org.jetbrains.kotlin.util.ReturnsCheck$ReturnsUnit                              : loaded 2 times (x 78B)
Class org.jetbrains.kotlin.resolve.jvm.checkers.OverloadsAnnotationChecker            : loaded 2 times (x 72B)
Class org.jetbrains.org.objectweb.asm.ByteVector                                      : loaded 2 times (x 76B)
Class com.google.common.util.concurrent.internal.InternalFutureFailureAccess          : loaded 2 times (x 70B)
Class org.jetbrains.kotlin.util.CheckResult                                           : loaded 2 times (x 69B)
Class org.jetbrains.kotlin.types.AbstractTypeConstructor$Supertypes                   : loaded 2 times (x 70B)
Class org.jetbrains.kotlin.resolve.calls.components.NewOverloadingConflictResolver$6  : loaded 2 times (x 76B)
Class org.jetbrains.kotlin.descriptors.PropertyGetterDescriptor                       : loaded 2 times (x 68B)
Class [Lorg.jetbrains.kotlin.psi.KtTypeElement;                                       : loaded 2 times (x 67B)
Class org.jetbrains.kotlin.resolve.checkers.OptInUsageChecker$OptInDiagnosticReporter : loaded 2 times (x 68B)
Class org.jetbrains.kotlin.incremental.components.InlineConstTracker$DoNothing        : loaded 2 times (x 72B)
Class org.jetbrains.kotlin.diagnostics.PositioningStrategies$SUPERTYPES_LIST$1        : loaded 2 times (x 72B)
Class org.jetbrains.kotlin.resolve.jvm.checkers.ProtectedSyntheticExtensionCallChecker: loaded 2 times (x 72B)
Class [Lkotlin.reflect.KCallable;                                                     : loaded 2 times (x 67B)
Class org.jetbrains.kotlin.resolve.calls.util.FakeCallableDescriptorForObject         : loaded 2 times (x 226B)
Class [Lorg.jetbrains.kotlin.metadata.ProtoBuf$Modality;                              : loaded 2 times (x 67B)
Class org.jetbrains.kotlin.cli.common.PropertiesKt                                    : loaded 2 times (x 69B)
Class [Lcom.android.tools.lint.model.LintModelNamespacingMode;                        : loaded 2 times (x 67B)
Class kotlin.io.TextStreamsKt$readLines$1                                             : loaded 2 times (x 77B)
Class org.jetbrains.kotlin.load.java.structure.JavaClassifierType                     : loaded 2 times (x 68B)
Class org.jetbrains.kotlin.resolve.calls.smartcasts.DataFlowInfoFactory               : loaded 2 times (x 69B)
Class org.jetbrains.kotlin.cfg.ControlFlowInformationProvider                         : loaded 2 times (x 68B)
Class org.jetbrains.kotlin.psi.KtDestructuringDeclaration                             : loaded 2 times (x 778B)
Class org.jetbrains.kotlin.psi.stubs.KotlinFileStub                                   : loaded 2 times (x 68B)
Class com.amazon.ion.impl.bin.AbstractIonWriter                                       : loaded 2 times (x 159B)
Class org.jetbrains.kotlin.load.java.lazy.descriptors.LazyJavaScope$ResolvedValueParameters: loaded 2 times (x 70B)
Class org.jetbrains.kotlin.resolve.AnnotationTargetLists                              : loaded 2 times (x 69B)
Class kotlin.collections.ReversedListReadOnly                                         : loaded 2 times (x 158B)
Class org.jetbrains.kotlin.load.java.typeEnhancement.NullabilityQualifierWithMigrationStatus: loaded 2 times (x 70B)
Class org.jetbrains.kotlin.resolve.calls.inference.components.VariableFixationFinder$VariableForFixation: loaded 2 times (x 70B)
Class org.jetbrains.kotlin.config.JvmAnalysisFlags$javaTypeEnhancementState$2         : loaded 2 times (x 125B)
Class org.jetbrains.kotlin.config.AnalysisFlags$metadataCompilation$2                 : loaded 2 times (x 125B)
Class org.jetbrains.kotlin.incremental.components.LookupLocation                      : loaded 2 times (x 68B)
Class [Lorg.jetbrains.kotlin.platform.TargetPlatformVersion;                          : loaded 2 times (x 67B)
Class org.jetbrains.kotlin.cli.common.extensions.ScriptEvaluationExtension            : loaded 2 times (x 68B)
Class org.jetbrains.plugins.gradle.tooling.serialization.AnnotationProcessingModelSerializationService$ReadContext: loaded 2 times (x 70B)
Class com.google.common.io.CharSource$StringCharSource                                : loaded 2 times (x 84B)
Class org.jetbrains.kotlin.load.java.typeEnhancement.PredefinedEnhancementInfoKt$PREDEFINED_FUNCTION_ENHANCEMENT_INFO_BY_SIGNATURE$1$1$8$1: loaded 2 times (x 77B)
Class com.android.builder.model.v2.ide.Library                                        : loaded 2 times (x 68B)
Class net.rubygrapefruit.platform.internal.Platform$FreeBSD64Bit                      : loaded 2 times (x 80B)
Class org.jetbrains.kotlin.serialization.deserialization.MemberDeserializer$getAnnotations$1: loaded 2 times (x 77B)
Class org.jetbrains.kotlin.resolve.calls.tower.WrongResolutionToClassifier            : loaded 2 times (x 77B)
Class org.jetbrains.kotlin.resolve.calls.components.ArgumentsToParametersMapper$CallArgumentProcessor$State: loaded 2 times (x 77B)
Class org.jetbrains.kotlin.resolve.calls.model.ResolutionPart                         : loaded 2 times (x 71B)
Class org.jetbrains.kotlin.cli.jvm.index.JvmDependenciesIndexImpl$FindClassRequest    : loaded 2 times (x 74B)
Class org.jetbrains.kotlin.resolve.lazy.FileScopeFactory$FilesScopesBuilder           : loaded 2 times (x 70B)
Class org.jetbrains.kotlin.load.kotlin.JavaFlexibleTypeDeserializer                   : loaded 2 times (x 72B)
Class org.jetbrains.kotlin.resolve.CollectionLiteralResolver                          : loaded 2 times (x 70B)
Class [Lorg.jetbrains.kotlin.mpp.DeclarationSymbolMarker;                             : loaded 2 times (x 67B)
Class org.jetbrains.kotlin.resolve.checkers.DelegationChecker                         : loaded 2 times (x 72B)
Class org.jetbrains.kotlin.resolve.scopes.utils.ScopeUtilsKt$parentsWithSelf$1        : loaded 2 times (x 76B)
Class org.jetbrains.kotlin.cli.jvm.index.JvmDependenciesIndexImpl$indexedRoots$2      : loaded 2 times (x 77B)
Class org.jetbrains.kotlin.util.slicedMap.AbstractWritableSlice                       : loaded 2 times (x 97B)
Class org.jetbrains.kotlin.protobuf.UninitializedMessageException                     : loaded 2 times (x 82B)
Class org.jetbrains.kotlin.protobuf.GeneratedMessageLite$ExtendableMessageOrBuilder   : loaded 2 times (x 68B)
Class org.jetbrains.kotlin.resolve.PlatformConfiguratorBase$platformSpecificContainer$1: loaded 2 times (x 77B)
Class com.amazon.ion.impl.bin.IonBinaryWriterAdapter$Factory                          : loaded 2 times (x 68B)
Class org.jetbrains.kotlin.util.Checks                                                : loaded 2 times (x 70B)
Class org.jetbrains.kotlin.types.TypeWithEnhancement                                  : loaded 2 times (x 68B)
Class kotlin.collections.CollectionsKt___CollectionsKt$withIndex$1                    : loaded 2 times (x 77B)
Class org.jetbrains.kotlin.load.java.lazy.LazyJavaAnnotationsKt                       : loaded 2 times (x 69B)
Class javaslang.collection.HashArrayMappedTrieModule$LeafSingleton                    : loaded 2 times (x 103B)
Class org.jetbrains.kotlin.descriptors.SourceElement                                  : loaded 2 times (x 68B)
Class [Lorg.jetbrains.kotlin.psi.KtModifierListOwner;                                 : loaded 2 times (x 67B)
Class org.jetbrains.kotlin.resolve.lazy.LazyImportScope$getContributedVariables$1     : loaded 2 times (x 77B)
Class org.jetbrains.kotlin.resolve.scopes.HierarchicalScope$DefaultImpls              : loaded 2 times (x 69B)
Class org.jetbrains.kotlin.cli.jvm.index.JvmDependenciesIndexImpl$SearchRequest       : loaded 2 times (x 68B)
Class org.jetbrains.kotlin.cfg.ControlFlowInformationProviderImpl$Factory             : loaded 2 times (x 72B)
Class org.jetbrains.kotlin.util.slicedMap.WritableSlice                               : loaded 2 times (x 68B)
Class org.jetbrains.kotlin.diagnostics.PositioningStrategies$InlineFunPositioningStrategy: loaded 2 times (x 74B)
Class org.jetbrains.kotlin.resolve.scopes.LexicalScopeImpl$InitializeHandler          : loaded 2 times (x 70B)
Class com.amazon.ion.system.IonWriterBuilderBase                                      : loaded 2 times (x 81B)
Class org.jetbrains.plugins.gradle.tooling.serialization.RepositoriesModelSerializationService: loaded 2 times (x 80B)
Class com.google.common.collect.Interners$InternerBuilder                             : loaded 2 times (x 74B)
Class com.google.common.reflect.Types$TypeVariableImpl                                : loaded 2 times (x 70B)
Class org.jetbrains.kotlin.metadata.jvm.deserialization.JvmProtoBufUtil               : loaded 2 times (x 69B)
Class org.jetbrains.kotlin.types.checker.KotlinTypeRefiner$Default                    : loaded 2 times (x 77B)
Class org.jetbrains.kotlin.container.ClassInfo                                        : loaded 2 times (x 70B)
Class org.jetbrains.kotlin.psi.stubs.KotlinContractEffectStub                         : loaded 2 times (x 68B)
Class org.jetbrains.kotlin.extensions.PreprocessedFileCreator$validExts$2             : loaded 2 times (x 77B)
Class org.jetbrains.kotlin.scripting.definitions.ScriptDefinition$FromConfigurationsBase: loaded 2 times (x 113B)
Class kotlin.io.FileTreeWalk$FileTreeWalkIterator$TopDownDirectoryState               : loaded 2 times (x 72B)
Class org.jetbrains.plugins.gradle.tooling.serialization.ProjectDependenciesSerializationService: loaded 2 times (x 75B)
Class org.gradle.tooling.internal.adapter.WeakIdentityHashMap$AbsentValueProvider     : loaded 2 times (x 68B)
Class org.jetbrains.kotlin.utils.DFS$Visited                                          : loaded 2 times (x 68B)
Class org.jetbrains.org.objectweb.asm.tree.IincInsnNode                               : loaded 2 times (x 76B)
Class org.jetbrains.kotlin.resolve.jvm.kotlinSignature.SignaturePropagationUtilKt     : loaded 2 times (x 69B)
Class org.jetbrains.kotlin.renderer.DescriptorRenderer$Companion$COMPACT_WITH_SHORT_TYPES$1: loaded 2 times (x 76B)
Class org.jetbrains.kotlin.resolve.ResolutionAnchorProviderKt                         : loaded 2 times (x 69B)
Class com.android.builder.model.v2.ide.BytecodeTransformation                         : loaded 2 times (x 77B)
Class org.jetbrains.kotlin.serialization.deserialization.SuspendFunctionTypeUtilKt    : loaded 2 times (x 69B)
Class org.jetbrains.kotlin.resolve.calls.inference.components.NewTypeSubstitutor      : loaded 2 times (x 68B)
Class org.jetbrains.kotlin.types.expressions.ExpressionTypingVisitorDispatcher$ForDeclarations: loaded 2 times (x 240B)
Class org.gradle.tooling.model.Dependency                                             : loaded 2 times (x 68B)
Class com.google.common.io.LineReader$1                                               : loaded 2 times (x 73B)
Class org.jetbrains.kotlin.platform.PlatformSpecificDiagnosticComponents              : loaded 2 times (x 68B)
Class org.jetbrains.kotlin.resolve.AdditionalAnnotationChecker                        : loaded 2 times (x 68B)
Class org.jetbrains.kotlin.diagnostics.PositioningStrategies$COMMAS$1                 : loaded 2 times (x 72B)
Class org.jetbrains.kotlin.cli.common.messages.MessageRenderer                        : loaded 2 times (x 68B)
Class [Lorg.jetbrains.kotlin.builtins.UnsignedType;                                   : loaded 2 times (x 67B)
Class com.google.common.cache.CacheBuilder$OneWeigher                                 : loaded 2 times (x 80B)
Class com.android.builder.model.v2.models.ndk.NativeModule                            : loaded 2 times (x 68B)
Class net.rubygrapefruit.platform.internal.Platform$MacOs                             : loaded 2 times (x 80B)
Class org.jetbrains.kotlin.resolve.jvm.jvmSignature.JvmMethodSignature                : loaded 2 times (x 73B)
Class org.jetbrains.kotlin.types.ErasureProjectionComputer                            : loaded 2 times (x 70B)
Class org.jetbrains.kotlin.psi.KtTypeConstraint                                       : loaded 2 times (x 569B)
Class org.jetbrains.kotlin.psi.stubs.elements.KtObjectElementType                     : loaded 2 times (x 102B)
Class com.amazon.ion.impl._Private_SymtabExtendsCache                                 : loaded 2 times (x 70B)
Class com.amazon.ion.impl.bin.IonRawBinaryWriter$1                                    : loaded 2 times (x 75B)
Class org.jetbrains.plugins.gradle.tooling.serialization.AnnotationProcessingModelSerializationService: loaded 2 times (x 75B)
Class org.jetbrains.kotlin.load.java.lazy.LazyJavaTypeParameterResolver               : loaded 2 times (x 73B)
Class org.jetbrains.kotlin.resolve.calls.components.PostponedArgumentsAnalyzer$SubstitutorAndStubsForLambdaAnalysis: loaded 2 times (x 70B)
Class org.jetbrains.kotlin.resolve.calls.smartcasts.SmartCastManager$ReceiverSmartCastResult: loaded 2 times (x 77B)
Class org.jetbrains.kotlin.descriptors.deserialization.AdditionalClassPartsProvider   : loaded 2 times (x 68B)
Class org.jetbrains.kotlin.container.ComponentDescriptor                              : loaded 2 times (x 68B)
Class com.amazon.ion.impl.IonWriterSystemTextMarkup                                   : loaded 2 times (x 190B)
Class org.jetbrains.kotlin.resolve.AnalyzingUtils                                     : loaded 2 times (x 69B)
Class org.jetbrains.kotlin.synthetic.SamAdapterFunctionsScope$samConstructorForClassifier$1: loaded 2 times (x 77B)
Class org.jetbrains.kotlin.types.model.TypeVariableMarker                             : loaded 2 times (x 68B)
Class org.jetbrains.kotlin.psi.psiUtil.PsiUtilsKt$siblings$1                          : loaded 2 times (x 73B)
Class org.jetbrains.kotlin.resolve.lazy.AbsentDescriptorHandler                       : loaded 2 times (x 68B)
Class org.jetbrains.kotlin.diagnostics.PositioningStrategies$PROPERTY_DELEGATE$1      : loaded 2 times (x 73B)
Class org.objectweb.asm.ClassWriter                                                   : loaded 2 times (x 104B)
Class org.jetbrains.kotlin.KtNodeType$KtLeftBoundNodeType                             : loaded 2 times (x 74B)
Class org.jetbrains.kotlin.cli.jvm.modules.CoreJrtVirtualFile$myChildren$2            : loaded 2 times (x 77B)
Class org.jetbrains.org.objectweb.asm.TypePath                                        : loaded 2 times (x 70B)
Class org.jetbrains.kotlin.metadata.jvm.deserialization.BinaryModuleData              : loaded 2 times (x 70B)
Class org.jetbrains.kotlin.protobuf.RopeByteString$RopeInputStream                    : loaded 2 times (x 90B)
Class org.jetbrains.kotlin.resolve.jvm.platform.JvmPlatformAnalyzerServices           : loaded 2 times (x 75B)
Class com.amazon.ion.IonFloat                                                         : loaded 2 times (x 68B)
Class org.jetbrains.kotlin.load.java.structure.JavaAnnotationArgument                 : loaded 2 times (x 68B)
Class org.jetbrains.kotlin.diagnostics.Errors                                         : loaded 2 times (x 68B)
Class kotlin.script.experimental.util.PropertiesCollection$PropertyKeyDelegate        : loaded 2 times (x 70B)
Class [Lorg.jetbrains.kotlin.config.JVMAssertionsMode;                                : loaded 2 times (x 67B)
Class org.jetbrains.kotlin.resolve.deprecation.DeprecationResolver$DeprecationInfo$Companion: loaded 2 times (x 69B)
Class org.jetbrains.kotlin.util.slicedMap.RewritePolicy                               : loaded 2 times (x 68B)
Class org.jetbrains.kotlin.descriptors.PropertyDescriptor                             : loaded 2 times (x 68B)
Class org.jetbrains.kotlin.psi.KtAnnotationsContainer                                 : loaded 2 times (x 68B)
Class com.amazon.ion.impl.bin.IonManagedBinaryWriter$ImportedSymbolResolverMode$1     : loaded 2 times (x 78B)
Class com.android.builder.model.v2.ide.ComponentInfo                                  : loaded 2 times (x 68B)
Class org.jetbrains.kotlin.descriptors.impl.PropertyDescriptorImpl$CopyConfiguration  : loaded 2 times (x 110B)
Class it.unimi.dsi.fastutil.ints.IntList                                              : loaded 2 times (x 68B)
Class com.amazon.ion.impl.bin.IonManagedBinaryWriter$ImportedSymbolResolverMode$2     : loaded 2 times (x 78B)
Class org.jetbrains.kotlin.resolve.deprecation.DeprecationResolver$Companion          : loaded 2 times (x 69B)
Class org.jetbrains.kotlin.kdoc.lexer.KDocLexer                                       : loaded 2 times (x 85B)
Class org.jetbrains.org.objectweb.asm.tree.MethodInsnNode                             : loaded 2 times (x 78B)
Class org.jetbrains.kotlin.load.java.typeEnhancement.JavaTypeEnhancement$Result       : loaded 2 times (x 70B)
Class org.jetbrains.kotlin.resolve.calls.checkers.RttiExpressionChecker               : loaded 2 times (x 68B)
Class [Lorg.jetbrains.kotlin.descriptors.impl.DeclarationDescriptorImpl;              : loaded 2 times (x 67B)
Class kotlin.UnsafeLazyImpl                                                           : loaded 2 times (x 74B)
Class com.amazon.ion.facet.Faceted                                                    : loaded 2 times (x 68B)
Class com.google.common.io.ByteSource$ConcatenatedByteSource                          : loaded 2 times (x 83B)
Class org.jetbrains.kotlin.load.java.sam.SamAdapterDescriptor                         : loaded 2 times (x 68B)
Class org.jetbrains.kotlin.scripting.resolve.LazyScriptDescriptor$scriptCompilationConfiguration$1: loaded 2 times (x 77B)
Class [Lorg.jetbrains.kotlin.util.PerformanceCounter;                                 : loaded 2 times (x 67B)
Class org.jetbrains.kotlin.idea.MainFunctionDetector$Factory$Ordinary                 : loaded 2 times (x 72B)
Class org.jetbrains.kotlin.psi.KtNamed                                                : loaded 2 times (x 68B)
Class com.amazon.ion.impl.bin.IonRawBinaryWriter$ContainerType                        : loaded 2 times (x 77B)
Class kotlin.sequences.SequencesKt__SequencesKt$generateSequence$1                    : loaded 2 times (x 77B)
Class org.jetbrains.kotlin.resolve.calls.results.ResolutionResultsHandler             : loaded 2 times (x 71B)
Class [Lorg.jetbrains.kotlin.psi.KtInitializerList;                                   : loaded 2 times (x 67B)
Class org.jetbrains.kotlin.metadata.ProtoBuf$PropertyOrBuilder                        : loaded 2 times (x 68B)
Class org.jetbrains.kotlin.diagnostics.DiagnosticFactory$Companion                    : loaded 2 times (x 69B)
Class org.jetbrains.kotlin.config.CommonConfigurationKeys                             : loaded 2 times (x 69B)
Class org.jetbrains.org.objectweb.asm.tree.LabelNode                                  : loaded 2 times (x 78B)
Class org.jetbrains.kotlin.types.TypeParameterUpperBoundEraser$Companion              : loaded 2 times (x 69B)
Class org.jetbrains.kotlin.resolve.sam.SamConversionResolverImpl                      : loaded 2 times (x 73B)
Class org.jetbrains.kotlin.metadata.builtins.ReadPackageFragmentKt                    : loaded 2 times (x 69B)
Class kotlin.sequences.SequencesKt__SequencesKt$generateSequence$2                    : loaded 2 times (x 77B)
Class org.jetbrains.kotlin.metadata.ProtoBuf$Modality                                 : loaded 2 times (x 80B)
Class org.jetbrains.kotlin.renderer.DescriptorRenderer$Companion$COMPACT$1            : loaded 2 times (x 76B)
Class org.apache.commons.io.IOUtils                                                   : loaded 2 times (x 69B)
Class org.jetbrains.kotlin.descriptors.impl.SubpackagesScope                          : loaded 2 times (x 98B)
Class org.jetbrains.kotlin.load.java.JavaClassesTracker$Default                       : loaded 2 times (x 74B)
Class org.jetbrains.kotlin.diagnostics.PositioningStrategies$IF_EXPRESSION$1          : loaded 2 times (x 72B)
Class org.jetbrains.kotlin.parsing.KotlinExpressionParsing$Precedence                 : loaded 2 times (x 79B)
Class org.jetbrains.kotlin.metadata.ProtoBuf$Effect$EffectType$1                      : loaded 2 times (x 72B)
Class org.gradle.tooling.model.kotlin.dsl.KotlinDslScriptsModel                       : loaded 2 times (x 68B)
Class org.jetbrains.kotlin.resolve.calls.inference.components.FreshVariableNewTypeSubstitutor: loaded 2 times (x 78B)
Class org.jetbrains.kotlin.resolve.calls.components.InferenceSession$Companion$default$1: loaded 2 times (x 85B)
Class org.jetbrains.kotlin.resolve.checkers.TrailingCommaCallChecker                  : loaded 2 times (x 72B)
Class org.jetbrains.kotlin.resolve.checkers.ExpectActualInTheSameModuleChecker        : loaded 2 times (x 72B)
Class org.jetbrains.kotlin.diagnostics.PositioningStrategies$DECLARATION_NAME_ONLY$1  : loaded 2 times (x 73B)
Class it.unimi.dsi.fastutil.objects.ObjectBidirectionalIterator                       : loaded 2 times (x 68B)
Class org.jetbrains.kotlin.resolve.calls.CallExpressionResolver                       : loaded 2 times (x 70B)
Class org.jetbrains.kotlin.resolve.calls.checkers.CallCheckerContext                  : loaded 2 times (x 76B)
Class io.opentelemetry.api.trace.TracerProvider                                       : loaded 2 times (x 68B)
Class org.jetbrains.kotlin.container.ConstructorBinding                               : loaded 2 times (x 70B)
Class org.jetbrains.kotlin.renderer.RenderingFormat                                   : loaded 2 times (x 78B)
Class org.jetbrains.kotlin.KtNodeTypes                                                : loaded 2 times (x 68B)
Class org.jetbrains.kotlin.resolve.jvm.KotlinJavaPsiFacade                            : loaded 2 times (x 83B)
Class org.jetbrains.kotlin.config.MavenComparableVersion$Item                         : loaded 2 times (x 68B)
Class com.amazon.ion.impl.BlockedBuffer$BufferedOutputStream                          : loaded 2 times (x 88B)
Class org.jetbrains.kotlin.types.KotlinTypeKt                                         : loaded 2 times (x 69B)
Class com.android.ide.common.rendering.api.ResourceNamespace                          : loaded 2 times (x 78B)
Class org.jetbrains.kotlin.diagnostics.ClassicPositioningStrategies$UNREACHABLE_CODE$1: loaded 2 times (x 72B)
Class org.jetbrains.kotlin.resolve.calls.checkers.EnumEntriesUnsupportedChecker       : loaded 2 times (x 72B)
Class com.intellij.gradle.toolingExtension.impl.model.buildScriptClasspathModel.GradleBuildScriptClasspathSerializationService$WriteContext: loaded 2 times (x 70B)
Class com.android.builder.model.v2.models.AndroidDsl                                  : loaded 2 times (x 68B)
Class org.jetbrains.kotlin.resolve.jvm.AsmTypes$1                                     : loaded 2 times (x 69B)
Class org.jetbrains.kotlin.synthetic.SamAdapterFunctionsScope$samAdapterForStaticFunction$1: loaded 2 times (x 77B)
Class kotlin.collections.MapWithDefault                                               : loaded 2 times (x 68B)
Class org.jetbrains.kotlin.builtins.jvm.JvmBuiltInClassDescriptorFactory              : loaded 2 times (x 75B)
Class org.jetbrains.kotlin.resolve.checkers.OptInUsageChecker$ClassifierUsage         : loaded 2 times (x 73B)
Class org.jetbrains.kotlin.descriptors.ClassifierDescriptor                           : loaded 2 times (x 68B)
Class org.jetbrains.kotlin.load.kotlin.MetadataFinderFactory                          : loaded 2 times (x 68B)
Class org.jetbrains.kotlin.resolve.scopes.optimization.OptimizingOptions              : loaded 2 times (x 68B)
Class com.amazon.ion.impl.bin.IonManagedBinaryWriter$SymbolResolver                   : loaded 2 times (x 68B)
Class [Lcom.google.common.cache.CacheBuilder$OneWeigher;                              : loaded 2 times (x 67B)
Class org.jetbrains.kotlin.resolve.OverridingUtil$OverrideCompatibilityInfo           : loaded 2 times (x 72B)
Class org.jetbrains.kotlin.library.metadata.KlibMetadataModuleDescriptorFactory       : loaded 2 times (x 68B)
Class org.jetbrains.kotlin.metadata.ProtoBuf$Expression$ConstantValue                 : loaded 2 times (x 80B)
Class [Lorg.jetbrains.kotlin.resolve.scopes.ResolutionScope;                          : loaded 2 times (x 67B)
Class [Lorg.jetbrains.kotlin.descriptors.Named;                                       : loaded 2 times (x 67B)
Class org.jetbrains.kotlin.lexer.KtKeywordToken                                       : loaded 2 times (x 76B)
Class org.jetbrains.kotlin.asJava.LightClassGenerationSupport                         : loaded 2 times (x 74B)
Class com.amazon.ion.impl._Private_ReaderWriter                                       : loaded 2 times (x 68B)
Class com.google.common.collect.ComparisonChain$1                                     : loaded 2 times (x 79B)
Class net.rubygrapefruit.platform.NativeIntegrationLinkageException                   : loaded 2 times (x 80B)
Class org.jetbrains.kotlin.resolve.calls.tower.PSIKotlinCallForInvoke                 : loaded 2 times (x 93B)
Class org.jetbrains.kotlin.resolve.calls.inference.CapturedTypeConstructorImpl        : loaded 2 times (x 84B)
Class org.jetbrains.kotlin.resolve.LanguageVersionSettingsProvider                    : loaded 2 times (x 68B)
Class org.jetbrains.kotlin.metadata.ProtoBuf$Annotation$Argument$Value$1              : loaded 2 times (x 142B)
Class org.jetbrains.kotlin.psi.KtScript                                               : loaded 2 times (x 915B)
Class org.jetbrains.kotlin.resolve.jvm.KotlinJavaPsiFacade$CliFinder                  : loaded 2 times (x 82B)
Class org.jetbrains.kotlin.resolve.SinceKotlinAccessibility$NotAccessible             : loaded 2 times (x 70B)
Class org.jetbrains.kotlin.load.java.InternalFlexibleTypeTransformer                  : loaded 2 times (x 70B)
Class com.android.builder.model.v2.ide.AaptOptions                                    : loaded 2 times (x 68B)
Class com.google.common.cache.LocalCache$ComputingValueReference                      : loaded 2 times (x 94B)
Class org.jetbrains.kotlin.utils.SmartSet$Companion                                   : loaded 2 times (x 69B)
Class org.jetbrains.kotlin.resolve.jvm.RuntimeAssertionsDataFlowExtras                : loaded 2 times (x 74B)
Class org.jetbrains.kotlin.resolve.lazy.IndexedImports                                : loaded 2 times (x 71B)
Class kotlin.KotlinVersion                                                            : loaded 2 times (x 72B)
Class org.jetbrains.kotlin.psi.KtCodeFragmentBase                                     : loaded 2 times (x 68B)
Class org.jetbrains.kotlin.psi.KtEscapeStringTemplateEntry                            : loaded 2 times (x 443B)
Class org.jetbrains.kotlin.psi.KtDoubleColonExpression                                : loaded 2 times (x 68B)
Class [Lorg.jetbrains.kotlin.psi.KtContextReceiverList;                               : loaded 2 times (x 67B)
Class org.jetbrains.kotlin.psi.stubs.KotlinBackingFieldStub                           : loaded 2 times (x 68B)
Class [Lorg.jetbrains.kotlin.psi.KtElement;                                           : loaded 2 times (x 67B)
Class kotlin.script.experimental.api.ScriptCompilationConfiguration$Companion         : loaded 2 times (x 69B)
Class com.google.common.cache.LocalCache$SoftValueReference                           : loaded 2 times (x 95B)
Class org.jetbrains.kotlin.scripting.resolve.LazyScriptDescriptor$scriptingClassGetter$1: loaded 2 times (x 77B)
Class org.jetbrains.kotlin.types.WrappedTypeFactory                                   : loaded 2 times (x 72B)
Class kotlin.reflect.jvm.internal.impl.builtins.PrimitiveType                         : loaded 2 times (x 77B)
Class com.android.tools.lint.model.DefaultLintModelLibraryResolver                    : loaded 2 times (x 74B)
Class com.amazon.ion.impl.bin.utf8.Utf8StringEncoderPool                              : loaded 2 times (x 72B)
Class org.jetbrains.plugins.gradle.tooling.util.ObjectCollector$Processor             : loaded 2 times (x 68B)
Class com.intellij.openapi.externalSystem.model.ExternalSystemException               : loaded 2 times (x 84B)
Class org.jetbrains.kotlin.container.MethodBinding                                    : loaded 2 times (x 70B)
Class org.jetbrains.kotlin.metadata.ProtoBuf$EnumEntryOrBuilder                       : loaded 2 times (x 68B)
Class com.amazon.ion.IonNull                                                          : loaded 2 times (x 68B)
Class kotlin.script.experimental.jvm.JvmScriptingHostConfigurationKt                  : loaded 2 times (x 69B)
Class org.jetbrains.kotlin.resolve.calls.tower.NewAbstractResolvedCall                : loaded 2 times (x 115B)
Class org.jetbrains.kotlin.load.java.components.JavaPropertyInitializerEvaluator      : loaded 2 times (x 68B)
Class org.jetbrains.kotlin.metadata.ProtoBuf$Annotation$Argument                      : loaded 2 times (x 106B)
Class kotlin.collections.builders.ListBuilder                                         : loaded 2 times (x 167B)
Class kotlin.reflect.jvm.internal.KClassImpl$Data$declaredMembers$2                   : loaded 2 times (x 77B)
Class org.jetbrains.kotlin.resolve.calls.model.ReceiverExpressionKotlinCallArgument   : loaded 2 times (x 83B)
Class org.jetbrains.kotlin.load.java.structure.JavaField                              : loaded 2 times (x 68B)
Class org.jetbrains.kotlin.load.kotlin.VirtualFileFinder$SERVICE                      : loaded 2 times (x 69B)
Class org.jetbrains.kotlin.types.DelegatingSimpleType                                 : loaded 2 times (x 91B)
Class org.jetbrains.kotlin.parsing.KotlinExpressionParsing                            : loaded 2 times (x 110B)
Class kotlin.reflect.jvm.internal.CacheByClassKt                                      : loaded 2 times (x 69B)
Class com.amazon.ion.impl.lite.IonTextLite                                            : loaded 2 times (x 179B)
Class org.jetbrains.kotlin.resolve.CliSealedClassInheritorsProvider                   : loaded 2 times (x 70B)
Class org.jetbrains.kotlin.descriptors.ClassifierDescriptorWithTypeParameters         : loaded 2 times (x 68B)
Class org.jetbrains.kotlin.cli.jvm.compiler.CoreEnvironmentUtilsKt                    : loaded 2 times (x 69B)
Class org.jetbrains.kotlin.resolve.descriptorUtil.DescriptorUtilsKt$getAllSuperclassesWithoutAny$1: loaded 2 times (x 123B)
Class org.jetbrains.kotlin.descriptors.impl.VariableDescriptorImpl                    : loaded 2 times (x 224B)
Class org.jetbrains.kotlin.resolve.jvm.JvmDiagnosticComponents                        : loaded 2 times (x 73B)
Class org.jetbrains.kotlin.psi.KtSimpleNameExpression                                 : loaded 2 times (x 68B)
Class [Lcom.google.common.io.FileWriteMode;                                           : loaded 2 times (x 67B)
Class com.google.common.io.Files$FileByteSink                                         : loaded 2 times (x 75B)
Class org.jetbrains.kotlin.metadata.jvm.JvmProtoBuf$JvmPropertySignature$Builder      : loaded 2 times (x 139B)
Class org.jetbrains.kotlin.resolve.calls.tower.ScopeTowerProcessor                    : loaded 2 times (x 68B)
Class org.jetbrains.kotlin.resolve.constants.EnumValue                                : loaded 2 times (x 74B)
Class org.jetbrains.kotlin.psi.KtValueArgument                                        : loaded 2 times (x 459B)
Class org.jetbrains.kotlin.codegen.AccessorForCallableDescriptor                      : loaded 2 times (x 68B)
Class org.jetbrains.kotlin.load.java.structure.impl.JavaElementCollectionFromPsiArrayUtil: loaded 2 times (x 69B)
Class org.jetbrains.kotlin.metadata.ProtoBuf$Class                                    : loaded 2 times (x 178B)
Class com.android.ide.gradle.model.GradlePropertiesModel                              : loaded 2 times (x 68B)
Class kotlin.sequences.DistinctIterator                                               : loaded 2 times (x 81B)
Class org.gradle.tooling.model.gradle.GradleScript                                    : loaded 2 times (x 68B)
Class org.jetbrains.kotlin.resolve.calls.smartcasts.IdentifierInfo                    : loaded 2 times (x 68B)
Class org.jetbrains.kotlin.descriptors.impl.ModuleDescriptorImpl                      : loaded 2 times (x 115B)
Class org.jetbrains.kotlin.protobuf.ByteString$Output                                 : loaded 2 times (x 84B)
Class org.jetbrains.kotlin.psi.KtExpressionImpl                                       : loaded 2 times (x 435B)
Class org.jetbrains.kotlin.psi.KtFunction                                             : loaded 2 times (x 68B)
Class org.jetbrains.kotlin.psi.stubs.KotlinCallableStubBase                           : loaded 2 times (x 68B)
Class org.jetbrains.kotlin.resolve.calls.CallCompleter                                : loaded 2 times (x 70B)
Class org.jetbrains.kotlin.resolve.jvm.modules.JavaModuleResolver$AccessError         : loaded 2 times (x 69B)
Class [Lcom.android.builder.model.v2.ide.AndroidGradlePluginProjectFlags$BooleanFlag; : loaded 2 times (x 67B)
Class org.jetbrains.kotlin.parsing.AllCommentsBinder                                  : loaded 2 times (x 72B)
Class org.jetbrains.kotlin.diagnostics.Errors$Initializer                             : loaded 2 times (x 69B)
Class com.amazon.ion.SubstituteSymbolTableException                                   : loaded 2 times (x 82B)
Class org.jetbrains.kotlin.util.MemberKindCheck$MemberOrExtension                     : loaded 2 times (x 78B)
Class org.jetbrains.kotlin.resolve.calls.tower.PSIKotlinCallArgument                  : loaded 2 times (x 78B)
Class org.jetbrains.kotlin.descriptors.deserialization.ClassDescriptorFactory         : loaded 2 times (x 68B)
Class org.jetbrains.kotlin.metadata.ProtoBuf$Contract                                 : loaded 2 times (x 105B)
Class org.jetbrains.kotlin.load.java.descriptors.UtilKt                               : loaded 2 times (x 69B)
Class com.google.common.base.ExtraObjectsMethodsForWeb                                : loaded 2 times (x 69B)
Class org.jetbrains.kotlin.load.java.AnnotationTypeQualifierResolver                  : loaded 2 times (x 74B)
Class javaslang.Tuple2                                                                : loaded 2 times (x 77B)
Class org.jetbrains.kotlin.resolve.calls.inference.components.ConstraintInjector$Context: loaded 2 times (x 68B)
Class [Lorg.jetbrains.kotlin.metadata.ProtoBuf$MemberKind;                            : loaded 2 times (x 67B)
Class kotlin.script.experimental.api.ScriptCompilationConfiguration$Builder           : loaded 2 times (x 70B)
Class org.jetbrains.kotlin.cli.common.CliModuleVisibilityManagerImpl                  : loaded 2 times (x 80B)
Class com.android.ide.gradle.model.artifacts.AdditionalClassifierArtifactsModel       : loaded 2 times (x 68B)
Class org.jetbrains.kotlin.resolve.LazyExplicitImportScope                            : loaded 2 times (x 111B)
Class org.jetbrains.kotlin.diagnostics.PositioningStrategies$modifierSetPosition$1    : loaded 2 times (x 73B)
Class com.google.common.collect.ForwardingCollection                                  : loaded 2 times (x 128B)
Class org.jetbrains.kotlin.types.checker.NewCapturedTypeConstructor                   : loaded 2 times (x 84B)
Class org.jetbrains.kotlin.load.java.structure.JavaAnnotation                         : loaded 2 times (x 68B)
Class org.jetbrains.kotlin.builtins.jvm.JavaToKotlinClassMap$PlatformMutabilityMapping: loaded 2 times (x 70B)
Class org.jetbrains.kotlin.psi.KtSuperTypeCallEntry                                   : loaded 2 times (x 517B)
Class org.jetbrains.kotlin.resolve.calls.inference.InferenceUtilsKt                   : loaded 2 times (x 69B)
Class org.jetbrains.kotlin.resolve.lazy.FileScopeProviderImpl                         : loaded 2 times (x 77B)
Class org.jetbrains.kotlin.psi.KtWhenEntry                                            : loaded 2 times (x 380B)
Class org.jetbrains.kotlin.resolve.calls.tasks.ExplicitReceiverKind                   : loaded 2 times (x 77B)
Class org.jetbrains.kotlin.resolve.jvm.multiplatform.OptionalAnnotationClassDataFinder: loaded 2 times (x 73B)
Class org.jetbrains.kotlin.resolve.lazy.data.KtClassLikeInfo                          : loaded 2 times (x 68B)
Class org.jetbrains.kotlin.types.TypeCheckerState$SupertypesPolicy$None               : loaded 2 times (x 70B)
Class [Lorg.jetbrains.kotlin.builtins.functions.FunctionClassKind;                    : loaded 2 times (x 67B)
Class [Lorg.jetbrains.kotlin.util.Checks;                                             : loaded 2 times (x 67B)
Class org.jetbrains.kotlin.types.SubstitutionWithContravariantCapturedTypeApproximation: loaded 2 times (x 76B)
Class org.jetbrains.kotlin.protobuf.SmallSortedMap$Entry                              : loaded 2 times (x 86B)
Class org.jetbrains.kotlin.metadata.ProtoBuf$VersionRequirementTable                  : loaded 2 times (x 105B)
Class kotlin.reflect.full.IllegalCallableAccessException                              : loaded 2 times (x 80B)
Class [Lkotlin.jvm.functions.Function1;                                               : loaded 2 times (x 67B)
Class org.gradle.tooling.internal.adapter.ProtocolToModelAdapter$ViewKey              : loaded 2 times (x 70B)
Class org.jetbrains.org.objectweb.asm.SymbolTable                                     : loaded 2 times (x 70B)
Class org.jetbrains.kotlin.storage.LockBasedStorageManager$ExceptionHandlingStrategy  : loaded 2 times (x 68B)
Class org.jetbrains.kotlin.load.kotlin.ModuleVisibilityManager                        : loaded 2 times (x 68B)
Class com.google.gson.JsonParseException                                              : loaded 2 times (x 80B)
Class com.google.common.collect.IndexedImmutableSet$1                                 : loaded 2 times (x 172B)
Class org.jetbrains.kotlin.serialization.deserialization.descriptors.DeserializedMemberDescriptor: loaded 2 times (x 68B)
Class org.jetbrains.kotlin.metadata.jvm.deserialization.BitEncoding                   : loaded 2 times (x 69B)
Class org.jetbrains.kotlin.resolve.calls.context.CallResolutionContext                : loaded 2 times (x 83B)
Class org.jetbrains.kotlin.types.expressions.ExpressionTypingVisitorForStatements     : loaded 2 times (x 210B)
Class org.jetbrains.kotlin.serialization.deserialization.TypeDeserializer$classifierDescriptors$1: loaded 2 times (x 77B)
Class org.jetbrains.kotlin.metadata.ProtoBuf$Package                                  : loaded 2 times (x 127B)
Class kotlin.coroutines.CoroutineContext$Element$DefaultImpls                         : loaded 2 times (x 69B)
Class org.jetbrains.kotlin.resolve.calls.components.ErrorDescriptorResolutionPart     : loaded 2 times (x 71B)
Class org.jetbrains.kotlin.com.intellij.util.lang.JavaVersion                         : loaded 2 times (x 72B)
Class kotlin.text.DelimitedRangesSequence$iterator$1                                  : loaded 2 times (x 77B)
Class org.jetbrains.kotlin.context.GlobalContext                                      : loaded 2 times (x 68B)
Class org.jetbrains.kotlin.psi.stubs.elements.KtNameReferenceExpressionElementType    : loaded 2 times (x 101B)
Class org.jetbrains.kotlin.psi.KtSecondaryConstructor                                 : loaded 2 times (x 1272B)
Class org.jetbrains.kotlin.idea.KotlinFileType                                        : loaded 2 times (x 94B)
Class com.amazon.ion.system.IonSystemBuilder$Mutable                                  : loaded 2 times (x 73B)
Class org.jetbrains.kotlin.resolve.lazy.descriptors.LazyClassMemberScope$secondaryConstructors$1: loaded 2 times (x 77B)
Class org.jetbrains.kotlin.resolve.calls.CandidateResolver                            : loaded 2 times (x 70B)
Class org.jetbrains.kotlin.resolve.calls.inference.model.ArgumentConstraintPosition   : loaded 2 times (x 70B)
Class org.jetbrains.kotlin.storage.LockBasedStorageManager$LockBasedNotNullLazyValue  : loaded 2 times (x 90B)
Class org.jetbrains.kotlin.load.java.structure.JavaValueParameter                     : loaded 2 times (x 68B)
Class org.jetbrains.kotlin.psi.KtReturnExpression                                     : loaded 2 times (x 438B)
Class [Lorg.jetbrains.kotlin.psi.KtDeclarationWithBody;                               : loaded 2 times (x 67B)
Class org.jetbrains.kotlin.compiler.plugin.CompilerPluginRegistrar                    : loaded 2 times (x 71B)
Class org.jetbrains.kotlin.descriptors.Visibilities$InvisibleFake                     : loaded 2 times (x 77B)
Class org.apache.commons.io.output.UnsynchronizedByteArrayOutputStream                : loaded 2 times (x 100B)
Class org.jetbrains.kotlin.serialization.deserialization.descriptors.DeserializedClassDescriptor$sealedSubclasses$1: loaded 2 times (x 77B)
Class kotlin.properties.ReadOnlyProperty                                              : loaded 2 times (x 68B)
Class org.jetbrains.kotlin.incremental.components.LookupTracker                       : loaded 2 times (x 68B)
Class org.jetbrains.kotlin.metadata.builtins.BuiltInsBinaryVersion$Companion          : loaded 2 times (x 69B)
Class org.jetbrains.kotlin.load.kotlin.VirtualFileKotlinClass$Factory                 : loaded 2 times (x 69B)
Class org.jetbrains.kotlin.psi.KtTypeElement                                          : loaded 2 times (x 68B)
Class com.android.builder.model.v2.ide.AbstractArtifact                               : loaded 2 times (x 68B)
Class org.jetbrains.kotlin.util.ReenteringLazyValueComputationException               : loaded 2 times (x 80B)
Class org.jetbrains.kotlin.resolve.FilePreprocessorExtension                          : loaded 2 times (x 68B)
Class org.jetbrains.kotlin.load.java.lazy.ModuleClassResolver                         : loaded 2 times (x 68B)
Class org.jetbrains.kotlin.diagnostics.PositioningStrategies$DEFAULT$1                : loaded 2 times (x 72B)
Class kotlin.collections.ArraysKt___ArraysKt$asIterable$$inlined$Iterable$1           : loaded 2 times (x 77B)
Class kotlin.reflect.jvm.internal.ReflectProperties$Val                               : loaded 2 times (x 72B)
Class org.jetbrains.kotlin.load.java.structure.impl.classFiles.BinaryClassSignatureParser$ClsFormatException: loaded 2 times (x 80B)
Class com.android.prefs.PathLocator                                                   : loaded 2 times (x 71B)
Class com.google.common.cache.LocalCache$Strength                                     : loaded 2 times (x 79B)
Class org.jetbrains.kotlin.descriptors.impl.ValueParameterDescriptorImpl$Companion    : loaded 2 times (x 69B)
Class org.jetbrains.kotlin.serialization.deserialization.descriptors.DeserializedMemberScope$classifierNamesLazy$2: loaded 2 times (x 77B)
Class org.jetbrains.kotlin.container.ComponentResolveContext                          : loaded 2 times (x 73B)
Class kotlin.reflect.jvm.internal.CachesKt$CACHE_FOR_BASE_CLASSIFIERS$1               : loaded 2 times (x 76B)
Class org.jetbrains.kotlin.protobuf.SmallSortedMap$EmptySet                           : loaded 2 times (x 69B)
Class org.jetbrains.kotlin.resolve.calls.model.ResolvedCallAtomsKt                    : loaded 2 times (x 69B)
Class org.jetbrains.kotlin.resolve.constants.evaluate.ConstantExpressionEvaluator     : loaded 2 times (x 70B)
Class org.jetbrains.kotlin.metadata.jvm.deserialization.ModuleMapping$Companion       : loaded 2 times (x 69B)
Class org.jetbrains.kotlin.metadata.ProtoBuf$Function$1                               : loaded 2 times (x 142B)
Class org.jetbrains.kotlin.resolve.DelegatingBindingTrace$MyBindingContext            : loaded 2 times (x 79B)
Class org.jetbrains.kotlin.types.expressions.ClassLiteralChecker                      : loaded 2 times (x 68B)
Class org.jetbrains.kotlin.psi.KtExpressionCodeFragmentType                           : loaded 2 times (x 82B)
Class org.jetbrains.kotlin.types.model.ObsoleteTypeKind                               : loaded 2 times (x 68B)
Class org.jetbrains.kotlin.serialization.deserialization.descriptors.DeserializedMemberScope$OptimizedImplementation$properties$1: loaded 2 times (x 77B)
Class com.google.common.collect.AbstractMapBasedMultimap$KeySet                       : loaded 2 times (x 135B)
Class org.jetbrains.kotlin.descriptors.annotations.Annotations$Companion              : loaded 2 times (x 69B)
Class org.jetbrains.kotlin.resolve.checkers.LocalVariableTypeParametersChecker        : loaded 2 times (x 72B)
Class kotlin.reflect.jvm.internal.impl.builtins.functions.FunctionTypeKind$Function   : loaded 2 times (x 70B)
Class kotlin.reflect.KProperty$Getter                                                 : loaded 2 times (x 68B)
Class com.android.builder.model.v2.ide.BundleInfo                                     : loaded 2 times (x 68B)
Class org.jetbrains.kotlin.load.kotlin.MemberSignature                                : loaded 2 times (x 70B)
Class org.jetbrains.kotlin.config.JvmAnalysisFlags$suppressMissingBuiltinsError$2     : loaded 2 times (x 125B)
Class sync_studio_tooling4_35czuxiou7m6n3ap7bri183gp                                  : loaded 2 times (x 177B)
Class kotlin.io.FileTreeWalk$WalkState                                                : loaded 2 times (x 71B)
Class org.jetbrains.kotlin.resolve.MemberComparator$NameAndTypeMemberComparator       : loaded 2 times (x 89B)
Class org.jetbrains.kotlin.psi.psiUtil.KtPsiUtilKt                                    : loaded 2 times (x 69B)
Class org.jetbrains.kotlin.scripting.definitions.KotlinScriptDefinition               : loaded 2 times (x 109B)
Class org.jetbrains.kotlin.load.java.structure.JavaEnumValueAnnotationArgument        : loaded 2 times (x 68B)
Class org.jetbrains.kotlin.psi.KtThrowExpression                                      : loaded 2 times (x 436B)
Class org.jetbrains.kotlin.container.DefaultSingletonTypeComponentDescriptor          : loaded 2 times (x 91B)
Class org.jetbrains.kotlin.builtins.functions.FunctionTypeKind$Function               : loaded 2 times (x 74B)
Class org.jetbrains.kotlin.descriptors.annotations.AnnotationUseSiteTarget            : loaded 2 times (x 77B)
Class org.jetbrains.kotlin.resolve.checkers.ValueParameterUsageInDefaultArgumentChecker: loaded 2 times (x 72B)
Class org.jetbrains.kotlin.frontend.java.di.InjectionKt                               : loaded 2 times (x 69B)
Class org.jetbrains.kotlin.psi.KtVisitor                                              : loaded 2 times (x 189B)
Class it.unimi.dsi.fastutil.Hash$Strategy                                             : loaded 2 times (x 68B)
Class org.jetbrains.kotlin.resolve.calls.inference.DescriptorRelatedInferenceUtilsKt  : loaded 2 times (x 69B)
Class org.jetbrains.kotlin.cli.jvm.compiler.KotlinCliJavaFileManagerImpl$Companion    : loaded 2 times (x 69B)
Class com.amazon.ion.impl.lite.IonStringLite                                          : loaded 2 times (x 210B)
Class org.jetbrains.kotlin.resolve.calls.inference.CapturedType                       : loaded 2 times (x 97B)
Class org.jetbrains.kotlin.load.java.lazy.descriptors.LazyJavaScope$declaredFunctions$1: loaded 2 times (x 77B)
Class org.jetbrains.kotlin.psi.KtUserType                                             : loaded 2 times (x 510B)
Class org.jetbrains.kotlin.container.CacheKt                                          : loaded 2 times (x 69B)
Class [Lorg.jetbrains.kotlin.psi.KtAnnotationsContainer;                              : loaded 2 times (x 67B)
Class org.jetbrains.kotlin.scripting.compiler.plugin.definitions.CliScriptDefinitionProvider: loaded 2 times (x 88B)
Class org.jetbrains.kotlin.diagnostics.DiagnosticSink$DiagnosticsCallback             : loaded 2 times (x 68B)
Class org.jetbrains.kotlin.config.JvmAnalysisFlags$Delegates$JavaTypeEnhancementStateWarnByDefault: loaded 2 times (x 69B)
Class kotlin.reflect.jvm.internal.KClassImpl$Data$simpleName$2                        : loaded 2 times (x 77B)
Class org.objectweb.asm.Handler                                                       : loaded 2 times (x 70B)
Class org.jetbrains.kotlin.mpp.TypeParameterSymbolMarker                              : loaded 2 times (x 68B)
Class org.jetbrains.kotlin.descriptors.PackageFragmentProviderOptimized               : loaded 2 times (x 68B)
Class org.jetbrains.kotlin.resolve.jvm.checkers.JvmArrayVariableInLoopAssignmentChecker: loaded 2 times (x 74B)
Class org.jetbrains.kotlin.diagnostics.PositioningStrategies$PARAMETERS_WITH_DEFAULT_VALUE$1: loaded 2 times (x 72B)
Class org.jetbrains.kotlin.resolve.calls.checkers.LateinitIntrinsicApplicabilityChecker: loaded 2 times (x 72B)
Class [Lorg.jetbrains.kotlin.psi.KtTypeReference;                                     : loaded 2 times (x 67B)
Class org.jetbrains.kotlin.scripting.definitions.ScriptDependenciesProvider           : loaded 2 times (x 73B)
Class org.jetbrains.kotlin.util.ReturnsCheck$ReturnsUnit$1                            : loaded 2 times (x 76B)
Class org.jetbrains.kotlin.resolve.scopes.LexicalWritableScope$Snapshot               : loaded 2 times (x 91B)
Class org.jetbrains.kotlin.builtins.jvm.JvmBuiltIns$Settings                          : loaded 2 times (x 70B)
Class [Lorg.jetbrains.kotlin.descriptors.impl.ModuleDescriptorImpl;                   : loaded 2 times (x 67B)
Class org.jetbrains.kotlin.diagnostics.DiagnosticFactory                              : loaded 2 times (x 74B)
Class org.gradle.internal.impldep.gnu.trove.TObjectIntProcedure                       : loaded 2 times (x 68B)
Class org.jetbrains.kotlin.descriptors.ClassKind                                      : loaded 2 times (x 77B)
Class org.jetbrains.kotlin.resolve.BindingContext                                     : loaded 2 times (x 68B)
Class org.jetbrains.kotlin.platform.TargetPlatformVersion$NoVersion                   : loaded 2 times (x 72B)
Class org.jetbrains.kotlin.psi.KtSuperExpression                                      : loaded 2 times (x 437B)
Class kotlin.reflect.jvm.internal.impl.name.FqNameUnsafe                              : loaded 2 times (x 70B)
Class com.android.builder.model.v2.ide.LibraryInfo                                    : loaded 2 times (x 68B)
Class [Lorg.jetbrains.kotlin.resolve.calls.tower.ScopeTowerProcessor;                 : loaded 2 times (x 67B)
Class org.jetbrains.kotlin.load.java.BuiltinSpecialProperties                         : loaded 2 times (x 69B)
Class org.jetbrains.kotlin.resolve.lazy.LazyClassContext                              : loaded 2 times (x 68B)
Class [Lorg.jetbrains.kotlin.diagnostics.DiagnosticFactoryWithPsiElement;             : loaded 2 times (x 67B)
Class org.jetbrains.kotlin.scripting.definitions.ClasspathWithClassLoader             : loaded 2 times (x 68B)
Class kotlin.coroutines.CoroutineContext$Key                                          : loaded 2 times (x 68B)
Class org.jetbrains.kotlin.config.AnalysisFlags$libraryToSourceAnalysis$2             : loaded 2 times (x 125B)
Class org.jetbrains.kotlin.util.CheckResult$IllegalFunctionName                       : loaded 2 times (x 69B)
Class org.jetbrains.kotlin.name.State                                                 : loaded 2 times (x 77B)
Class org.jetbrains.kotlin.protobuf.AbstractParser                                    : loaded 2 times (x 142B)
Class [Lorg.jetbrains.kotlin.psi.KtTypeConstraint;                                    : loaded 2 times (x 67B)
Class com.android.ide.common.gradle.Numeric                                           : loaded 2 times (x 75B)
Class org.gradle.tooling.internal.gradle.GradleProjectIdentity                        : loaded 2 times (x 68B)
Class org.jetbrains.kotlin.config.AnalysisFlags$explicitApiVersion$2                  : loaded 2 times (x 125B)
Class org.jetbrains.kotlin.load.java.lazy.descriptors.LazyJavaPackageScope$KotlinClassLookupResult$Found: loaded 2 times (x 70B)
Class [Lorg.jetbrains.org.objectweb.asm.Symbol;                                       : loaded 2 times (x 67B)
Class org.jetbrains.kotlin.resolve.deprecation.DescriptorBasedDeprecationInfoKt$DEPRECATED_FUNCTION_KEY$1: loaded 2 times (x 69B)
Class org.jetbrains.kotlin.resolve.calls.GenericCandidateResolverKt                   : loaded 2 times (x 69B)
Class org.jetbrains.kotlin.parsing.BindAll                                            : loaded 2 times (x 72B)
Class org.jetbrains.kotlin.metadata.jvm.JvmProtoBuf$JvmPropertySignature              : loaded 2 times (x 112B)
Class org.jetbrains.kotlin.protobuf.LazyStringList                                    : loaded 2 times (x 68B)
Class [Lorg.jetbrains.kotlin.psi.KtTypeConstraintList;                                : loaded 2 times (x 67B)
Class org.jetbrains.kotlin.scripting.definitions.LazyScriptDefinitionProvider$Companion: loaded 2 times (x 69B)
Class com.intellij.util.ArrayUtilRt                                                   : loaded 2 times (x 69B)
Class net.rubygrapefruit.platform.internal.Platform$Linux32Bit                        : loaded 2 times (x 81B)
Class org.jetbrains.kotlin.serialization.deserialization.descriptors.DeserializedMemberScope$OptimizedImplementation$functions$1: loaded 2 times (x 77B)
Class org.jetbrains.kotlin.protobuf.GeneratedMessageLite$ExtendableBuilder            : loaded 2 times (x 137B)
Class org.jetbrains.org.objectweb.asm.tree.AbstractInsnNode                           : loaded 2 times (x 76B)
Class org.jetbrains.kotlin.resolve.calls.tower.KnownResultProcessor                   : loaded 2 times (x 74B)
Class org.jetbrains.kotlin.util.slicedMap.OpenAddressLinearProbingHashTable           : loaded 2 times (x 127B)
Class com.amazon.ion.impl.bin.IonRawBinaryWriter$StreamCloseMode                      : loaded 2 times (x 77B)
Class net.rubygrapefruit.platform.internal.Platform$MacOs64Bit                        : loaded 2 times (x 80B)
Class org.jetbrains.kotlin.resolve.calls.model.ResolvedCallArgument                   : loaded 2 times (x 70B)
Class org.jetbrains.kotlin.builtins.PlatformSpecificCastChecker                       : loaded 2 times (x 68B)
Class [Lorg.jetbrains.kotlin.psi.KtDeclarationStub;                                   : loaded 2 times (x 67B)
Class com.android.builder.model.v2.models.AndroidProject                              : loaded 2 times (x 68B)
Class org.jetbrains.kotlin.serialization.deserialization.descriptors.DeserializedClassDescriptor$EnumEntryClassDescriptors$enumMemberNames$1: loaded 2 times (x 77B)
Class org.jetbrains.kotlin.psi.KtImportInfo$ImportContent                             : loaded 2 times (x 69B)
Class [Lorg.jetbrains.kotlin.psi.KtParameterList;                                     : loaded 2 times (x 67B)
Class [Lorg.jetbrains.kotlin.load.java.descriptors.JavaMethodDescriptor$ParameterNamesStatus;: loaded 2 times (x 67B)
Class org.jetbrains.kotlin.platform.jvm.JvmPlatformKt                                 : loaded 2 times (x 69B)
Class org.jetbrains.kotlin.psi.KtContextReceiverList                                  : loaded 2 times (x 441B)
Class org.jetbrains.kotlin.cli.common.config.KotlinSourceRoot                         : loaded 2 times (x 70B)
Class org.gradle.tooling.internal.adapter.MethodInvocation                            : loaded 2 times (x 83B)
Class com.google.common.cache.LocalCache$ValueReference                               : loaded 2 times (x 68B)
Class org.jetbrains.kotlin.resolve.source.PsiSourceElement                            : loaded 2 times (x 68B)
Class org.jetbrains.kotlin.resolve.lazy.FileScopeFactory$DefaultImportImpl            : loaded 2 times (x 78B)
Class org.jetbrains.kotlin.resolve.calls.components.AdditionalDiagnosticReporter      : loaded 2 times (x 70B)
Class org.jetbrains.kotlin.psi.KtWhenConditionIsPattern                               : loaded 2 times (x 376B)
Class org.gradle.internal.time.CountdownTimer                                         : loaded 2 times (x 68B)
Class org.gradle.internal.time.Clock                                                  : loaded 2 times (x 68B)
Class com.google.common.collect.CollectSpliterators                                   : loaded 2 times (x 69B)
Class org.jetbrains.kotlin.renderer.DescriptorRendererOptionsImpl$defaultParameterValueRenderer$2: loaded 2 times (x 76B)
Class org.jetbrains.kotlin.parsing.AbstractTokenStreamPattern                         : loaded 2 times (x 81B)
Class org.jetbrains.kotlin.diagnostics.PositioningStrategies$TYPEALIAS_TYPE_REFERENCE$1: loaded 2 times (x 72B)
Class [Lorg.jetbrains.kotlin.resolve.lazy.LazyImportScope$FilteringKind;              : loaded 2 times (x 67B)
Class org.jetbrains.kotlin.resolve.scopes.LexicalScope$DefaultImpls                   : loaded 2 times (x 69B)
Class org.jetbrains.kotlin.load.java.JavaNullabilityAnnotationsStatus                 : loaded 2 times (x 70B)
Class kotlin.script.experimental.host.ScriptingHostConfiguration$Builder              : loaded 2 times (x 70B)
Class kotlin.coroutines.jvm.internal.CompletedContinuation                            : loaded 2 times (x 73B)
Class org.jetbrains.kotlin.load.java.lazy.descriptors.LazyJavaClassMemberScope$computeMemberIndex$1: loaded 2 times (x 76B)
Class org.jetbrains.kotlin.resolve.calls.components.CompletedCallInfo                 : loaded 2 times (x 68B)
Class org.jetbrains.kotlin.resolve.lazy.descriptors.AbstractLazyMemberScope$propertyDescriptors$1: loaded 2 times (x 77B)
Class org.jetbrains.kotlin.renderer.DescriptorRendererOptionsImpl$typeNormalizer$2    : loaded 2 times (x 76B)
Class org.jetbrains.kotlin.resolve.jvm.extensions.PackageFragmentProviderExtension$Companion: loaded 2 times (x 70B)
Class com.android.tools.lint.model.DefaultLintModelLintOptions                        : loaded 2 times (x 101B)
Class org.jetbrains.kotlin.util.ReturnsCheck                                          : loaded 2 times (x 78B)
Class org.jetbrains.kotlin.resolve.jvm.modules.JavaModuleResolver$SERVICE             : loaded 2 times (x 69B)
Class org.jetbrains.kotlin.descriptors.ClassConstructorDescriptor                     : loaded 2 times (x 68B)
Class com.amazon.ion.impl.bin.IonRawBinaryWriter$PatchPoint                           : loaded 2 times (x 69B)
Class org.jetbrains.kotlin.resolve.calls.model.CompletedCallResolutionResult          : loaded 2 times (x 72B)
Class javaslang.control.Option$None                                                   : loaded 2 times (x 212B)
Class [Lorg.jetbrains.kotlin.metadata.ProtoBuf$Class$Kind;                            : loaded 2 times (x 67B)
Class org.jetbrains.kotlin.utils.WrappedValues$WrappedProcessCanceledException        : loaded 2 times (x 80B)
Class org.jetbrains.org.objectweb.asm.RecordComponentWriter                           : loaded 2 times (x 76B)
Class com.google.common.io.Java8Compatibility                                         : loaded 2 times (x 69B)
Class org.jetbrains.kotlin.load.java.SpecialGenericSignatures$TypeSafeBarrierDescription: loaded 2 times (x 78B)
Class org.jetbrains.kotlin.types.TypeApproximatorConfiguration                        : loaded 2 times (x 84B)
Class org.jetbrains.org.objectweb.asm.tree.JumpInsnNode                               : loaded 2 times (x 77B)
Class org.gradle.internal.classloader.ClasspathUtil                                   : loaded 2 times (x 69B)
Class org.jetbrains.kotlin.types.TypeProjectionImpl                                   : loaded 2 times (x 83B)
Class org.jetbrains.kotlin.descriptors.ValueClassRepresentation                       : loaded 2 times (x 72B)
Class org.jetbrains.kotlin.metadata.deserialization.ProtoBufUtilKt                    : loaded 2 times (x 69B)
Class org.jetbrains.kotlin.metadata.jvm.deserialization.JvmNameResolverBase$WhenMappings: loaded 2 times (x 69B)
Class org.apache.commons.io.FileUtils                                                 : loaded 2 times (x 69B)
Class [Lcom.google.common.collect.MapMaker$Dummy;                                     : loaded 2 times (x 67B)
Class org.jetbrains.kotlin.resolve.VisibilityUtilKt                                   : loaded 2 times (x 69B)
Class org.jetbrains.kotlin.cli.jvm.compiler.KotlinCliJavaFileManagerImpl$findClasses$1$1$2: loaded 2 times (x 77B)
Class org.jetbrains.kotlin.resolve.calls.results.PlatformOverloadsSpecificityComparator: loaded 2 times (x 68B)
Class org.jetbrains.kotlin.descriptors.impl.ModuleDescriptorImpl$packages$1           : loaded 2 times (x 77B)
Class org.jetbrains.kotlin.diagnostics.Severity                                       : loaded 2 times (x 77B)
Class org.jetbrains.kotlin.fir.extensions.FirExtensionRegistrarAdapter$Companion      : loaded 2 times (x 70B)
Class kotlin.io.FileTreeWalk$DirectoryState                                           : loaded 2 times (x 71B)
Class com.amazon.ion.IonInt                                                           : loaded 2 times (x 68B)
Class org.objectweb.asm.CurrentFrame                                                  : loaded 2 times (x 71B)
Class org.jetbrains.kotlin.load.java.lazy.types.JavaTypeResolverKt                    : loaded 2 times (x 69B)
Class org.jetbrains.kotlin.descriptors.DeserializedDeclarationsFromSupertypeConflictDataKey: loaded 2 times (x 69B)
Class org.jetbrains.kotlin.metadata.ProtoBuf$TypeParameter$Variance                   : loaded 2 times (x 80B)
Class org.jetbrains.kotlin.psi.KtDestructuringDeclarationEntry                        : loaded 2 times (x 1235B)
Class org.jetbrains.kotlin.scripting.compiler.plugin.JvmCliReplShellExtension         : loaded 2 times (x 73B)
Class org.jetbrains.kotlin.load.java.structure.impl.classFiles.BinaryClassSignatureParser: loaded 2 times (x 70B)
Class com.google.common.util.concurrent.AbstractFuture                                : loaded 2 times (x 93B)
Class org.jetbrains.kotlin.resolve.calls.model.ResolvedExpressionAtom                 : loaded 2 times (x 72B)
Class org.jetbrains.kotlin.resolve.calls.inference.components.ClassicConstraintSystemUtilContext: loaded 2 times (x 91B)
Class org.jetbrains.kotlin.diagnostics.PositioningStrategies$PROPERTY_INITIALIZER$1   : loaded 2 times (x 72B)
Class org.jetbrains.kotlin.psi.stubs.KotlinClassifierStub                             : loaded 2 times (x 68B)
Class org.jetbrains.kotlin.resolve.extensions.AssignResolutionAltererExtension$Companion: loaded 2 times (x 70B)
Class com.android.ide.common.gradle.Version$Companion                                 : loaded 2 times (x 69B)
Class org.jetbrains.kotlin.types.checker.NewCapturedType                              : loaded 2 times (x 92B)
Class org.jetbrains.org.objectweb.asm.SymbolTable$Entry                               : loaded 2 times (x 72B)
Class com.google.common.reflect.TypeResolver                                          : loaded 2 times (x 70B)
Class org.jetbrains.kotlin.load.kotlin.JvmDescriptorTypeWriter                        : loaded 2 times (x 74B)
Class org.jetbrains.kotlin.resolve.lazy.descriptors.LazyClassMemberScope$_classifierNames$2: loaded 2 times (x 77B)
Class org.jetbrains.kotlin.resolve.QualifiedExpressionResolver                        : loaded 2 times (x 70B)
Class org.jetbrains.kotlin.resolve.lazy.DelegationFilter                              : loaded 2 times (x 68B)
Class it.unimi.dsi.fastutil.objects.ObjectSpliterator                                 : loaded 2 times (x 68B)
Class [Lorg.jetbrains.kotlin.resolve.calls.smartcasts.DataFlowValue$Kind;             : loaded 2 times (x 67B)
Class org.jetbrains.kotlin.types.model.DynamicTypeMarker                              : loaded 2 times (x 68B)
Class org.jetbrains.kotlin.descriptors.impl.ModuleDependencies                        : loaded 2 times (x 68B)
Class org.jetbrains.kotlin.builtins.PrimitiveType                                     : loaded 2 times (x 77B)
Class org.jetbrains.kotlin.resolve.calls.model.ArgumentMatchStatus                    : loaded 2 times (x 77B)
Class org.jetbrains.kotlin.storage.LockBasedLazyResolveStorageManager$LockProtectedContext$get$1: loaded 2 times (x 77B)
Class org.jetbrains.kotlin.types.TypeSystemCommonBackendContext                       : loaded 2 times (x 68B)
Class org.jetbrains.kotlin.metadata.deserialization.Flags$EnumLiteFlagField           : loaded 2 times (x 74B)
Class org.jetbrains.kotlin.psi.KtLabeledExpression                                    : loaded 2 times (x 552B)
Class kotlin.reflect.jvm.internal.impl.builtins.functions.FunctionTypeKind            : loaded 2 times (x 70B)
Class org.jetbrains.kotlin.tooling.core.HasMutableExtras                              : loaded 2 times (x 68B)
Class org.jetbrains.kotlin.load.kotlin.MethodSignatureMappingKt                       : loaded 2 times (x 69B)
Class org.jetbrains.kotlin.name.FqNamesUtilKt                                         : loaded 2 times (x 69B)
Class org.jetbrains.kotlin.load.java.sam.JvmSamConversionOracle                       : loaded 2 times (x 75B)
Class kotlin.properties.ReadWriteProperty                                             : loaded 2 times (x 68B)
Class org.jetbrains.kotlin.container.StorageComponentContainer$unknownContext$2       : loaded 2 times (x 77B)
Class [Lorg.jetbrains.kotlin.psi.KtTypeAlias;                                         : loaded 2 times (x 67B)
Class com.amazon.ion.impl._Private_IonSymbol                                          : loaded 2 times (x 68B)
Class [Lorg.jetbrains.kotlin.resolve.lazy.FileScopeFactory$FilteringKind;             : loaded 2 times (x 67B)
Class org.jetbrains.kotlin.metadata.ProtoBuf$TypeAlias                                : loaded 2 times (x 135B)
Class org.jetbrains.kotlin.psi.Call                                                   : loaded 2 times (x 68B)
Class org.jetbrains.kotlin.protobuf.WireFormat$FieldType$1                            : loaded 2 times (x 81B)
Class com.amazon.ion.impl._Private_IonBinaryWriterBuilder$Mutable                     : loaded 2 times (x 107B)
Class org.gradle.tooling.model.BuildIdentifier                                        : loaded 2 times (x 68B)
Class org.jetbrains.kotlin.resolve.calls.components.MapTypeArguments                  : loaded 2 times (x 71B)
Class org.jetbrains.kotlin.load.java.structure.impl.JavaClassImpl                     : loaded 2 times (x 137B)
Class org.jetbrains.kotlin.protobuf.WireFormat$FieldType$2                            : loaded 2 times (x 81B)
Class com.intellij.openapi.diagnostic.DefaultLogger                                   : loaded 2 times (x 98B)
Class org.jetbrains.kotlin.resolve.lazy.declarations.CliDeclarationProviderFactoryService: loaded 2 times (x 71B)
Class org.jetbrains.kotlin.types.checker.NewKotlinTypeCheckerImpl                     : loaded 2 times (x 79B)
Class org.jetbrains.kotlin.mpp.PropertySymbolMarker                                   : loaded 2 times (x 68B)
Class org.jetbrains.kotlin.protobuf.WireFormat$FieldType$3                            : loaded 2 times (x 81B)
Class org.jetbrains.kotlin.parsing.KotlinParsing$1                                    : loaded 2 times (x 76B)
Class org.jetbrains.kotlin.cli.jvm.modules.CoreJrtFileSystem$Companion                : loaded 2 times (x 69B)
Class org.jetbrains.kotlin.diagnostics.PositioningStrategies$DOT_BY_QUALIFIED$1       : loaded 2 times (x 72B)
Class org.jetbrains.kotlin.serialization.deserialization.descriptors.DeserializedTypeParameterDescriptor$annotations$1: loaded 2 times (x 77B)
Class org.jetbrains.kotlin.builtins.jvm.JvmBuiltInsCustomizer$deprecationForSomeOfTheListMethods$1: loaded 2 times (x 77B)
Class org.jetbrains.kotlin.protobuf.WireFormat$FieldType$4                            : loaded 2 times (x 81B)
Class org.jetbrains.kotlin.protobuf.MessageLite$Builder                               : loaded 2 times (x 68B)
Class org.jetbrains.kotlin.container.PlatformExtensionsClashResolver$FallbackToDefault: loaded 2 times (x 71B)
Class org.jetbrains.kotlin.parsing.KotlinParsing$2                                    : loaded 2 times (x 76B)
Class org.jetbrains.kotlin.resolve.checkers.PlatformDiagnosticSuppressor              : loaded 2 times (x 68B)
Class org.jetbrains.kotlin.parsing.KotlinParsing$3                                    : loaded 2 times (x 110B)
Class org.jetbrains.kotlin.resolve.jvm.KotlinJavaPsiFacade$KotlinPsiElementFinderWrapperImpl: loaded 2 times (x 80B)
Class kotlin.coroutines.CoroutineContext$Element                                      : loaded 2 times (x 68B)
Class com.intellij.openapi.diagnostic.Logger$Factory                                  : loaded 2 times (x 68B)
Class org.jetbrains.kotlin.load.java.BuiltinMethodsWithSpecialGenericSignature        : loaded 2 times (x 69B)
Class org.jetbrains.kotlin.types.AbstractStrictEqualityTypeChecker                    : loaded 2 times (x 69B)
Class kotlin.script.experimental.api.ScriptCompilationConfigurationKeys               : loaded 2 times (x 68B)
Class org.jetbrains.kotlin.metadata.ProtoBuf$PackageFragment$1                        : loaded 2 times (x 142B)
Class com.android.prefs.AndroidLocationsException                                     : loaded 2 times (x 80B)
Class org.jetbrains.kotlin.resolve.calls.model.DataFlowInfoForArguments               : loaded 2 times (x 68B)
Class org.jetbrains.kotlin.resolve.VarianceChecker                                    : loaded 2 times (x 70B)
Class org.jetbrains.kotlin.resolve.checkers.OptInUsageChecker$OptInReporterMultiplexer: loaded 2 times (x 70B)
Class org.jetbrains.kotlin.diagnostics.PositioningStrategies$PARAMETER_VARARG_MODIFIER$1: loaded 2 times (x 72B)
Class org.jetbrains.kotlin.psi.KtSuperTypeList                                        : loaded 2 times (x 445B)
Class kotlin.reflect.jvm.internal.impl.resolve.jvm.JvmPrimitiveType                   : loaded 2 times (x 77B)
Class com.google.common.collect.ReverseOrdering                                       : loaded 2 times (x 113B)
Class org.jetbrains.kotlin.load.java.descriptors.JavaMethodDescriptor$1               : loaded 2 times (x 69B)
Class org.jetbrains.kotlin.load.java.JavaClassFinder$Request                          : loaded 2 times (x 70B)
Class org.jetbrains.kotlin.util.TypeRegistry                                          : loaded 2 times (x 71B)
Class org.jetbrains.kotlin.diagnostics.DiagnosticFactoryForDeprecation1$Companion     : loaded 2 times (x 69B)
Class com.google.common.collect.TransformedListIterator                               : loaded 2 times (x 91B)
Class org.jetbrains.kotlin.load.java.descriptors.JavaMethodDescriptor$2               : loaded 2 times (x 69B)
Class org.jetbrains.kotlin.container.IterableDescriptor                               : loaded 2 times (x 73B)
Class org.jetbrains.kotlin.psi.KtArrayAccessExpression                                : loaded 2 times (x 503B)
Class kotlin.reflect.jvm.internal.impl.builtins.CompanionObjectMapping                : loaded 2 times (x 69B)
Class org.jetbrains.kotlin.resolve.scopes.receivers.ClassQualifier                    : loaded 2 times (x 90B)
Class org.jetbrains.org.objectweb.asm.tree.IntInsnNode                                : loaded 2 times (x 77B)
Class com.google.common.cache.LocalCache$ValueIterator                                : loaded 2 times (x 84B)
Class com.google.common.base.Ticker$1                                                 : loaded 2 times (x 70B)
Class org.gradle.api.internal.DefaultClassPathRegistry                                : loaded 2 times (x 74B)
Class [Lorg.jetbrains.kotlin.psi.KtModifierListOwnerStub;                             : loaded 2 times (x 67B)
Class Settings_gradle$1$1                                                             : loaded 2 times (x 72B)
Class org.jetbrains.kotlin.psi.KtDynamicType                                          : loaded 2 times (x 504B)
Class [Lorg.jetbrains.kotlin.descriptors.annotations.KotlinTarget;                    : loaded 2 times (x 67B)
Class org.jetbrains.kotlin.resolve.ExceptionWrappingKtVisitorVoid                     : loaded 2 times (x 302B)
Class org.jetbrains.kotlin.resolve.calls.tower.ImplicitsExtensionsResolutionFilter    : loaded 2 times (x 68B)
Class com.android.tools.lint.model.LintModelModuleType                                : loaded 2 times (x 77B)
Class org.jetbrains.kotlin.resolve.calls.tower.NewResolutionOldInferenceKt            : loaded 2 times (x 69B)
Class org.jetbrains.kotlin.resolve.deprecation.DeprecationResolver$isHiddenBecauseOfKotlinVersionAccessibility$1: loaded 2 times (x 77B)
Class org.jetbrains.kotlin.types.expressions.DoubleColonLHS                           : loaded 2 times (x 70B)
Class org.jetbrains.kotlin.descriptors.Visibilities$Internal                          : loaded 2 times (x 77B)
Class org.jetbrains.kotlin.builtins.functions.FunctionTypeKind$SuspendFunction        : loaded 2 times (x 74B)
Class com.amazon.ion.impl.bin.AbstractIonWriter$WriteValueOptimization                : loaded 2 times (x 77B)
Class com.amazon.ion.impl.bin._Private_IonRawWriter                                   : loaded 2 times (x 68B)
Class com.google.common.collect.AbstractIterator$State                                : loaded 2 times (x 77B)
Class [Lorg.objectweb.asm.Symbol;                                                     : loaded 2 times (x 67B)
Class com.google.common.util.concurrent.AbstractFuture$Cancellation                   : loaded 2 times (x 70B)
Class org.jetbrains.kotlin.resolve.calls.components.EagerResolveOfCallableReferences  : loaded 2 times (x 71B)
Class org.jetbrains.kotlin.descriptors.annotations.AnnotationDescriptorImpl           : loaded 2 times (x 80B)
Class org.jetbrains.kotlin.metadata.ProtoBuf$Expression                               : loaded 2 times (x 118B)
Class org.jetbrains.kotlin.descriptors.Visibilities$PrivateToThis                     : loaded 2 times (x 77B)
Class org.jetbrains.kotlin.builtins.jvm.JvmBuiltIns$customizer$2$1                    : loaded 2 times (x 77B)
Class org.jetbrains.kotlin.resolve.TargetEnvironment$Companion                        : loaded 2 times (x 69B)
Class org.jetbrains.kotlin.resolve.calls.checkers.CompanionIncorrectlyUnboundedWhenUsedAsLHSCallChecker: loaded 2 times (x 72B)
Class org.jetbrains.kotlin.diagnostics.rendering.DefaultErrorMessages$Extension       : loaded 2 times (x 68B)
Class org.jetbrains.kotlin.psi.KtConstructorDelegationReferenceExpression             : loaded 2 times (x 497B)
Class org.jetbrains.kotlin.psi.stubs.elements.KtModifierListElementType               : loaded 2 times (x 101B)
Class org.jetbrains.kotlin.resolve.calls.model.KotlinCallKind                         : loaded 2 times (x 77B)
Class org.jetbrains.kotlin.resolve.VarianceCheckerCore$Companion                      : loaded 2 times (x 69B)
Class org.jetbrains.kotlin.serialization.deserialization.KotlinMetadataFinder         : loaded 2 times (x 68B)
Class org.jetbrains.kotlin.resolve.calls.context.ResolutionContext                    : loaded 2 times (x 83B)
Class org.jetbrains.kotlin.types.expressions.PatternMatchingTypingVisitor             : loaded 2 times (x 190B)
Class com.google.common.collect.Interner                                              : loaded 2 times (x 68B)
Class org.jetbrains.kotlin.resolve.calls.smartcasts.IdentifierInfo$PackageOrClass     : loaded 2 times (x 75B)
Class org.jetbrains.kotlin.resolve.lazy.LazyImportResolver$collectFromImports$1       : loaded 2 times (x 77B)
Class org.jetbrains.kotlin.load.kotlin.JvmTypeFactoryImpl                             : loaded 2 times (x 77B)
Class org.jetbrains.kotlin.resolve.calls.results.OverloadResolutionResults$Code       : loaded 2 times (x 77B)
Class org.jetbrains.kotlin.resolve.calls.tower.ExpressionKotlinCallArgumentImpl       : loaded 2 times (x 91B)
Class org.jetbrains.kotlin.load.kotlin.header.ReadKotlinClassHeaderAnnotationVisitor$KotlinMetadataArgumentVisitor: loaded 2 times (x 84B)
Class org.jetbrains.kotlin.resolve.calls.inference.components.VariableFixationFinder  : loaded 2 times (x 70B)
Class [Lorg.jetbrains.kotlin.psi.KtStringTemplateEntry;                               : loaded 2 times (x 67B)
Class org.jetbrains.kotlin.extensions.CompilerConfigurationExtension$Companion        : loaded 2 times (x 70B)
Class org.jetbrains.kotlin.utils.PlatformUtilsKt                                      : loaded 2 times (x 69B)
Class com.intellij.openapi.diagnostic.LogLevel                                        : loaded 2 times (x 77B)
Class com.amazon.ion.impl.bin.IonManagedBinaryWriter$UserState                        : loaded 2 times (x 83B)
Class [Lorg.jetbrains.kotlin.resolve.calls.tower.WrongResolutionToClassifier;         : loaded 2 times (x 67B)
Class org.jetbrains.kotlin.resolve.scopes.MemberScope$Companion                       : loaded 2 times (x 69B)
Class org.jetbrains.kotlin.resolve.calls.model.KotlinCallComponents                   : loaded 2 times (x 70B)
Class org.objectweb.asm.tree.ClassNode                                                : loaded 2 times (x 89B)
Class org.jetbrains.kotlin.protobuf.FieldSet                                          : loaded 2 times (x 70B)
Class com.android.tools.lint.model.DefaultLintModelMavenName                          : loaded 2 times (x 85B)
Class org.jetbrains.kotlin.load.java.lazy.descriptors.LazyJavaPackageFragment$subPackages$1: loaded 2 times (x 77B)
Class org.jetbrains.kotlin.metadata.deserialization.TypeTable                         : loaded 2 times (x 70B)
Class [Lorg.jetbrains.kotlin.metadata.ProtoBuf$TypeParameter$Variance;                : loaded 2 times (x 67B)
Class kotlin.reflect.jvm.internal.KPackageImpl                                        : loaded 2 times (x 83B)
Class javaslang.Value                                                                 : loaded 2 times (x 68B)
Class org.jetbrains.kotlin.resolve.QualifiedExpressionResolver$TypeQualifierResolutionResult: loaded 2 times (x 70B)
Class org.jetbrains.kotlin.diagnostics.GenericDiagnostics                             : loaded 2 times (x 68B)
Class org.jetbrains.kotlin.resolve.jvm.modules.JavaModuleInfo$Companion$read$1$visitModule$1: loaded 2 times (x 79B)
Class org.gradle.api.internal.classpath.DefaultModuleRegistry$DefaultModule           : loaded 2 times (x 84B)
Class org.jetbrains.kotlin.resolve.calls.model.AbstractPostponedCallableReferenceAtom : loaded 2 times (x 84B)
Class [Lorg.jetbrains.kotlin.types.TypeProjection;                                    : loaded 2 times (x 67B)
Class kotlin.coroutines.ContinuationInterceptor$Key                                   : loaded 2 times (x 69B)
Class com.amazon.ion.ReadOnlyValueException                                           : loaded 2 times (x 82B)
Class net.rubygrapefruit.platform.internal.Platform                                   : loaded 2 times (x 77B)
Class org.jetbrains.kotlin.resolve.constants.evaluate.ConstantExpressionEvaluatorVisitor: loaded 2 times (x 190B)
Class org.jetbrains.kotlin.resolve.calls.inference.components.ConstraintSystemUtilContext: loaded 2 times (x 68B)
Class org.jetbrains.kotlin.metadata.deserialization.NameResolver                      : loaded 2 times (x 68B)
Class org.jetbrains.kotlin.cli.jvm.index.JvmDependenciesIndexImpl$packageCache$2      : loaded 2 times (x 77B)
Class org.jetbrains.kotlin.load.java.structure.impl.source.JavaElementSourceFactory   : loaded 2 times (x 77B)
Class org.jetbrains.kotlin.resolve.sam.SamConversionResolverImpl$resolveFunctionTypeIfSamInterface$1: loaded 2 times (x 77B)
Class org.jetbrains.org.objectweb.asm.tree.FieldInsnNode                              : loaded 2 times (x 77B)
Class com.google.common.io.LineReader                                                 : loaded 2 times (x 70B)
Class org.jetbrains.kotlin.util.AbstractModifierChecks                                : loaded 2 times (x 70B)
Class org.jetbrains.kotlin.descriptors.PackageViewDescriptor                          : loaded 2 times (x 68B)
Class org.jetbrains.kotlin.resolve.diagnostics.KotlinSuppressCache$Companion          : loaded 2 times (x 69B)
Class org.jetbrains.kotlin.container.DynamicComponentDescriptor                       : loaded 2 times (x 72B)
Class org.jetbrains.kotlin.psi.KtTypeProjection                                       : loaded 2 times (x 582B)
Class org.jetbrains.kotlin.load.java.lazy.descriptors.LazyJavaScope$MethodSignatureData: loaded 2 times (x 70B)
Class org.jetbrains.kotlin.descriptors.VariableDescriptorWithAccessors                : loaded 2 times (x 68B)
Class com.google.common.collect.FluentIterable$3                                      : loaded 2 times (x 79B)
Class org.gradle.tooling.model.build.GradleEnvironment                                : loaded 2 times (x 68B)
Class org.jetbrains.kotlin.resolve.InlineClassDescriptorResolver                      : loaded 2 times (x 69B)
Class org.jetbrains.kotlin.config.ApiVersion$Companion                                : loaded 2 times (x 69B)
Class org.jetbrains.kotlin.resolve.lazy.descriptors.ClassResolutionScopesSupport$scopeForClassHeaderResolution$1: loaded 2 times (x 77B)
Class org.jetbrains.kotlin.frontend.di.InjectionKt                                    : loaded 2 times (x 69B)
Class org.jetbrains.kotlin.serialization.deserialization.DeserializationContext       : loaded 2 times (x 70B)
Class kotlin.reflect.jvm.internal.KClassImpl$Data$inheritedStaticMembers$2            : loaded 2 times (x 77B)
Class kotlin.script.experimental.util.PropertiesCollection$Key                        : loaded 2 times (x 70B)
Class org.jetbrains.kotlin.descriptors.DeserializedDescriptor                         : loaded 2 times (x 68B)
Class org.jetbrains.kotlin.resolve.calls.inference.model.IncorporationConstraintPosition: loaded 2 times (x 70B)
Class org.jetbrains.kotlin.diagnostics.PositioningStrategies$CUT_CHAR_QUOTES$1        : loaded 2 times (x 72B)
Class org.jetbrains.kotlin.diagnostics.PositioningStrategies$VALUE_ARGUMENTS_LIST$1   : loaded 2 times (x 72B)
Class org.jetbrains.kotlin.resolve.LazyTopDownAnalyzer$analyzeDeclarations$1          : loaded 2 times (x 302B)
Class org.jetbrains.kotlin.serialization.deserialization.AnnotationDeserializer       : loaded 2 times (x 70B)
Class org.jetbrains.kotlin.types.AbstractClassTypeConstructor                         : loaded 2 times (x 97B)
Class com.amazon.ion.IonException                                                     : loaded 2 times (x 82B)
Class org.jetbrains.kotlin.load.kotlin.JvmType                                        : loaded 2 times (x 69B)
Class org.jetbrains.kotlin.metadata.jvm.deserialization.ModuleMappingKt               : loaded 2 times (x 69B)
Class org.jetbrains.kotlin.serialization.deserialization.descriptors.DeserializedPackageMemberScope: loaded 2 times (x 108B)
Class org.jetbrains.kotlin.psi.KtAnnotation                                           : loaded 2 times (x 444B)
Class [Lorg.jetbrains.kotlin.psi.KtObjectDeclaration;                                 : loaded 2 times (x 67B)
Class org.jetbrains.kotlin.metadata.ProtoBuf$1                                        : loaded 2 times (x 69B)
Class org.jetbrains.kotlin.builtins.jvm.JvmBuiltInsSignatures                         : loaded 2 times (x 69B)
Class kotlin.script.experimental.jvm.compat.ExpectedLocationUtilKt$WhenMappings       : loaded 2 times (x 69B)
Class org.jetbrains.kotlin.container.ComponentState                                   : loaded 2 times (x 77B)
Class org.jetbrains.kotlin.resolve.lazy.FileScopeFactory$DummyContainerDescriptor     : loaded 2 times (x 107B)
Class org.jetbrains.kotlin.resolve.calls.checkers.CallChecker                         : loaded 2 times (x 68B)
Class org.jetbrains.kotlin.psi.KtWhileExpression                                      : loaded 2 times (x 439B)
Class org.jetbrains.kotlin.scripting.configuration.ScriptingConfigurationKeys         : loaded 2 times (x 69B)
Class org.jetbrains.kotlin.diagnostics.PositioningStrategies$DECLARATION_WITH_BODY$1  : loaded 2 times (x 72B)
Class org.jetbrains.kotlin.metadata.ProtoBuf$Package$1                                : loaded 2 times (x 142B)
Class kotlin.reflect.KMutableProperty                                                 : loaded 2 times (x 68B)
Class kotlin.reflect.KClassifier                                                      : loaded 2 times (x 68B)
Class org.jetbrains.kotlin.extensions.ProcessSourcesBeforeCompilingExtension$Companion: loaded 2 times (x 70B)
Class [Lcom.android.builder.model.v2.ide.AaptOptions$Namespacing;                     : loaded 2 times (x 67B)
Class org.jetbrains.kotlin.resolve.calls.tasks.TracingStrategy                        : loaded 2 times (x 68B)
Class [Lorg.jetbrains.kotlin.psi.ValueArgument;                                       : loaded 2 times (x 67B)
Class [Lorg.jetbrains.kotlin.psi.KtNamedDeclaration;                                  : loaded 2 times (x 67B)
Class org.jetbrains.kotlin.scripting.compiler.plugin.PluginRegisrarKt                 : loaded 2 times (x 69B)
Class com.amazon.ion.BufferConfiguration$DataHandler                                  : loaded 2 times (x 68B)
Class org.jetbrains.kotlin.resolve.calls.tower.TowerResolver$Task$localLevels$2$invoke$$inlined$filterIsInstance$1: loaded 2 times (x 76B)
Class org.jetbrains.kotlin.resolve.ModifierCheckerCore                                : loaded 2 times (x 69B)
Class org.jetbrains.kotlin.load.kotlin.KotlinJvmBinarySourceElement                   : loaded 2 times (x 79B)
Class org.jetbrains.kotlin.protobuf.LiteralByteString                                 : loaded 2 times (x 110B)
Class com.android.ide.gradle.model.artifacts.AdditionalClassifierArtifacts            : loaded 2 times (x 68B)
Class com.google.common.collect.ImmutableSortedAsList                                 : loaded 2 times (x 181B)
Class org.jetbrains.kotlin.load.java.lazy.descriptors.JavaDescriptorUtilKt            : loaded 2 times (x 69B)
Class javaslang.collection.AbstractIterator                                           : loaded 2 times (x 464B)
Class org.jetbrains.kotlin.resolve.jvm.extensions.AnalysisHandlerExtension            : loaded 2 times (x 68B)
Class org.jetbrains.kotlin.metadata.ProtoBuf$Effect$InvocationKind                    : loaded 2 times (x 80B)
Class org.jetbrains.kotlin.metadata.ProtoBuf$Class$Kind$1                             : loaded 2 times (x 72B)
Class org.jetbrains.kotlin.util.OperatorNameConventions                               : loaded 2 times (x 69B)
Class com.amazon.ion.impl.bin.IonManagedBinaryWriter$SymbolState                      : loaded 2 times (x 78B)
Class org.jetbrains.plugins.gradle.tooling.serialization.ExternalTestsSerializationService$WriteContext: loaded 2 times (x 70B)
Class org.jetbrains.kotlin.load.java.typeEnhancement.TypeEnhancementKt$WhenMappings   : loaded 2 times (x 69B)
Class org.jetbrains.kotlin.resolve.deprecation.DeprecationResolver                    : loaded 2 times (x 70B)
Class org.jetbrains.kotlin.cli.jvm.compiler.TopDownAnalyzerFacadeForJVM$AllJavaSourcesInProjectScope: loaded 2 times (x 99B)
Class org.jetbrains.kotlin.scripting.resolve.LazyScriptDescriptor$_resultValue$1      : loaded 2 times (x 77B)
Class org.jetbrains.kotlin.config.AnalysisFlag$Delegates$ListOfStrings                : loaded 2 times (x 69B)
Class org.jetbrains.kotlin.resolve.SinceKotlinAccessibility$NotAccessibleButWasExperimental: loaded 2 times (x 70B)
Class org.jetbrains.kotlin.resolve.TypeResolver$Companion                             : loaded 2 times (x 69B)
Class org.jetbrains.kotlin.resolve.jvm.checkers.JvmSerializableLambdaAnnotationChecker: loaded 2 times (x 72B)
Class org.jetbrains.kotlin.protobuf.GeneratedMessageLite$Builder                      : loaded 2 times (x 126B)
Class [Lorg.jetbrains.kotlin.psi.KtNullableType;                                      : loaded 2 times (x 67B)
Class com.android.tools.lint.model.DefaultLintModelVariant$artifact$2                 : loaded 2 times (x 77B)
Class org.gradle.internal.time.TimeSource                                             : loaded 2 times (x 68B)
Class org.jetbrains.kotlin.psi.stubs.KotlinScriptStub                                 : loaded 2 times (x 68B)
Class org.jetbrains.kotlin.config.JvmAnalysisFlags$Delegates$JvmDefaultModeDisabledByDefault: loaded 2 times (x 69B)
Class org.jetbrains.kotlin.util.ReturnsCheck$ReturnsInt$1                             : loaded 2 times (x 76B)
Class org.jetbrains.kotlin.resolve.lazy.ExplicitImportsIndexed$nameToDirectives$1     : loaded 2 times (x 77B)
Class org.jetbrains.kotlin.platform.jvm.JvmPlatform                                   : loaded 2 times (x 73B)
Class org.jetbrains.kotlin.psi.KtNullableType                                         : loaded 2 times (x 508B)
Class org.jetbrains.kotlin.psi.stubs.elements.KtAnnotationEntryElementType            : loaded 2 times (x 102B)
Class com.android.ide.gradle.model.ArtifactIdentifier                                 : loaded 2 times (x 68B)
Class com.google.common.base.Suppliers$SupplierOfInstance                             : loaded 2 times (x 77B)
Class org.jetbrains.kotlin.load.java.typeEnhancement.JavaTypeQualifiers$Companion     : loaded 2 times (x 69B)
Class org.jetbrains.kotlin.load.java.structure.impl.JavaModifierListOwnerImpl         : loaded 2 times (x 68B)
Class org.jetbrains.kotlin.load.java.lazy.descriptors.JvmPackageScope$kotlinScopes$2  : loaded 2 times (x 77B)
Class org.jetbrains.kotlin.serialization.deserialization.AbstractDeserializedPackageFragmentProvider: loaded 2 times (x 83B)
Class org.jetbrains.kotlin.incremental.components.ExpectActualTracker                 : loaded 2 times (x 68B)
Class org.jetbrains.kotlin.cli.jvm.compiler.KotlinCoreEnvironment$2                   : loaded 2 times (x 123B)
Class org.objectweb.asm.RecordComponentVisitor                                        : loaded 2 times (x 75B)
Class org.jetbrains.kotlin.config.AnalysisFlags$skipPrereleaseCheck$2                 : loaded 2 times (x 125B)
Class org.jetbrains.kotlin.config.JvmTarget$Companion                                 : loaded 2 times (x 69B)
Class org.jetbrains.kotlin.resolve.calls.tower.TowerResolver$Task$nonLocalLevels$2    : loaded 2 times (x 77B)
Class org.jetbrains.kotlin.resolve.calls.tower.PSIKotlinCallImpl                      : loaded 2 times (x 93B)
Class org.jetbrains.kotlin.diagnostics.PositioningStrategies$SELECTOR_BY_QUALIFIED$1  : loaded 2 times (x 72B)
Class org.jetbrains.kotlin.diagnostics.PositioningStrategies$TYPE_PARAMETERS_OR_DECLARATION_SIGNATURE$1: loaded 2 times (x 72B)
Class org.jetbrains.kotlin.types.expressions.ExpressionTypingUtils$1                  : loaded 2 times (x 103B)
Class com.google.common.reflect.Types$ClassOwnership$1                                : loaded 2 times (x 78B)
Class com.google.common.reflect.Invokable                                             : loaded 2 times (x 99B)
Class org.jetbrains.kotlin.resolve.AnnotationTargetLists$T_BACKING_FIELD$1            : loaded 2 times (x 76B)
Class org.jetbrains.kotlin.cli.jvm.compiler.KotlinCoreEnvironment$6                   : loaded 2 times (x 77B)
Class org.jetbrains.kotlin.parsing.KotlinParserDefinition                             : loaded 2 times (x 93B)
Class com.google.common.reflect.Types$ClassOwnership$2                                : loaded 2 times (x 78B)
Class org.jetbrains.kotlin.descriptors.annotations.AnnotationSplitter$Companion       : loaded 2 times (x 69B)
Class org.jetbrains.kotlin.psi.UserDataProperty                                       : loaded 2 times (x 70B)
Class org.jetbrains.kotlin.metadata.ProtoBuf$ValueParameter                           : loaded 2 times (x 126B)
Class com.google.common.reflect.Types$ClassOwnership$3                                : loaded 2 times (x 69B)
Class com.google.common.collect.LinkedHashMultimapGwtSerializationDependencies        : loaded 2 times (x 172B)
Class javaslang.collection.Seq                                                        : loaded 2 times (x 68B)
Class org.jetbrains.kotlin.cli.jvm.modules.CliJavaModuleResolver$virtualFileFinder$2  : loaded 2 times (x 77B)
Class kotlin.reflect.jvm.internal.CachesKt$K_PACKAGE_CACHE$1                          : loaded 2 times (x 76B)
Class com.android.tools.lint.model.LintModelDependencies                              : loaded 2 times (x 68B)
Class org.jetbrains.kotlin.metadata.ProtoBuf$Effect$InvocationKind$1                  : loaded 2 times (x 72B)
Class org.jetbrains.kotlin.psi.KtContractEffect                                       : loaded 2 times (x 441B)
Class com.google.common.collect.FluentIterable$2                                      : loaded 2 times (x 79B)
Class com.amazon.ion.impl.bin.IonManagedBinaryWriter$SymbolState$1                    : loaded 2 times (x 78B)
Class org.jetbrains.kotlin.scripting.resolve.LazyScriptDescriptor$scriptProvidedProperties$1: loaded 2 times (x 77B)
Class [Lkotlin.jvm.internal.markers.KMappedMarker;                                    : loaded 2 times (x 67B)
Class org.jetbrains.kotlin.types.TypeSubstitutionKt                                   : loaded 2 times (x 69B)
Class org.jetbrains.kotlin.resolve.jvm.checkers.TypeParameterBoundIsNotArrayChecker   : loaded 2 times (x 72B)
Class com.amazon.ion.impl.bin.IonManagedBinaryWriter$SymbolState$2                    : loaded 2 times (x 78B)
Class [Lorg.jetbrains.kotlin.descriptors.TypeParameterDescriptor;                     : loaded 2 times (x 67B)
Class javaslang.collection.Set                                                        : loaded 2 times (x 68B)
Class org.jetbrains.kotlin.resolve.jvm.checkers.WarningAwareUpperBoundChecker         : loaded 2 times (x 72B)
Class org.jetbrains.kotlin.builtins.PrimitiveType$arrayTypeFqName$2                   : loaded 2 times (x 77B)
Class [Lorg.jetbrains.kotlin.metadata.ProtoBuf$QualifiedNameTable$QualifiedName$Kind; : loaded 2 times (x 67B)
Class org.jetbrains.kotlin.metadata.ProtoBuf$Annotation$1                             : loaded 2 times (x 142B)
Class kotlin.script.experimental.location.ScriptExpectedLocation                      : loaded 2 times (x 77B)
Class com.amazon.ion.impl.bin.IonManagedBinaryWriter$SymbolState$3                    : loaded 2 times (x 78B)
Class com.intellij.util.containers.IntObjectHashMap$ArrayProducer                     : loaded 2 times (x 68B)
Class org.jetbrains.kotlin.metadata.jvm.JvmProtoBuf$StringTableTypes$1                : loaded 2 times (x 142B)
Class org.jetbrains.kotlin.incremental.components.Position                            : loaded 2 times (x 69B)
Class org.jetbrains.kotlin.resolve.scopes.SyntheticScopes                             : loaded 2 times (x 68B)
Class org.jetbrains.kotlin.psi.KtContextReceiver                                      : loaded 2 times (x 441B)
Class org.jetbrains.kotlin.psi.KtCallElement                                          : loaded 2 times (x 68B)
Class org.jetbrains.kotlin.resolve.CodeAnalyzerInitializer                            : loaded 2 times (x 68B)
Class org.jetbrains.kotlin.cli.jvm.compiler.IdeaExtensionPoints                       : loaded 2 times (x 69B)
Class com.android.tools.lint.model.DefaultLintModelModule                             : loaded 2 times (x 94B)
Class com.amazon.ion.impl.bin.IonManagedBinaryWriter$SymbolState$4                    : loaded 2 times (x 78B)
Class org.gradle.internal.exceptions.NonGradleCauseExceptionsHolder                   : loaded 2 times (x 68B)
Class com.google.common.cache.LocalCache$HashIterator                                 : loaded 2 times (x 84B)
Class org.jetbrains.kotlin.resolve.inline.InlineUtil                                  : loaded 2 times (x 69B)
Class org.jetbrains.kotlin.resolve.scopes.LexicalScope$Base                           : loaded 2 times (x 100B)
Class org.jetbrains.kotlin.resolve.calls.ArgumentTypeResolver                         : loaded 2 times (x 84B)
Class [Lorg.jetbrains.kotlin.builtins.jvm.JvmBuiltIns$Kind;                           : loaded 2 times (x 67B)
Class org.jetbrains.kotlin.diagnostics.PositioningStrategies$PARAMETER_DEFAULT_VALUE$1: loaded 2 times (x 72B)
Class org.jetbrains.kotlin.cli.jvm.compiler.KotlinCoreProjectEnvironment              : loaded 2 times (x 87B)
Class org.jetbrains.kotlin.android.synthetic.idea.AndroidExtensionsGradleModel        : loaded 2 times (x 68B)
Class org.jetbrains.kotlin.types.TypeParameterErasureOptions                          : loaded 2 times (x 69B)
Class [Lcom.intellij.openapi.externalSystem.model.project.dependencies.ResolutionState;: loaded 2 times (x 67B)
Class org.jetbrains.kotlin.serialization.deserialization.descriptors.DeserializedClassDescriptor$EnumEntryClassDescriptors$enumEntryByName$1: loaded 2 times (x 77B)
Class org.jetbrains.kotlin.resolve.OverridingUtil$1                                   : loaded 2 times (x 72B)
Class org.jetbrains.kotlin.resolve.calls.checkers.UnsupportedUntilRangeDeclarationChecker: loaded 2 times (x 72B)
Class org.jetbrains.kotlin.serialization.DescriptorSerializerPlugin$Companion         : loaded 2 times (x 70B)
Class org.jetbrains.kotlin.extensions.internal.TypeResolutionInterceptor$Companion    : loaded 2 times (x 70B)
Class org.jetbrains.kotlin.resolve.jvm.KotlinFinderMarker                             : loaded 2 times (x 68B)
Class [Lorg.jetbrains.kotlin.psi.KtModifierList;                                      : loaded 2 times (x 67B)
Class org.jetbrains.kotlin.resolve.jvm.jvmSignature.JvmMethodGenericSignature         : loaded 2 times (x 74B)
Class org.jetbrains.kotlin.metadata.deserialization.VersionRequirement$Companion      : loaded 2 times (x 69B)
Class org.jetbrains.kotlin.resolve.calls.components.CollectionTypeVariableUsagesInfo  : loaded 2 times (x 71B)
Class org.jetbrains.kotlin.metadata.jvm.JvmProtoBuf$JvmMethodSignature$Builder        : loaded 2 times (x 132B)
Class org.jetbrains.kotlin.protobuf.UnmodifiableLazyStringList$2                      : loaded 2 times (x 81B)
Class [Lorg.jetbrains.kotlin.protobuf.WireFormat$FieldType;                           : loaded 2 times (x 67B)
Class org.jetbrains.kotlin.cli.common.CompilerSystemProperties$value$2                : loaded 2 times (x 123B)
Class com.intellij.openapi.externalSystem.model.project.dependencies.ResolutionState  : loaded 2 times (x 77B)
Class org.jetbrains.kotlin.cli.common.messages.MessageCollector$Companion             : loaded 2 times (x 69B)
Class com.google.common.cache.LocalCache$WriteThroughEntry                            : loaded 2 times (x 77B)
Class org.objectweb.asm.ClassTooLargeException                                        : loaded 2 times (x 81B)
Class org.jetbrains.kotlin.resolve.OverridingUtil$3                                   : loaded 2 times (x 73B)
Class org.jetbrains.kotlin.resolve.jvm.diagnostics.ErrorsJvm$1                        : loaded 2 times (x 69B)
Class org.jetbrains.kotlin.descriptors.VariableAccessorDescriptor                     : loaded 2 times (x 68B)
Class org.jetbrains.kotlin.config.LanguageVersion$Companion                           : loaded 2 times (x 69B)
Class org.jetbrains.kotlin.resolve.OverridingUtil$4                                   : loaded 2 times (x 72B)
Class [Lorg.jetbrains.kotlin.resolve.ExternalOverridabilityCondition$Contract;        : loaded 2 times (x 67B)
Class org.jetbrains.kotlin.metadata.ProtoBuf$VersionRequirementOrBuilder              : loaded 2 times (x 68B)
Class org.jetbrains.kotlin.resolve.lazy.FileScopes                                    : loaded 2 times (x 70B)
Class org.jetbrains.kotlin.resolve.OverridingUtil$5                                   : loaded 2 times (x 73B)
Class org.jetbrains.kotlin.contracts.parsing.PsiContractsUtilsKt                      : loaded 2 times (x 69B)
Class org.jetbrains.kotlin.load.java.lazy.descriptors.LazyJavaScope                   : loaded 2 times (x 109B)
Class org.jetbrains.kotlin.load.java.ReportLevel$Companion                            : loaded 2 times (x 69B)
Class org.jetbrains.kotlin.resolve.OverridingUtil$6                                   : loaded 2 times (x 72B)
Class org.jetbrains.kotlin.resolve.calls.components.ArgumentsToParametersMapper       : loaded 2 times (x 70B)
Class org.jetbrains.kotlin.extensions.AnnotationBasedExtension                        : loaded 2 times (x 68B)
Class com.android.prefs.AndroidLocationsProvider                                      : loaded 2 times (x 68B)
Class org.gradle.api.internal.classpath.UnknownModuleException                        : loaded 2 times (x 80B)
Class org.jetbrains.kotlin.resolve.OverridingUtil$7                                   : loaded 2 times (x 73B)
Class org.jetbrains.kotlin.resolve.calls.tower.NewResolvedCallImpl                    : loaded 2 times (x 115B)
Class org.jetbrains.kotlin.load.java.lazy.descriptors.LazyJavaScope$allDescriptors$1  : loaded 2 times (x 77B)
Class org.jetbrains.kotlin.resolve.checkers.DeprecatedClassifierUsageChecker          : loaded 2 times (x 72B)
Class org.jetbrains.kotlin.resolve.extensions.SyntheticResolveExtension               : loaded 2 times (x 68B)
Class org.jetbrains.kotlin.psi.KtSuperTypeListEntry                                   : loaded 2 times (x 443B)
Class com.amazon.ion.system.SimpleCatalog                                             : loaded 2 times (x 89B)
Class org.jetbrains.kotlin.resolve.OverridingUtil$8                                   : loaded 2 times (x 69B)
Class org.jetbrains.kotlin.protobuf.WireFormat$JavaType                               : loaded 2 times (x 77B)
Class org.jetbrains.kotlin.load.java.structure.JavaClass                              : loaded 2 times (x 68B)
Class org.jetbrains.kotlin.resolve.calls.tower.ErrorCandidateFactoryKt                : loaded 2 times (x 69B)
Class org.jetbrains.kotlin.parsing.KotlinExpressionParsing$Precedence$1               : loaded 2 times (x 79B)
Class org.jetbrains.kotlin.builtins.jvm.JavaToKotlinClassMapper                       : loaded 2 times (x 72B)
Class com.google.common.collect.FluentIterable                                        : loaded 2 times (x 79B)
Class com.google.common.util.concurrent.AbstractFuture$Listener                       : loaded 2 times (x 70B)
Class org.jetbrains.kotlin.resolve.QualifiedExpressionResolver$ExpressionQualifierPart: loaded 2 times (x 72B)
Class org.jetbrains.kotlin.serialization.deserialization.descriptors.DeserializedMemberScope$OptimizedImplementation$variableNames$2: loaded 2 times (x 77B)
Class org.jetbrains.kotlin.resolve.constants.ClassLiteralValue                        : loaded 2 times (x 70B)
Class org.jetbrains.kotlin.name.NameUtils                                             : loaded 2 times (x 69B)
Class org.jetbrains.kotlin.resolve.jvm.checkers.MissingBuiltInDeclarationChecker      : loaded 2 times (x 72B)
Class org.jetbrains.kotlin.parsing.KotlinExpressionParsing$Precedence$2               : loaded 2 times (x 79B)
Class kotlin.reflect.KProperty0                                                       : loaded 2 times (x 68B)
Class com.android.tools.lint.model.DefaultLintModelVariant$mainArtifact$2             : loaded 2 times (x 77B)
Class com.amazon.ion.IonNumber                                                        : loaded 2 times (x 68B)
Class org.jetbrains.kotlin.types.error.ErrorUtils                                     : loaded 2 times (x 69B)
Class org.jetbrains.kotlin.parsing.KotlinExpressionParsing$Precedence$3               : loaded 2 times (x 79B)
Class org.jetbrains.kotlin.asJava.finder.JavaElementFinder$Companion                  : loaded 2 times (x 69B)
Class kotlin.reflect.KProperty1                                                       : loaded 2 times (x 68B)
Class org.apache.commons.io.output.AbstractByteArrayOutputStream                      : loaded 2 times (x 100B)
Class org.jetbrains.kotlin.load.java.JavaDescriptorVisibilities                       : loaded 2 times (x 69B)
Class org.jetbrains.kotlin.descriptors.TypeAliasDescriptor                            : loaded 2 times (x 68B)
Class org.jetbrains.kotlin.resolve.deprecation.DeprecationSettings                    : loaded 2 times (x 68B)
Class org.jetbrains.kotlin.lexer.KtTokens                                             : loaded 2 times (x 68B)
Class kotlin.reflect.KProperty2                                                       : loaded 2 times (x 68B)
Class com.amazon.ion.IonBufferConfiguration$OversizedSymbolTableHandler               : loaded 2 times (x 68B)
Class com.intellij.gradle.toolingExtension.impl.model.buildScriptClasspathModel.GradleBuildScriptClasspathSerializationService: loaded 2 times (x 75B)
Class org.jetbrains.kotlin.descriptors.NotFoundClasses$classes$1                      : loaded 2 times (x 77B)
Class org.jetbrains.kotlin.protobuf.ByteString                                        : loaded 2 times (x 106B)
Class org.jetbrains.kotlin.resolve.checkers.TrailingCommaDeclarationChecker           : loaded 2 times (x 72B)
Class [Lorg.jetbrains.kotlin.psi.KtSuperTypeCallEntry;                                : loaded 2 times (x 67B)
Class org.jetbrains.kotlin.scripting.definitions.AutoloadedScriptDefinitions          : loaded 2 times (x 73B)
Class com.google.common.collect.MapMakerInternalMap$StrongKeyDummyValueEntry$LinkedStrongKeyDummyValueEntry: loaded 2 times (x 80B)
Class org.jetbrains.kotlin.resolve.scopes.LexicalScopeImpl                            : loaded 2 times (x 109B)
Class org.jetbrains.kotlin.resolve.lazy.FileScopeFactory$FilesScopesBuilder$lazyImportingScope$1: loaded 2 times (x 98B)
Class org.jetbrains.kotlin.resolve.calls.tower.CandidateFactory                       : loaded 2 times (x 68B)
Class org.jetbrains.kotlin.descriptors.PackageFragmentProvider                        : loaded 2 times (x 68B)
Class org.jetbrains.kotlin.diagnostics.DiagnosticFactoryWithPsiElement                : loaded 2 times (x 78B)
Class org.jetbrains.kotlin.storage.CacheWithNotNullValues                             : loaded 2 times (x 68B)
Class com.google.common.collect.Iterables$4                                           : loaded 2 times (x 79B)
Class org.jetbrains.kotlin.metadata.jvm.JvmProtoBuf$JvmFieldSignature$1               : loaded 2 times (x 142B)
Class com.android.ide.gradle.model.GradlePluginModel                                  : loaded 2 times (x 68B)
Class org.objectweb.asm.Edge                                                          : loaded 2 times (x 70B)
Class org.jetbrains.kotlin.cli.jvm.index.JvmDependenciesIndexImpl$SearchResult$NotFound: loaded 2 times (x 69B)
Class org.jetbrains.kotlin.resolve.calls.checkers.AbstractReflectionApiCallChecker    : loaded 2 times (x 77B)
Class org.jetbrains.kotlin.resolve.diagnostics.BindingContextSuppressCache            : loaded 2 times (x 78B)
Class org.jetbrains.kotlin.platform.TargetPlatform                                    : loaded 2 times (x 117B)
Class org.jetbrains.kotlin.serialization.deserialization.descriptors.DescriptorWithContainerSource: loaded 2 times (x 68B)
Class org.jetbrains.kotlin.resolve.jvm.modules.JavaModuleInfo$Requires                : loaded 2 times (x 70B)
Class org.jetbrains.kotlin.resolve.jvm.KotlinJavaPsiFacade$KotlinPsiElementFinderWrapper: loaded 2 times (x 68B)
Class org.jetbrains.kotlin.cli.jvm.config.JvmClasspathRootBase                        : loaded 2 times (x 68B)
Class org.jetbrains.kotlin.load.java.lazy.descriptors.LazyJavaPackageScope$FindClassRequest: loaded 2 times (x 70B)
Class org.jetbrains.kotlin.resolve.calls.tower.CandidateApplicabilityKt               : loaded 2 times (x 69B)
Class org.jetbrains.kotlin.resolve.constants.TypedArrayValue                          : loaded 2 times (x 74B)
Class org.jetbrains.kotlin.scripting.resolve.LazyScriptDescriptor$scriptingHostConfiguration$1: loaded 2 times (x 77B)
Class org.jetbrains.kotlin.resolve.lazy.LazyImportResolverForKtImportDirective$forceResolveImportDirective$1: loaded 2 times (x 77B)
Class org.jetbrains.kotlin.resolve.VarianceCheckerCore                                : loaded 2 times (x 70B)
Class org.jetbrains.kotlin.cli.common.ModuleVisibilityHelperImpl                      : loaded 2 times (x 72B)
Class org.jetbrains.kotlin.resolve.lazy.declarations.DeclarationProviderFactoryService$Companion: loaded 2 times (x 69B)
Class org.jetbrains.kotlin.psi.stubs.elements.KtFileElementType                       : loaded 2 times (x 109B)
Class com.android.ide.common.gradle.Version$Companion$ParseState                      : loaded 2 times (x 68B)
Class org.jetbrains.org.objectweb.asm.tree.InsnList                                   : loaded 2 times (x 101B)
Class org.jetbrains.kotlin.metadata.ProtoBuf$PackageOrBuilder                         : loaded 2 times (x 68B)
Class org.jetbrains.kotlin.resolve.jvm.jvmSignature.JvmMethodParameterKind            : loaded 2 times (x 77B)
Class com.google.common.collect.FluentIterable$1                                      : loaded 2 times (x 79B)
Class org.jetbrains.kotlin.metadata.ProtoBuf$StringTable                              : loaded 2 times (x 106B)
Class org.jetbrains.kotlin.resolve.calls.checkers.CapturingInClosureChecker           : loaded 2 times (x 72B)
Class com.google.common.collect.ImmutableBiMap$SerializedForm                         : loaded 2 times (x 73B)
Class it.unimi.dsi.fastutil.longs.LongSet                                             : loaded 2 times (x 68B)
Class org.jetbrains.kotlin.resolve.jvm.extensions.PackageFragmentProviderExtension    : loaded 2 times (x 68B)
Class org.jetbrains.plugins.gradle.model.ProjectImportModelProvider                   : loaded 2 times (x 68B)
Class org.jetbrains.kotlin.resolve.calls.components.CheckInfixResolutionPart          : loaded 2 times (x 71B)
Class org.jetbrains.kotlin.util.CounterWithExclude                                    : loaded 2 times (x 71B)
Class org.jetbrains.kotlin.descriptors.impl.AbstractClassDescriptor$1                 : loaded 2 times (x 75B)
Class [Lorg.jetbrains.kotlin.psi.KtTypeParameterList;                                 : loaded 2 times (x 67B)
Class org.jetbrains.kotlin.diagnostics.DiagnosticFactoryForDeprecation3$Companion     : loaded 2 times (x 69B)
Class org.gradle.api.internal.classpath.DefaultModuleRegistry                         : loaded 2 times (x 84B)
Class org.jetbrains.plugins.gradle.tooling.serialization.GradleExtensionsSerializationService: loaded 2 times (x 75B)
Class org.jetbrains.kotlin.resolve.lazy.FileScopeFactory$defaultImportResolvers$2     : loaded 2 times (x 77B)
Class org.jetbrains.kotlin.resolve.calls.components.NewOverloadingConflictResolver$Companion: loaded 2 times (x 69B)
Class org.jetbrains.kotlin.descriptors.impl.AbstractClassDescriptor$2                 : loaded 2 times (x 75B)
Class org.jetbrains.kotlin.protobuf.LazyStringArrayList                               : loaded 2 times (x 240B)
Class [Lcom.android.prefs.LocationValue;                                              : loaded 2 times (x 67B)
Class org.jetbrains.kotlin.resolve.calls.components.CallableReferenceOverloadConflictResolver$Companion: loaded 2 times (x 69B)
Class org.jetbrains.kotlin.config.JvmAnalysisFlags$inheritMultifileParts$2            : loaded 2 times (x 125B)
Class org.jetbrains.kotlin.resolve.checkers.OptInMarkerDeclarationAnnotationChecker   : loaded 2 times (x 73B)
Class org.jetbrains.kotlin.serialization.deserialization.MetadataPartProvider         : loaded 2 times (x 68B)
Class org.jetbrains.kotlin.descriptors.Visibilities$Inherited                         : loaded 2 times (x 77B)
Class org.jetbrains.kotlin.descriptors.impl.AbstractClassDescriptor$3                 : loaded 2 times (x 75B)
Class org.jetbrains.kotlin.resolve.calls.checkers.LambdaWithSuspendModifierCallChecker: loaded 2 times (x 72B)
Class org.jetbrains.kotlin.diagnostics.DiagnosticFactoryForDeprecation4$Companion     : loaded 2 times (x 69B)
Class org.jetbrains.kotlin.serialization.SerializerExtensionProtocol                  : loaded 2 times (x 70B)
Class com.amazon.ion.IonContainer                                                     : loaded 2 times (x 68B)
Class com.amazon.ion.impl.lite.ValueFactoryLite                                       : loaded 2 times (x 216B)
Class com.amazon.ion.impl._Private_IonWriterBase                                      : loaded 2 times (x 160B)
Class com.android.builder.model.v2.ide.AaptOptions$Namespacing                        : loaded 2 times (x 77B)
Class com.google.common.io.ByteArrayDataInput                                         : loaded 2 times (x 68B)
Class org.jetbrains.kotlin.resolve.calls.inference.BuilderInferenceSession            : loaded 2 times (x 100B)
Class org.jetbrains.kotlin.resolve.calls.smartcasts.IdentifierInfoKt                  : loaded 2 times (x 69B)
Class org.jetbrains.kotlin.synthetic.SamAdapterFunctionsScope                         : loaded 2 times (x 90B)
Class org.jetbrains.kotlin.resolve.MissingSupertypesResolver                          : loaded 2 times (x 70B)
Class org.jetbrains.kotlin.config.AnalysisFlags$explicitApiMode$2                     : loaded 2 times (x 125B)
Class org.jetbrains.kotlin.descriptors.annotations.AnnotationDescriptor               : loaded 2 times (x 68B)
Class org.jetbrains.kotlin.psi.stubs.elements.KtPropertyElementType                   : loaded 2 times (x 102B)
Class com.google.common.cache.RemovalListener                                         : loaded 2 times (x 68B)
Class com.google.common.io.FileWriteMode                                              : loaded 2 times (x 77B)
Class org.jetbrains.kotlin.types.TypeSubstitution$replaceWithNonApproximating$1       : loaded 2 times (x 76B)
Class org.jetbrains.kotlin.metadata.ProtoBuf$TypeAlias$1                              : loaded 2 times (x 142B)
Class org.jetbrains.kotlin.library.metadata.KlibMetadataDeserializedPackageFragmentsFactory: loaded 2 times (x 68B)
Class org.jetbrains.kotlin.resolve.scopes.StaticScopeForKotlinEnum$properties$2       : loaded 2 times (x 77B)
Class org.jetbrains.kotlin.types.expressions.ControlStructureTypingUtils$ResolveConstruct: loaded 2 times (x 77B)
Class org.jetbrains.kotlin.resolve.calls.checkers.AssignmentChecker                   : loaded 2 times (x 68B)
Class org.jetbrains.kotlin.storage.LockBasedStorageManager$MapBasedMemoizedFunctionToNotNull: loaded 2 times (x 83B)
Class org.jetbrains.kotlin.cli.jvm.compiler.KotlinCliJavaFileManagerImpl              : loaded 2 times (x 89B)
Class net.rubygrapefruit.platform.internal.Platform$Window64Bit                       : loaded 2 times (x 77B)
Class [Lorg.objectweb.asm.SymbolTable$Entry;                                          : loaded 2 times (x 67B)
Class org.jetbrains.kotlin.resolve.scopes.LexicalScopeImpl$1                          : loaded 2 times (x 76B)
Class org.gradle.internal.classpath.ClassPath                                         : loaded 2 times (x 68B)
Class org.jetbrains.kotlin.resolve.checkers.ResolutionWithStubTypesChecker            : loaded 2 times (x 73B)
Class org.jetbrains.kotlin.resolve.OverloadFilter                                     : loaded 2 times (x 68B)
Class org.jetbrains.kotlin.cli.jvm.compiler.MockInferredAnnotationsManager            : loaded 2 times (x 72B)
Class com.google.common.cache.CacheLoader$SupplierToCacheLoader                       : loaded 2 times (x 73B)
Class com.google.common.reflect.Types$JavaVersion                                     : loaded 2 times (x 81B)
Class org.jetbrains.kotlin.mpp.DeclarationSymbolMarker                                : loaded 2 times (x 68B)
Class org.jetbrains.kotlin.resolve.jvm.checkers.FunctionDelegateMemberNameClashChecker: loaded 2 times (x 72B)
Class org.jetbrains.kotlin.psi.stubs.elements.KtConstructorElementType                : loaded 2 times (x 105B)
Class org.jetbrains.kotlin.util.CounterWithExclude$Companion                          : loaded 2 times (x 69B)
Class org.jetbrains.kotlin.resolve.lazy.BasicAbsentDescriptorHandler                  : loaded 2 times (x 72B)
Class org.jetbrains.kotlin.resolve.scopes.MemberScope$Empty                           : loaded 2 times (x 97B)
Class org.jetbrains.kotlin.builtins.functions.FunctionTypeKind$KSuspendFunction       : loaded 2 times (x 74B)
Class com.amazon.ion.impl.bin.utf8.Utf8StringEncoderPool$1                            : loaded 2 times (x 74B)
Class kotlin.KotlinVersionCurrentValue                                                : loaded 2 times (x 69B)
Class org.jetbrains.kotlin.metadata.ProtoBuf$Type$Argument                            : loaded 2 times (x 108B)
Class org.jetbrains.kotlin.container.PlatformSpecificExtension                        : loaded 2 times (x 68B)
Class org.jetbrains.kotlin.extensions.CompilerConfigurationExtension                  : loaded 2 times (x 68B)
Class org.jetbrains.kotlin.load.java.structure.JavaTypeParameter                      : loaded 2 times (x 68B)
Class org.jetbrains.kotlin.resolve.source.KotlinSourceElementKt                       : loaded 2 times (x 69B)
Class org.jetbrains.kotlin.resolve.PlatformDependentAnalyzerServices                  : loaded 2 times (x 75B)
Class org.jetbrains.kotlin.scripting.definitions.ScriptiDefinitionsFromClasspathDiscoverySourceKt$discoverScriptTemplatesInClasspath$classpathWithLoader$1: loaded 2 times (x 77B)
Class org.jetbrains.kotlin.cli.jvm.compiler.CliKotlinAsJavaSupport                    : loaded 2 times (x 101B)
Class kotlin.reflect.jvm.internal.impl.builtins.PrimitiveType$typeFqName$2            : loaded 2 times (x 77B)
Class org.apache.commons.io.file.PathFilter                                           : loaded 2 times (x 68B)
Class org.jetbrains.kotlin.metadata.deserialization.NameResolverImpl                  : loaded 2 times (x 75B)
Class org.jetbrains.kotlin.container.ClassTraversalCache                              : loaded 2 times (x 69B)
Class kotlin.script.experimental.dependencies.DependenciesResolver                    : loaded 2 times (x 68B)
Class com.google.common.collect.CollectSpliterators$1WithCharacteristics              : loaded 2 times (x 88B)
Class com.google.common.base.Suppliers$MemoizingSupplier                              : loaded 2 times (x 77B)
Class org.jetbrains.kotlin.types.TypeConstructorSubstitution$Companion                : loaded 2 times (x 69B)
Class org.jetbrains.kotlin.container.SetterInfo                                       : loaded 2 times (x 70B)
Class org.jetbrains.kotlin.resolve.calls.tower.ImplicitScopeTower                     : loaded 2 times (x 68B)
Class org.jetbrains.kotlin.resolve.checkers.ValueClassDeclarationChecker              : loaded 2 times (x 72B)
Class it.unimi.dsi.fastutil.ints.IntArraySet                                          : loaded 2 times (x 233B)
Class it.unimi.dsi.fastutil.Hash                                                      : loaded 2 times (x 68B)
Class com.amazon.ion.impl._Private_IonTextWriterBuilder$Mutable                       : loaded 2 times (x 99B)
Class com.google.common.base.Suppliers                                                : loaded 2 times (x 69B)
Class org.jetbrains.kotlin.load.java.sam.JavaSingleAbstractMethodUtils                : loaded 2 times (x 69B)
Class org.jetbrains.kotlin.fileClasses.JvmSimpleFileClassInfo                         : loaded 2 times (x 76B)
Class org.jetbrains.kotlin.storage.LockBasedStorageManager$NotValue                   : loaded 2 times (x 77B)
Class kotlin.reflect.jvm.internal.KDeclarationContainerImpl$Data$moduleData$2         : loaded 2 times (x 77B)
Class kotlin.reflect.jvm.internal.KClassifierImpl                                     : loaded 2 times (x 68B)
Class org.jetbrains.kotlin.extensions.ProcessSourcesBeforeCompilingExtension          : loaded 2 times (x 68B)
Class org.jetbrains.kotlin.diagnostics.DiagnosticWithParameters1Marker                : loaded 2 times (x 68B)
Class org.jetbrains.kotlin.types.TypeUsage                                            : loaded 2 times (x 77B)
Class org.jetbrains.kotlin.metadata.jvm.JvmModuleProtoBuf$PackageParts                : loaded 2 times (x 126B)
Class org.jetbrains.kotlin.parsing.KotlinParsing$PropertyComponentKind$Collector      : loaded 2 times (x 72B)
Class org.jetbrains.kotlin.resolve.jvm.modules.JavaModule$Root                        : loaded 2 times (x 70B)
Class com.android.builder.model.v2.ide.AndroidLibraryData                             : loaded 2 times (x 68B)
Class net.rubygrapefruit.platform.internal.Platform$FreeBSD32Bit                      : loaded 2 times (x 80B)
Class org.jetbrains.kotlin.resolve.calls.tower.ErrorCandidateContext                  : loaded 2 times (x 70B)
Class org.jetbrains.kotlin.load.java.lazy.descriptors.LazyJavaAnnotationDescriptor    : loaded 2 times (x 79B)
Class org.jetbrains.kotlin.resolve.checkers.OptInUsageChecker                         : loaded 2 times (x 73B)
Class org.jetbrains.kotlin.serialization.deserialization.DeserializedPackageFragmentImpl: loaded 2 times (x 142B)
Class org.jetbrains.kotlin.metadata.ProtoBuf$QualifiedNameTable$QualifiedName$Kind    : loaded 2 times (x 80B)
Class org.jetbrains.kotlin.resolve.jvm.modules.JavaModule$Explicit                    : loaded 2 times (x 78B)
Class org.jetbrains.plugins.gradle.model.IntelliJProjectSettings                      : loaded 2 times (x 68B)
Class org.jetbrains.kotlin.types.AbstractStubType                                     : loaded 2 times (x 92B)
Class kotlin.jvm.internal.MutablePropertyReference1Impl                               : loaded 2 times (x 135B)
Class org.jetbrains.kotlin.load.java.lazy.descriptors.LazyJavaPackageFragment         : loaded 2 times (x 138B)
Class org.jetbrains.kotlin.protobuf.GeneratedMessageLite$1                            : loaded 2 times (x 69B)
Class org.jetbrains.kotlin.psi.KtParameterList                                        : loaded 2 times (x 452B)
Class org.jetbrains.kotlin.scripting.definitions.ScriptCompilationConfigurationFromDefinition: loaded 2 times (x 70B)
Class org.jetbrains.kotlin.extensions.StorageComponentContainerContributor            : loaded 2 times (x 68B)
Class [Lcom.google.common.collect.Iterators$EmptyModifiableIterator;                  : loaded 2 times (x 67B)
Class org.jetbrains.kotlin.psi.LambdaArgument                                         : loaded 2 times (x 68B)
Class org.jetbrains.kotlin.descriptors.DeclarationDescriptorWithVisibility            : loaded 2 times (x 68B)
Class org.jetbrains.kotlin.psi.stubs.KotlinPlaceHolderWithTextStub                    : loaded 2 times (x 68B)
Class org.jetbrains.kotlin.resolve.calls.components.InferenceSession$Companion        : loaded 2 times (x 69B)
Class com.amazon.ion.system.IonReaderBuilder                                          : loaded 2 times (x 91B)
Class org.jetbrains.kotlin.descriptors.annotations.AnnotationSplitter$LazySplitAnnotations: loaded 2 times (x 87B)
Class org.jetbrains.kotlin.resolve.calls.components.ReceiverInfo$Companion            : loaded 2 times (x 69B)
Class org.jetbrains.kotlin.resolve.calls.inference.components.ConstraintIncorporator$Context: loaded 2 times (x 68B)
Class org.jetbrains.kotlin.resolve.BindingTraceFilter$Companion                       : loaded 2 times (x 69B)
Class org.jetbrains.kotlin.compiler.plugin.CompilerPluginRegistrarKt                  : loaded 2 times (x 69B)
Class com.google.common.collect.MapMakerInternalMap$StrongKeyDummyValueEntry          : loaded 2 times (x 80B)
Class com.google.common.cache.LoadingCache                                            : loaded 2 times (x 68B)
Class org.gradle.internal.service.ServiceLookupException                              : loaded 2 times (x 80B)
Class org.jetbrains.kotlin.utils.FunctionsKt$DO_NOTHING$1                             : loaded 2 times (x 76B)
Class org.jetbrains.kotlin.resolve.checkers.MissingDependencySupertypeChecker         : loaded 2 times (x 69B)
Class org.jetbrains.kotlin.psi.KtWhenExpression                                       : loaded 2 times (x 444B)
Class kotlin.SafePublicationLazyImpl$Companion                                        : loaded 2 times (x 69B)
Class org.jetbrains.kotlin.scripting.compiler.plugin.extensions.JvmStandardReplFactoryExtension: loaded 2 times (x 72B)
Class com.google.common.collect.MapMakerInternalMap$StrongKeyDummyValueSegment        : loaded 2 times (x 140B)
Class org.jetbrains.kotlin.descriptors.ScriptDescriptor                               : loaded 2 times (x 68B)
Class org.jetbrains.kotlin.metadata.jvm.JvmProtoBuf$JvmMethodSignature                : loaded 2 times (x 106B)
Class org.jetbrains.kotlin.metadata.ProtoBuf$Type$Argument$1                          : loaded 2 times (x 142B)
Class org.jetbrains.kotlin.resolve.calls.checkers.ApiVersionCallChecker               : loaded 2 times (x 72B)
Class org.jetbrains.kotlin.resolve.checkers.KClassWithIncorrectTypeArgumentChecker    : loaded 2 times (x 72B)
Class com.android.tools.lint.model.DefaultLintModelVariant                            : loaded 2 times (x 99B)
Class org.jetbrains.kotlin.resolve.calls.tower.PrioritizedCompositeScopeTowerProcessor: loaded 2 times (x 74B)
Class org.jetbrains.kotlin.util.OperatorChecks                                        : loaded 2 times (x 70B)
Class org.jetbrains.kotlin.renderer.DescriptorRenderer$Companion$SHORT_NAMES_IN_TYPES$1: loaded 2 times (x 76B)
Class org.jetbrains.kotlin.resolve.checkers.OptInUsageChecker$Companion               : loaded 2 times (x 69B)
Class org.jetbrains.kotlin.cli.jvm.config.JvmContentRootBase                          : loaded 2 times (x 68B)
Class org.jetbrains.kotlin.load.kotlin.SignatureBuildingComponents                    : loaded 2 times (x 69B)
Class org.jetbrains.kotlin.resolve.calls.checkers.CallCheckerWithAdditionalResolve    : loaded 2 times (x 68B)
Class org.jetbrains.kotlin.resolve.jvm.modules.JavaModule$Automatic                   : loaded 2 times (x 78B)
Class org.jetbrains.kotlin.load.java.structure.JavaModifierListOwner                  : loaded 2 times (x 68B)
Class com.android.prefs.LocationValue                                                 : loaded 2 times (x 68B)
Class [Lorg.jetbrains.kotlin.psi.KtAnnotationUseSiteTarget;                           : loaded 2 times (x 67B)
Class org.jetbrains.kotlin.resolve.calls.model.KotlinCallKt                           : loaded 2 times (x 69B)
Class org.jetbrains.kotlin.resolve.lazy.LocalDescriptorResolver                       : loaded 2 times (x 68B)
Class org.jetbrains.kotlin.resolve.jvm.checkers.JvmReflectionAPICallChecker           : loaded 2 times (x 77B)
Class org.jetbrains.kotlin.scripting.definitions.LazyScriptDefinitionProvider         : loaded 2 times (x 88B)
Class org.jetbrains.kotlin.psi.KtTreeVisitor                                          : loaded 2 times (x 191B)
Class org.jetbrains.kotlin.metadata.deserialization.Flags                             : loaded 2 times (x 69B)
Class org.jetbrains.kotlin.scripting.resolve.LazyScriptDescriptor$createScopesHolderForClass$1: loaded 2 times (x 77B)
Class org.jetbrains.kotlin.resolve.checkers.SuspendLimitationsChecker                 : loaded 2 times (x 72B)
Class org.jetbrains.kotlin.util.PerformanceCounter$Companion                          : loaded 2 times (x 69B)
Class org.jetbrains.kotlin.types.checker.ClassicTypeSystemContextKt                   : loaded 2 times (x 69B)
Class org.jetbrains.kotlin.resolve.lazy.descriptors.LazyClassMemberScope$_functionNames$2: loaded 2 times (x 77B)
Class org.jetbrains.kotlin.resolve.calls.tasks.OldResolutionCandidate                 : loaded 2 times (x 77B)
Class [Lorg.jetbrains.kotlin.descriptors.DeclarationDescriptor;                       : loaded 2 times (x 67B)
Class org.jetbrains.kotlin.descriptors.impl.ModuleAwareClassDescriptor$Companion      : loaded 2 times (x 69B)
Class org.jetbrains.kotlin.scripting.compiler.plugin.definitions.CliScriptReportSink  : loaded 2 times (x 73B)
Class org.gradle.cache.GlobalCache                                                    : loaded 2 times (x 68B)
Class org.jetbrains.kotlin.protobuf.GeneratedMessageLite$GeneratedExtension           : loaded 2 times (x 77B)
Class org.jetbrains.kotlin.types.TypeSubstitution                                     : loaded 2 times (x 75B)
Class org.jetbrains.kotlin.types.IntersectionTypeConstructor                          : loaded 2 times (x 81B)
Class org.jetbrains.kotlin.utils.MetadataHelpersKt                                    : loaded 2 times (x 69B)
Class org.jetbrains.kotlin.container.PlatformExtensionsClashResolver$FirstWins        : loaded 2 times (x 71B)
Class org.jetbrains.kotlin.resolve.ImportPath                                         : loaded 2 times (x 70B)
Class [Lorg.jetbrains.kotlin.psi.KtDeclarationModifierList;                           : loaded 2 times (x 67B)
Class org.jetbrains.kotlin.mpp.FunctionSymbolMarker                                   : loaded 2 times (x 68B)
Class org.jetbrains.kotlin.scripting.definitions.KotlinScriptDefinition$Companion     : loaded 2 times (x 69B)
Class org.jetbrains.kotlin.idea.gradleTooling.model.lombok.LombokModel                : loaded 2 times (x 68B)
Class org.jetbrains.kotlin.load.java.JavaModuleAnnotationsProvider                    : loaded 2 times (x 68B)
Class com.android.builder.model.v2.models.ProjectSyncIssues                           : loaded 2 times (x 68B)
Class org.jetbrains.kotlin.serialization.deserialization.descriptors.DeserializedMemberScope$OptimizedImplementation$typeAliasByName$1: loaded 2 times (x 77B)
Class com.google.common.base.Present                                                  : loaded 2 times (x 79B)
Class org.jetbrains.kotlin.resolve.lazy.declarations.FileBasedPackageMemberDeclarationProvider: loaded 2 times (x 98B)
Class org.jetbrains.kotlin.load.java.sources.JavaSourceElement                        : loaded 2 times (x 68B)
Class org.jetbrains.kotlin.types.checker.KotlinTypeRefinerKt                          : loaded 2 times (x 69B)
Class org.jetbrains.kotlin.cli.jvm.compiler.CliTraceHolder                            : loaded 2 times (x 75B)
Class com.google.common.collect.ReverseNaturalOrdering                                : loaded 2 times (x 112B)
Class org.jetbrains.kotlin.load.java.lazy.descriptors.LazyJavaScope$properties$1      : loaded 2 times (x 77B)
Class org.jetbrains.kotlin.serialization.deserialization.descriptors.DeserializedClassDescriptor$DeserializedClassMemberScope: loaded 2 times (x 107B)
Class kotlin.reflect.jvm.internal.KMutableProperty1Impl                               : loaded 2 times (x 133B)
Class org.jetbrains.kotlin.psi.KtBreakExpression                                      : loaded 2 times (x 435B)
Class [Lorg.jetbrains.kotlin.psi.KtAnonymousInitializer;                              : loaded 2 times (x 67B)
Class org.jetbrains.kotlin.resolve.jvm.JvmTypeSpecificityComparatorDelegate           : loaded 2 times (x 75B)
Class com.android.ProgressManagerAdapter                                              : loaded 2 times (x 71B)
Class org.jetbrains.kotlin.utils.FunctionsKt                                          : loaded 2 times (x 69B)
Class org.jetbrains.kotlin.load.kotlin.AbstractBinaryClassAnnotationLoader$loadClassAnnotations$1: loaded 2 times (x 74B)
Class org.jetbrains.kotlin.resolve.calls.inference.ConstraintSystemBuilderImpl$Companion: loaded 2 times (x 69B)
Class kotlin.reflect.jvm.internal.EmptyContainerForLocal                              : loaded 2 times (x 82B)
Class kotlin.text.DelimitedRangesSequence                                             : loaded 2 times (x 73B)
Class org.gradle.tooling.model.ProjectIdentifier                                      : loaded 2 times (x 68B)
Class org.jetbrains.kotlin.psi.KtNamedDeclaration                                     : loaded 2 times (x 68B)
Class org.jetbrains.kotlin.resolve.calls.tower.CandidateFactoryProviderForInvoke      : loaded 2 times (x 68B)
Class org.jetbrains.kotlin.load.java.components.LazyResolveBasedCache                 : loaded 2 times (x 82B)
Class org.jetbrains.kotlin.resolve.extensions.AnalysisHandlerExtension                : loaded 2 times (x 68B)
Class it.unimi.dsi.fastutil.objects.ObjectIterator                                    : loaded 2 times (x 68B)
Class org.jetbrains.kotlin.load.kotlin.DeserializationComponentsForJava               : loaded 2 times (x 70B)
Class [Lorg.gradle.api.internal.ClassPathProvider;                                    : loaded 2 times (x 67B)
Class org.jetbrains.kotlin.resolve.calls.inference.BuilderInferenceSupport            : loaded 2 times (x 70B)
Class org.jetbrains.kotlin.metadata.ProtoBuf$Type                                     : loaded 2 times (x 143B)
Class org.jetbrains.kotlin.diagnostics.PositioningStrategy                            : loaded 2 times (x 72B)
Class com.google.common.util.concurrent.AbstractFuture$SafeAtomicHelper               : loaded 2 times (x 77B)
Class org.jetbrains.kotlin.load.kotlin.JvmType$Array                                  : loaded 2 times (x 70B)
Class org.jetbrains.kotlin.resolve.SinceKotlinAccessibility                           : loaded 2 times (x 69B)
Class org.jetbrains.kotlin.resolve.AnnotationTargetLists$T_VALUE_PARAMETER_WITH_VAL$1 : loaded 2 times (x 76B)
Class org.jetbrains.kotlin.metadata.ProtoBuf$Effect                                   : loaded 2 times (x 111B)
Class org.jetbrains.kotlin.config.AnalysisFlag$Delegate                               : loaded 2 times (x 73B)
Class org.jetbrains.kotlin.protobuf.CodedOutputStream                                 : loaded 2 times (x 70B)
Class org.jetbrains.kotlin.resolve.AnnotationsKt                                      : loaded 2 times (x 69B)
Class org.gradle.internal.operations.MultipleBuildOperationFailures                   : loaded 2 times (x 93B)
Class org.jetbrains.kotlin.load.kotlin.VirtualFileKotlinClass$Factory$create$1$kotlinJvmBinaryClass$1: loaded 2 times (x 77B)
Class org.jetbrains.kotlin.serialization.deserialization.descriptors.DeserializedClassDescriptor$DeserializedClassTypeConstructor: loaded 2 times (x 97B)
Class org.jetbrains.kotlin.load.java.typeEnhancement.MutabilityQualifier              : loaded 2 times (x 77B)
Class it.unimi.dsi.fastutil.objects.ObjectIterable                                    : loaded 2 times (x 68B)
Class org.jetbrains.kotlin.types.TypeCheckerState$SupertypesPolicy$LowerIfFlexible    : loaded 2 times (x 70B)
Class org.jetbrains.kotlin.load.java.lazy.ContextKt$copyWithNewDefaultTypeQualifiers$1: loaded 2 times (x 77B)
Class org.jetbrains.kotlin.resolve.lazy.descriptors.ClassResolutionScopesSupport$scopeForMemberDeclarationResolution$1: loaded 2 times (x 77B)
Class org.jetbrains.kotlin.load.kotlin.JvmPackagePartSource                           : loaded 2 times (x 83B)
Class org.jetbrains.kotlin.serialization.deserialization.ProtoContainer$Package       : loaded 2 times (x 71B)
Class org.jetbrains.kotlin.resolve.ControlFlowAnalyzer                                : loaded 2 times (x 71B)
Class org.jetbrains.kotlin.types.expressions.BasicExpressionTypingVisitor             : loaded 2 times (x 222B)
Class org.jetbrains.kotlin.resolve.TemporaryBindingTrace                              : loaded 2 times (x 105B)
Class org.jetbrains.kotlin.builtins.jvm.JvmBuiltInsCustomizer$createMockJavaIoSerializableType$superTypes$1: loaded 2 times (x 77B)
Class org.jetbrains.kotlin.protobuf.WireFormat$FieldType                              : loaded 2 times (x 81B)
Class org.jetbrains.kotlin.diagnostics.PositioningStrategies$DECLARATION_NAME$1       : loaded 2 times (x 73B)
Class com.intellij.openapi.util.io.FileUtilRt                                         : loaded 2 times (x 69B)
Class org.jetbrains.kotlin.parsing.KotlinParserDefinition$Companion                   : loaded 2 times (x 69B)
Class org.jetbrains.kotlin.library.metadata.KlibResolvedModuleDescriptorsFactory      : loaded 2 times (x 68B)
Class org.jetbrains.kotlin.resolve.diagnostics.Diagnostics$Companion                  : loaded 2 times (x 69B)
Class org.jetbrains.kotlin.parsing.KotlinParsing$AnnotationParsingMode                : loaded 2 times (x 77B)
Class org.jetbrains.kotlin.cli.jvm.index.JavaRoot                                     : loaded 2 times (x 70B)
Class kotlin.reflect.jvm.internal.impl.builtins.StandardNames                         : loaded 2 times (x 69B)
Class net.rubygrapefruit.platform.internal.Platform$FreeBSD                           : loaded 2 times (x 80B)
Class org.jetbrains.kotlin.cli.jvm.compiler.KotlinCliJavaFileManagerImplKt$toSafeTopLevelClassId$1: loaded 2 times (x 77B)
Class org.jetbrains.kotlin.load.kotlin.VirtualFileKotlinClass$Factory$create$1        : loaded 2 times (x 77B)
Class org.jetbrains.kotlin.analyzer.ModuleInfo$DependencyOnBuiltIns                   : loaded 2 times (x 77B)
Class org.jetbrains.kotlin.storage.ExceptionTracker                                   : loaded 2 times (x 78B)
Class org.jetbrains.kotlin.resolve.checkers.VolatileAnnotationChecker                 : loaded 2 times (x 72B)
Class org.gradle.util.internal.GUtil                                                  : loaded 2 times (x 69B)
Class [Lkotlin.reflect.jvm.internal.impl.resolve.jvm.JvmPrimitiveType;                : loaded 2 times (x 67B)
Class org.jetbrains.kotlin.resolve.calls.smartcasts.IdentifierInfo$Expression         : loaded 2 times (x 75B)
Class it.unimi.dsi.fastutil.ints.AbstractIntSet                                       : loaded 2 times (x 231B)
Class kotlin.coroutines.ContinuationInterceptor                                       : loaded 2 times (x 68B)
Class com.amazon.ion.IonBufferConfiguration$Builder                                   : loaded 2 times (x 76B)
Class org.gradle.tooling.model.internal.ImmutableDomainObjectSet                      : loaded 2 times (x 153B)
Class org.jetbrains.kotlin.resolve.SupertypeLoopCheckerImpl                           : loaded 2 times (x 72B)
Class org.jetbrains.kotlin.util.SimpleCounter                                         : loaded 2 times (x 71B)
Class org.jetbrains.kotlin.resolve.jvm.checkers.ClassInheritsJavaSealedClassChecker   : loaded 2 times (x 72B)
Class net.rubygrapefruit.platform.internal.Platform$Unix                              : loaded 2 times (x 80B)
Class org.jetbrains.kotlin.descriptors.annotations.BuiltInAnnotationDescriptor$type$2 : loaded 2 times (x 77B)
Class org.jetbrains.kotlin.resolve.calls.CallExpressionResolver$Companion             : loaded 2 times (x 69B)
Class org.jetbrains.kotlin.resolve.calls.checkers.SelfCallInNestedObjectConstructorChecker: loaded 2 times (x 72B)
Class org.jetbrains.kotlin.diagnostics.PositioningStrategies$DECLARATION_RETURN_TYPE$1: loaded 2 times (x 72B)
Class kotlin.reflect.jvm.internal.ReflectProperties                                   : loaded 2 times (x 69B)
Class org.gradle.tooling.internal.adapter.MethodInvoker                               : loaded 2 times (x 68B)
Class org.jetbrains.kotlin.resolve.jvm.checkers.JavaNullabilityChecker$checkType$dataFlowValue$2: loaded 2 times (x 77B)
Class org.jetbrains.kotlin.name.CallableId                                            : loaded 2 times (x 70B)
Class [Lorg.jetbrains.kotlin.psi.KtUserType;                                          : loaded 2 times (x 67B)
Class org.jetbrains.plugins.gradle.model.AnnotationProcessingModel                    : loaded 2 times (x 68B)
Class org.jetbrains.kotlin.resolve.jvm.multiplatform.JavaActualAnnotationArgumentExtractor: loaded 2 times (x 72B)
Class [Lorg.jetbrains.kotlin.psi.KtClassBody;                                         : loaded 2 times (x 67B)
Class org.jetbrains.kotlin.cli.jvm.modules.CliJavaModuleFinder$nonModuleRoot$2        : loaded 2 times (x 77B)
Class org.jetbrains.kotlin.mpp.ClassLikeSymbolMarker                                  : loaded 2 times (x 68B)
Class org.jetbrains.plugins.gradle.model.ExternalTask                                 : loaded 2 times (x 68B)
Class org.jetbrains.kotlin.load.java.NullabilityAnnotationStates$Companion            : loaded 2 times (x 69B)
Class org.gradle.tooling.model.HierarchicalElement                                    : loaded 2 times (x 68B)
Class [Lcom.google.common.reflect.Types$JavaVersion;                                  : loaded 2 times (x 67B)
Class [Lorg.jetbrains.kotlin.descriptors.MemberDescriptor;                            : loaded 2 times (x 67B)
Class org.jetbrains.kotlin.resolve.calls.util.FakeCallableDescriptorForTypeAliasObject: loaded 2 times (x 229B)
Class org.jetbrains.kotlin.types.KotlinTypeFactory$simpleType$1                       : loaded 2 times (x 77B)
Class [Lorg.jetbrains.kotlin.psi.KtNameReferenceExpression;                           : loaded 2 times (x 67B)
Class com.android.tools.lint.model.LintModelDependencyGraph                           : loaded 2 times (x 68B)
Class com.android.builder.model.v2.ide.BasicArtifact                                  : loaded 2 times (x 68B)
Class net.rubygrapefruit.platform.Process                                             : loaded 2 times (x 68B)
Class org.jetbrains.kotlin.resolve.calls.model.AllCandidatesResolutionResult          : loaded 2 times (x 72B)
Class org.jetbrains.kotlin.types.model.TypeConstructorMarker                          : loaded 2 times (x 68B)
Class org.jetbrains.kotlin.descriptors.impl.AbstractLazyTypeParameterDescriptor       : loaded 2 times (x 165B)
Class com.amazon.ion.system.IonTextWriterBuilder                                      : loaded 2 times (x 95B)
Class org.jetbrains.plugins.gradle.tooling.serialization.ExternalProjectSerializationService$ReadContext: loaded 2 times (x 72B)
Class com.android.builder.model.v2.ide.Edge                                           : loaded 2 times (x 68B)
Class org.gradle.internal.classloader.ClassLoaderSpec                                 : loaded 2 times (x 69B)
Class org.jetbrains.kotlin.descriptors.impl.ReceiverParameterDescriptorImpl           : loaded 2 times (x 243B)
Class org.jetbrains.kotlin.load.java.JvmAnnotationNamesKt                             : loaded 2 times (x 69B)
Class org.jetbrains.kotlin.load.java.SpecialGenericSignatures$Companion               : loaded 2 times (x 69B)
Class org.jetbrains.kotlin.types.error.ErrorTypeKind                                  : loaded 2 times (x 78B)
Class org.jetbrains.kotlin.resolve.calls.checkers.InfixCallChecker                    : loaded 2 times (x 72B)
Class com.android.builder.model.v2.models.ndk.NativeModelBuilderParameter             : loaded 2 times (x 68B)
Class com.google.common.io.LineProcessor                                              : loaded 2 times (x 68B)
Class org.jetbrains.kotlin.resolve.checkers.PlatformDiagnosticSuppressor$Default      : loaded 2 times (x 75B)
Class org.jetbrains.kotlin.metadata.jvm.JvmProtoBuf$JvmFieldSignatureOrBuilder        : loaded 2 times (x 68B)
Class org.jetbrains.kotlin.protobuf.AbstractMessageLite$Builder                       : loaded 2 times (x 120B)
Class org.jetbrains.kotlin.resolve.calls.tower.TowerData$BothTowerLevelAndImplicitReceiver: loaded 2 times (x 70B)
Class com.android.builder.model.v2.CustomSourceDirectory                              : loaded 2 times (x 68B)
Class org.jetbrains.kotlin.resolve.jvm.NotFoundPackagesCachingStrategy$CacheType      : loaded 2 times (x 77B)
Class org.jetbrains.kotlin.types.model.TypeSystemOptimizationContext                  : loaded 2 times (x 68B)
Class org.jetbrains.kotlin.resolve.checkers.ExpectActualClassifiersAreInBetaChecker   : loaded 2 times (x 72B)
Class org.jetbrains.kotlin.kdoc.lexer.KDocToken                                       : loaded 2 times (x 73B)
Class org.jetbrains.kotlin.psi.stubs.KotlinTypeProjectionStub                         : loaded 2 times (x 68B)
Class javaslang.control.Option                                                        : loaded 2 times (x 68B)
Class [Lorg.jetbrains.kotlin.descriptors.deserialization.ClassDescriptorFactory;      : loaded 2 times (x 67B)
Class org.jetbrains.kotlin.resolve.SealedClassInheritorsProvider                      : loaded 2 times (x 70B)
Class kotlin.jvm.JvmStatic                                                            : loaded 2 times (x 68B)
Class org.jetbrains.kotlin.extensions.DeclarationAttributeAltererExtension$Companion  : loaded 2 times (x 70B)
Class org.jetbrains.kotlin.utils.DFS$1                                                : loaded 2 times (x 78B)
Class org.jetbrains.kotlin.resolve.calls.components.ArgumentsUtilsKt                  : loaded 2 times (x 69B)
Class org.jetbrains.kotlin.serialization.deserialization.descriptors.DeserializedClassDescriptor$DeserializedClassMemberScope$2$1: loaded 2 times (x 77B)
Class org.jetbrains.kotlin.cli.jvm.compiler.CliVirtualFileFinder                      : loaded 2 times (x 88B)
Class org.jetbrains.kotlin.resolve.jvm.checkers.SynchronizedAnnotationOnLambdaChecker : loaded 2 times (x 72B)
Class org.jetbrains.kotlin.diagnostics.PositioningStrategies$NOT_SUPPORTED_IN_INLINE_MOST_RELEVANT$1: loaded 2 times (x 72B)
Class org.jetbrains.kotlin.psi.stubs.elements.KtPropertyAccessorElementType           : loaded 2 times (x 101B)
Class org.jetbrains.kotlin.cli.jvm.modules.CliJavaModuleFinder$listFoldersForRelease$2: loaded 2 times (x 77B)
Class com.google.common.io.CharSink                                                   : loaded 2 times (x 77B)
Class org.jetbrains.kotlin.load.java.lazy.descriptors.LazyJavaScope$functionNamesLazy$2: loaded 2 times (x 77B)
Class org.jetbrains.kotlin.resolve.calls.inference.model.FixVariableConstraintPosition: loaded 2 times (x 70B)
Class org.jetbrains.kotlin.types.model.CapturedTypeMarker                             : loaded 2 times (x 68B)
Class org.jetbrains.kotlin.frontend.java.di.InjectionKt$createContainerForLazyResolveWithJava$1: loaded 2 times (x 77B)
Class org.jetbrains.kotlin.cli.jvm.compiler.JvmPackagePartProviderKt$tryLoadModuleMapping$1: loaded 2 times (x 77B)
Class org.jetbrains.kotlin.serialization.deserialization.AnnotationAndConstantLoader  : loaded 2 times (x 68B)
Class org.jetbrains.kotlin.metadata.ProtoBuf$Visibility                               : loaded 2 times (x 80B)
Class com.google.common.io.AppendableWriter                                           : loaded 2 times (x 98B)
Class org.objectweb.asm.Frame                                                         : loaded 2 times (x 71B)
Class com.google.common.cache.LocalCache$LocalManualCache                             : loaded 2 times (x 97B)
Class org.jetbrains.kotlin.resolve.calls.tower.ScopeTowerProcessorsKt$createFunctionProcessor$invokeExtensionProcessor$1: loaded 2 times (x 77B)
Class org.jetbrains.kotlin.resolve.calls.tower.Candidate                              : loaded 2 times (x 68B)
Class org.jetbrains.kotlin.serialization.deserialization.builtins.BuiltInsPackageFragmentImpl$Companion: loaded 2 times (x 69B)
Class org.jetbrains.kotlin.psi.KtPrimaryConstructor                                   : loaded 2 times (x 1272B)
Class org.jetbrains.kotlin.resolve.calls.checkers.ResolutionToPrivateConstructorOfSealedClassChecker: loaded 2 times (x 72B)
Class org.jetbrains.kotlin.builtins.KotlinBuiltIns$4                                  : loaded 2 times (x 75B)
Class org.jetbrains.kotlin.load.java.structure.JavaLoadingKt                          : loaded 2 times (x 69B)
Class org.jetbrains.kotlin.descriptors.annotations.AnnotationDescriptor$DefaultImpls  : loaded 2 times (x 69B)
Class com.google.common.collect.LinkedHashMultimap$ValueSet$1                         : loaded 2 times (x 80B)
Class org.jetbrains.kotlin.descriptors.annotations.Annotated                          : loaded 2 times (x 68B)
Class org.jetbrains.kotlin.resolve.jvm.JvmOverloadFilter                              : loaded 2 times (x 72B)
Class [Lkotlin.reflect.KAnnotatedElement;                                             : loaded 2 times (x 67B)
Class org.jetbrains.kotlin.types.SimpleTypeWithEnhancement                            : loaded 2 times (x 96B)
Class org.jetbrains.kotlin.metadata.ProtoBuf$Property                                 : loaded 2 times (x 146B)
Class [Lorg.jetbrains.kotlin.types.Variance;                                          : loaded 2 times (x 67B)
Class com.amazon.ion.impl.bin.Block                                                   : loaded 2 times (x 77B)
Class net.rubygrapefruit.platform.NativeIntegrationUnavailableException               : loaded 2 times (x 80B)
Class com.google.common.cache.CacheLoader$1                                           : loaded 2 times (x 73B)
Class com.google.common.collect.LinkedHashMultimap$ValueEntry                         : loaded 2 times (x 87B)
Class org.jetbrains.kotlin.serialization.deserialization.AnnotatedCallableKind        : loaded 2 times (x 77B)
Class com.amazon.ion.impl.LocalSymbolTable$Factory                                    : loaded 2 times (x 75B)
Class org.jetbrains.plugins.gradle.model.GradleExtension                              : loaded 2 times (x 68B)
Class net.rubygrapefruit.platform.NativeIntegration                                   : loaded 2 times (x 68B)
Class org.jetbrains.kotlin.resolve.calls.components.CheckCallableReference            : loaded 2 times (x 71B)
Class com.amazon.ion.impl.bin.IonManagedBinaryWriter                                  : loaded 2 times (x 164B)
Class org.gradle.tooling.internal.adapter.ProtocolToModelAdapter$AdaptingMethodInvoker: loaded 2 times (x 74B)
Class [Lcom.google.common.collect.MapMakerInternalMap$Strength;                       : loaded 2 times (x 67B)
Class org.jetbrains.kotlin.resolve.scopes.receivers.Qualifier                         : loaded 2 times (x 68B)
Class org.jetbrains.kotlin.load.java.lazy.JavaResolverSettings$Companion              : loaded 2 times (x 69B)
Class org.jetbrains.kotlin.metadata.deserialization.Flags$FlagField                   : loaded 2 times (x 71B)
Class org.jetbrains.kotlin.protobuf.BoundedByteString                                 : loaded 2 times (x 110B)
Class org.jetbrains.kotlin.psi.KtWhileExpressionBase                                  : loaded 2 times (x 439B)
Class org.jetbrains.kotlin.load.java.typeEnhancement.SignatureEnhancementBuilder$ClassEnhancementBuilder: loaded 2 times (x 70B)
Class org.jetbrains.kotlin.resolve.lazy.descriptors.LazyPackageMemberScope            : loaded 2 times (x 104B)
Class org.jetbrains.kotlin.resolve.lazy.LazyDeclarationResolver                       : loaded 2 times (x 72B)
Class org.jetbrains.kotlin.diagnostics.UnboundDiagnostic                              : loaded 2 times (x 68B)
Class org.jetbrains.kotlin.psi.KtStringTemplateExpression                             : loaded 2 times (x 675B)
Class com.android.ide.common.gradle.Version$Companion$ParseState$NUMERIC              : loaded 2 times (x 72B)
Class com.amazon.ion.impl.IonWriterSystem                                             : loaded 2 times (x 169B)
Class org.jetbrains.plugins.gradle.tooling.util.IntObjectMap                          : loaded 2 times (x 71B)
Class org.gradle.tooling.model.idea.IdeaModuleDependency                              : loaded 2 times (x 68B)
Class org.jetbrains.kotlin.resolve.calls.components.CallableReferenceOverloadConflictResolver$1: loaded 2 times (x 76B)
Class org.jetbrains.kotlin.descriptors.impl.ValueParameterDescriptorImpl              : loaded 2 times (x 299B)
Class org.jetbrains.kotlin.container.ContainerConsistencyException                    : loaded 2 times (x 80B)
Class [Lcom.amazon.ion.impl.bin.IonManagedBinaryWriter$ImportedSymbolResolverMode;    : loaded 2 times (x 67B)
Class org.jetbrains.kotlin.resolve.calls.components.CallableReferenceOverloadConflictResolver$2: loaded 2 times (x 77B)
Class org.jetbrains.kotlin.resolve.calls.components.candidate.CallableReferenceResolutionCandidate: loaded 2 times (x 92B)
Class [Lorg.jetbrains.kotlin.psi.KtClassLiteralExpression;                            : loaded 2 times (x 67B)
Class com.google.common.util.concurrent.AbstractFuture$TrustedFuture                  : loaded 2 times (x 95B)
Class kotlin.sequences.TakeWhileSequence                                              : loaded 2 times (x 73B)
Class org.jetbrains.kotlin.resolve.calls.components.CallableReferenceOverloadConflictResolver$3: loaded 2 times (x 123B)
Class org.jetbrains.kotlin.resolve.StatementFilter$Companion                          : loaded 2 times (x 69B)
Class org.jetbrains.kotlin.psi.KtSelfType                                             : loaded 2 times (x 437B)
Class org.jetbrains.kotlin.incremental.components.EnumWhenTracker$DoNothing           : loaded 2 times (x 72B)
Class org.jetbrains.plugins.gradle.tooling.serialization.RepositoriesModelSerializationService$ReadContext: loaded 2 times (x 70B)
Class org.jetbrains.kotlin.utils.FunctionsKt$ALWAYS_TRUE$1                            : loaded 2 times (x 76B)
Class org.jetbrains.kotlin.resolve.calls.inference.model.ArgumentConstraintPositionImpl: loaded 2 times (x 70B)
Class org.jetbrains.kotlin.metadata.ProtoBuf$Effect$1                                 : loaded 2 times (x 142B)
Class org.jetbrains.kotlin.resolve.calls.components.CallableReferenceOverloadConflictResolver$4: loaded 2 times (x 76B)
Class org.jetbrains.kotlin.builtins.ReflectionTypes$Companion                         : loaded 2 times (x 69B)
Class org.jetbrains.kotlin.metadata.ProtoBuf$ConstructorOrBuilder                     : loaded 2 times (x 68B)
Class org.jetbrains.kotlin.resolve.checkers.SuspendFunctionAsSupertypeChecker         : loaded 2 times (x 72B)
Class org.jetbrains.kotlin.diagnostics.PositioningStrategies$NAME_IDENTIFIER$1        : loaded 2 times (x 72B)
Class org.jetbrains.kotlin.resolve.calls.tower.PSICallResolver$WhenMappings           : loaded 2 times (x 69B)
Class org.jetbrains.kotlin.resolve.calls.components.CallableReferenceOverloadConflictResolver$5: loaded 2 times (x 77B)
Class org.jetbrains.kotlin.resolve.calls.context.TemporaryTraceAndCache               : loaded 2 times (x 71B)
Class org.jetbrains.kotlin.types.expressions.DestructuringDeclarationResolver         : loaded 2 times (x 70B)
Class org.jetbrains.kotlin.resolve.calls.model.CallableReferenceKotlinCallArgument    : loaded 2 times (x 68B)
Class org.jetbrains.kotlin.incremental.components.EnumWhenTracker                     : loaded 2 times (x 68B)
Class org.jetbrains.kotlin.psi.stubs.elements.KtTypeAliasElementType                  : loaded 2 times (x 98B)
Class org.jetbrains.kotlin.resolve.calls.tower.InvokeExtensionTowerProcessor          : loaded 2 times (x 78B)
Class org.jetbrains.kotlin.metadata.ProtoBuf$ClassOrBuilder                           : loaded 2 times (x 68B)
Class org.jetbrains.kotlin.resolve.jvm.checkers.ProtectedInSuperClassCompanionCallChecker: loaded 2 times (x 72B)
Class org.jetbrains.kotlin.cli.jvm.index.JvmDependenciesIndexImpl$roots$2             : loaded 2 times (x 77B)
Class org.jetbrains.kotlin.load.java.components.JavaSourceElementFactoryImpl          : loaded 2 times (x 72B)
Class com.android.tools.lint.model.DefaultLintModelLibrary                            : loaded 2 times (x 84B)
Class org.jetbrains.kotlin.resolve.calls.inference.ConstraintSystemBuilderKt$WhenMappings: loaded 2 times (x 69B)
Class org.jetbrains.kotlin.load.java.lazy.descriptors.LazyJavaClassDescriptor$LazyJavaClassTypeConstructor: loaded 2 times (x 97B)
Class kotlin.collections.IndexedValue                                                 : loaded 2 times (x 70B)
Class org.jetbrains.kotlin.metadata.jvm.JvmModuleProtoBuf$Module$1                    : loaded 2 times (x 142B)
Class [Lorg.jetbrains.kotlin.types.error.ErrorScopeKind;                              : loaded 2 times (x 67B)
Class org.jetbrains.kotlin.types.error.ErrorScopeKind                                 : loaded 2 times (x 77B)
Class org.jetbrains.kotlin.builtins.jvm.JvmBuiltInClassDescriptorFactory$cloneable$2  : loaded 2 times (x 77B)
Class org.jetbrains.kotlin.psi.KtVisitorVoid                                          : loaded 2 times (x 301B)
Class org.jetbrains.kotlin.lexer.KtSingleValueToken                                   : loaded 2 times (x 75B)
Class org.jetbrains.kotlin.psi.KtDeclarationWithBody                                  : loaded 2 times (x 68B)
Class kotlin.SafePublicationLazyImpl                                                  : loaded 2 times (x 74B)
Class com.amazon.ion.impl.bin.IonRawBinaryWriter                                      : loaded 2 times (x 167B)
Class org.jetbrains.kotlin.util.Check                                                 : loaded 2 times (x 68B)
Class [Lorg.jetbrains.kotlin.descriptors.ClassifierDescriptor;                        : loaded 2 times (x 67B)
Class org.jetbrains.kotlin.descriptors.Visibility                                     : loaded 2 times (x 77B)
Class org.jetbrains.kotlin.load.kotlin.TypeMappingMode                                : loaded 2 times (x 70B)
Class org.jetbrains.kotlin.name.SpecialNames                                          : loaded 2 times (x 69B)
Class org.jetbrains.kotlin.parsing.SemanticWhitespaceAwarePsiBuilder                  : loaded 2 times (x 68B)
Class org.jetbrains.kotlin.cli.jvm.compiler.MockExternalAnnotationsManager            : loaded 2 times (x 85B)
Class com.amazon.ion.impl._Private_IonSystem                                          : loaded 2 times (x 68B)
Class org.jetbrains.kotlin.descriptors.impl.PropertyGetterDescriptorImpl              : loaded 2 times (x 421B)
Class org.jetbrains.kotlin.resolve.BodyResolveCache$ThrowException                    : loaded 2 times (x 72B)
Class [Lorg.jetbrains.kotlin.load.java.typeEnhancement.TypeComponentPosition;         : loaded 2 times (x 67B)
Class org.jetbrains.kotlin.resolve.jvm.checkers.JavaOverrideWithWrongNullabilityOverrideChecker: loaded 2 times (x 72B)
Class kotlin.reflect.KProperty$Accessor                                               : loaded 2 times (x 68B)
Class com.google.common.collect.MapMakerInternalMap$InternalEntry                     : loaded 2 times (x 68B)
Class org.jetbrains.kotlin.resolve.jvm.kotlinSignature.SignaturesPropagationData      : loaded 2 times (x 75B)
Class org.jetbrains.kotlin.serialization.deserialization.AnnotationLoader             : loaded 2 times (x 68B)
Class org.jetbrains.kotlin.diagnostics.PositioningStrategies$LONG_LITERAL_SUFFIX$1    : loaded 2 times (x 72B)
Class org.jetbrains.kotlin.psi.stubs.KotlinObjectStub                                 : loaded 2 times (x 68B)
Class org.jetbrains.kotlin.resolve.calls.tower.NewResolutionOldInference$ResolutionKind$Invoke: loaded 2 times (x 70B)
Class org.jetbrains.kotlin.types.model.SimpleTypeMarker                               : loaded 2 times (x 68B)
Class org.jetbrains.kotlin.psi.KtUnaryExpression                                      : loaded 2 times (x 500B)
Class org.jetbrains.kotlin.psi.KtLabelReferenceExpression                             : loaded 2 times (x 567B)
Class org.jetbrains.kotlin.psi.stubs.KotlinClassOrObjectStub                          : loaded 2 times (x 68B)
Class com.android.prefs.PathLocator$singlePathOf$values$2                             : loaded 2 times (x 76B)
Class org.jetbrains.kotlin.idea.projectModel.KotlinTaskProperties                     : loaded 2 times (x 68B)
Class org.apache.commons.io.FileExistsException                                       : loaded 2 times (x 80B)
Class org.jetbrains.kotlin.resolve.diagnostics.KotlinSuppressCache$filter$1           : loaded 2 times (x 77B)
Class org.jetbrains.kotlin.builtins.functions.FunctionTypeKind                        : loaded 2 times (x 74B)
Class org.jetbrains.kotlin.storage.LockBasedStorageManager$ExceptionHandlingStrategy$1: loaded 2 times (x 72B)
Class org.jetbrains.kotlin.extensions.internal.CandidateInterceptor$Companion         : loaded 2 times (x 70B)
Class org.jetbrains.org.objectweb.asm.CurrentFrame                                    : loaded 2 times (x 71B)
Class org.jetbrains.kotlin.resolve.scopes.receivers.QualifierReceiver                 : loaded 2 times (x 68B)
Class org.jetbrains.kotlin.load.kotlin.KotlinClassFinder                              : loaded 2 times (x 68B)
Class org.jetbrains.kotlin.resolve.AdditionalClassPartsProvider                       : loaded 2 times (x 68B)
Class org.jetbrains.kotlin.protobuf.FieldSet$1                                        : loaded 2 times (x 69B)
Class org.jetbrains.kotlin.serialization.deserialization.FlexibleTypeDeserializer$ThrowException: loaded 2 times (x 72B)
Class org.jetbrains.kotlin.scripting.extensions.ScriptExtraImportsProviderExtension   : loaded 2 times (x 72B)
Class org.jetbrains.kotlin.resolve.calls.tower.ImplicitScopeTowerKt                   : loaded 2 times (x 69B)
Class org.jetbrains.kotlin.resolve.calls.components.CheckSuperExpressionCallPart      : loaded 2 times (x 71B)
Class org.jetbrains.kotlin.parsing.KotlinWhitespaceAndCommentsBindersKt               : loaded 2 times (x 69B)
Class org.jetbrains.kotlin.resolve.diagnostics.DiagnosticSuppressor                   : loaded 2 times (x 68B)
Class com.google.common.collect.Maps$ViewCachingAbstractMap                           : loaded 2 times (x 123B)
Class org.jetbrains.kotlin.builtins.ReflectionTypes$kotlinReflectScope$2              : loaded 2 times (x 77B)
Class org.jetbrains.kotlin.resolve.calls.inference.components.KotlinConstraintSystemCompleter: loaded 2 times (x 70B)
Class org.jetbrains.kotlin.serialization.deserialization.DeserializationConfiguration : loaded 2 times (x 68B)
Class com.amazon.ion.impl._Private_IonBinaryWriterBuilder                             : loaded 2 times (x 107B)
Class org.jetbrains.kotlin.util.ReturnsCheck$ReturnsBoolean$1                         : loaded 2 times (x 76B)
Class org.jetbrains.kotlin.descriptors.synthetic.SyntheticMemberDescriptor            : loaded 2 times (x 68B)
Class org.jetbrains.kotlin.resolve.AnnotationTargetLists$TargetListBuilder            : loaded 2 times (x 70B)
Class org.jetbrains.kotlin.load.java.lazy.descriptors.LazyJavaScope$declaredMemberIndex$1: loaded 2 times (x 77B)
Class org.jetbrains.kotlin.builtins.KotlinBuiltIns$3                                  : loaded 2 times (x 75B)
Class org.jetbrains.kotlin.builtins.jvm.CloneableClassScope                           : loaded 2 times (x 99B)
Class org.jetbrains.kotlin.resolve.calls.model.KotlinCallDiagnostic                   : loaded 2 times (x 71B)
Class org.jetbrains.kotlin.config.JvmAnalysisFlags$enableJvmPreview$2                 : loaded 2 times (x 125B)
Class org.jetbrains.kotlin.metadata.ProtoBuf$Modality$1                               : loaded 2 times (x 72B)
Class org.jetbrains.kotlin.resolve.checkers.ReservedMembersAndConstructsForValueClass$Companion: loaded 2 times (x 69B)
Class org.jetbrains.kotlin.resolve.lazy.descriptors.AbstractLazyMemberScope$typeAliasDescriptors$2: loaded 2 times (x 76B)
Class com.amazon.ion.SymbolTable                                                      : loaded 2 times (x 68B)
Class [Lorg.jetbrains.kotlin.resolve.scopes.MemberScope;                              : loaded 2 times (x 67B)
Class com.android.ide.common.resources.configuration.FolderConfiguration              : loaded 2 times (x 73B)
Class org.jetbrains.kotlin.metadata.ProtoBuf$Annotation                               : loaded 2 times (x 107B)
Class kotlin.text.StringsKt__StringsKt$splitToSequence$2                              : loaded 2 times (x 77B)
Class com.android.tools.lint.model.LintModelModuleLoader                              : loaded 2 times (x 68B)
Class sync_studio_tooling5_9kxza05qgncnusldroou9sqxi$_run_closure1                    : loaded 2 times (x 137B)
Class org.gradle.util.internal.DefaultGradleVersion                                   : loaded 2 times (x 82B)
Class org.jetbrains.kotlin.load.java.structure.impl.source.JavaElementPsiSource       : loaded 2 times (x 71B)
Class org.jetbrains.kotlin.resolve.calls.tasks.DynamicCallableDescriptors$dynamicType$2: loaded 2 times (x 77B)
Class com.android.prefs.PathLocator$singlePathOf$values$1                             : loaded 2 times (x 77B)
Class org.jetbrains.kotlin.resolve.RequireKotlinConstants                             : loaded 2 times (x 69B)
Class org.jetbrains.kotlin.descriptors.ClassDescriptor                                : loaded 2 times (x 68B)
Class org.jetbrains.kotlin.load.java.structure.impl.source.JavaFixedElementSourceFactory: loaded 2 times (x 77B)
Class org.jetbrains.kotlin.config.CompilerConfiguration                               : loaded 2 times (x 86B)
Class org.jetbrains.kotlin.synthetic.SyntheticJavaPropertyDescriptor                  : loaded 2 times (x 68B)
Class org.jetbrains.kotlin.resolve.calls.inference.ConstraintSystemTransaction        : loaded 2 times (x 71B)
Class org.jetbrains.kotlin.descriptors.impl.ModuleAwareClassDescriptorKt              : loaded 2 times (x 69B)
Class org.jetbrains.kotlin.resolve.sam.SamConversionOracle                            : loaded 2 times (x 68B)
Class org.jetbrains.kotlin.cli.jvm.compiler.CliBindingTrace                           : loaded 2 times (x 103B)
Class com.amazon.ion.impl.bin.Symbols$2                                               : loaded 2 times (x 105B)
Class org.jetbrains.kotlin.resolve.calls.KotlinCallResolver$WhenMappings              : loaded 2 times (x 69B)
Class [Lorg.jetbrains.kotlin.descriptors.ClassDescriptor;                             : loaded 2 times (x 67B)
Class org.jetbrains.kotlin.types.expressions.ExpressionTypingComponents               : loaded 2 times (x 112B)
Class [Lorg.jetbrains.kotlin.psi.KtFunction;                                          : loaded 2 times (x 67B)
Class [Lorg.jetbrains.kotlin.psi.KtExpression;                                        : loaded 2 times (x 67B)
Class org.jetbrains.kotlin.resolve.jvm.modules.JavaModuleInfo$Exports                 : loaded 2 times (x 70B)
Class org.jetbrains.kotlin.builtins.KotlinBuiltIns$2                                  : loaded 2 times (x 75B)
Class com.google.common.collect.MapMakerInternalMap                                   : loaded 2 times (x 159B)
Class org.jetbrains.kotlin.resolve.calls.checkers.SynchronizedByValueChecker          : loaded 2 times (x 72B)
Class org.jetbrains.kotlin.resolve.jvm.checkers.JavaTypeAccessibilityChecker          : loaded 2 times (x 74B)
Class [Lorg.jetbrains.kotlin.descriptors.annotations.AnnotationUseSiteTarget;         : loaded 2 times (x 67B)
Class org.jetbrains.kotlin.resolve.jvm.checkers.StrictfpApplicabilityChecker          : loaded 2 times (x 72B)
Class org.jetbrains.kotlin.resolve.InlineClassesUtilsKt                               : loaded 2 times (x 69B)
Class org.jetbrains.kotlin.types.TypeProjectionBase                                   : loaded 2 times (x 81B)
Class org.jetbrains.kotlin.resolve.calls.components.candidate.ResolutionCandidate     : loaded 2 times (x 92B)
Class org.jetbrains.kotlin.serialization.deserialization.ClassData                    : loaded 2 times (x 70B)
Class org.jetbrains.kotlin.cli.jvm.index.JavaRoot$RootType                            : loaded 2 times (x 77B)
Class it.unimi.dsi.fastutil.ints.IntCollection                                        : loaded 2 times (x 68B)
Class org.jetbrains.kotlin.resolve.lazy.LazyImportScope$getContributedVariables$2$1   : loaded 2 times (x 77B)
Class org.jetbrains.kotlin.protobuf.AbstractMessageLite                               : loaded 2 times (x 96B)
Class org.jetbrains.kotlin.descriptors.PackageFragmentProviderImpl                    : loaded 2 times (x 78B)
Class org.jetbrains.kotlin.storage.LockBasedStorageManager                            : loaded 2 times (x 106B)
Class org.jetbrains.kotlin.asJava.KotlinAsJavaSupportBase                             : loaded 2 times (x 101B)
Class net.rubygrapefruit.platform.internal.Platform$MacOs32Bit                        : loaded 2 times (x 80B)
Class com.google.common.collect.ImmutableMapKeySet                                    : loaded 2 times (x 148B)
Class org.apache.commons.io.output.StringBuilderWriter                                : loaded 2 times (x 98B)
Class org.jetbrains.kotlin.scripting.definitions.ScriptPriorities                     : loaded 2 times (x 69B)
Class org.jetbrains.kotlin.cli.jvm.index.JvmDependenciesIndexImpl$SearchResult$Found  : loaded 2 times (x 70B)
Class [Lorg.jetbrains.kotlin.psi.KtImportInfo;                                        : loaded 2 times (x 67B)
Class kotlin.reflect.jvm.internal.KCallableImpl                                       : loaded 2 times (x 103B)
Class [Lkotlin.script.experimental.host.ScriptingHostConfiguration;                   : loaded 2 times (x 67B)
Class org.jetbrains.kotlin.load.kotlin.JvmPackagePartProviderBase$Companion           : loaded 2 times (x 69B)
Class com.google.common.base.MoreObjects                                              : loaded 2 times (x 69B)
Class org.jetbrains.kotlin.resolve.calls.inference.components.EmptySubstitutor        : loaded 2 times (x 77B)
Class org.jetbrains.kotlin.resolve.calls.inference.model.ConstraintStorage            : loaded 2 times (x 68B)
Class org.jetbrains.kotlin.resolve.checkers.PrivateInlineFunctionsReturningAnonymousObjectsChecker: loaded 2 times (x 72B)
Class org.jetbrains.kotlin.resolve.calls.model.SimpleCandidateFactory$WhenMappings    : loaded 2 times (x 69B)
Class org.jetbrains.kotlin.load.kotlin.header.ReadKotlinClassHeaderAnnotationVisitor$CollectStringArrayAnnotationVisitor: loaded 2 times (x 83B)
Class org.jetbrains.kotlin.load.java.typeEnhancement.SignatureEnhancement             : loaded 2 times (x 70B)
Class org.jetbrains.kotlin.resolve.lazy.descriptors.AbstractLazyMemberScope$typeAliasDescriptors$1: loaded 2 times (x 77B)
Class com.android.ide.common.repository.GradleVersion$VersionSegment                  : loaded 2 times (x 73B)
Class org.jetbrains.kotlin.descriptors.TypeParameterUtilsKt                           : loaded 2 times (x 69B)
Class org.jetbrains.kotlin.container.SingletonDescriptor$disposableObjects$2          : loaded 2 times (x 76B)
Class kotlin.properties.Delegates                                                     : loaded 2 times (x 69B)
Class org.jetbrains.kotlin.psi.KtElementImpl                                          : loaded 2 times (x 374B)
Class org.jetbrains.kotlin.psi.stubs.KotlinModifierListStub                           : loaded 2 times (x 68B)
Class org.jetbrains.kotlin.psi.KtFile$Companion                                       : loaded 2 times (x 69B)
Class org.objectweb.asm.SymbolTable                                                   : loaded 2 times (x 70B)
Class org.jetbrains.kotlin.resolve.constants.IntegerValueTypeConstructor              : loaded 2 times (x 80B)
Class org.jetbrains.kotlin.load.java.lazy.LazyJavaAnnotations$annotationDescriptors$1 : loaded 2 times (x 77B)
Class javaslang.collection.HashArrayMappedTrieModule$LeafNode                         : loaded 2 times (x 102B)
Class org.jetbrains.kotlin.resolve.lazy.NoDescriptorForDeclarationException           : loaded 2 times (x 92B)
Class [Lorg.jetbrains.kotlin.psi.KtStringTemplateEntryWithExpression;                 : loaded 2 times (x 67B)
Class com.amazon.ion.impl.bin.BlockAllocatorProvider                                  : loaded 2 times (x 70B)
Class org.jetbrains.kotlin.resolve.calls.results.OverloadingConflictResolver          : loaded 2 times (x 70B)
Class kotlin.reflect.KMutableProperty0                                                : loaded 2 times (x 68B)
Class com.android.tools.lint.model.PathVariables$Companion$PATH_COMPARATOR$1          : loaded 2 times (x 76B)
Class org.gradle.tooling.internal.adapter.ProtocolToModelAdapter$ViewGraphDetails$1   : loaded 2 times (x 75B)
Class org.jetbrains.kotlin.descriptors.annotations.Annotations$Companion$EMPTY$1      : loaded 2 times (x 83B)
Class kotlin.reflect.KMutableProperty1                                                : loaded 2 times (x 68B)
Class com.android.tools.lint.model.PathVariables$Companion$PATH_COMPARATOR$2          : loaded 2 times (x 76B)
Class [Lorg.objectweb.asm.AnnotationVisitor;                                          : loaded 2 times (x 67B)
Class org.jetbrains.kotlin.util.ValueParameterCountCheck$AtLeast                      : loaded 2 times (x 78B)
Class org.jetbrains.kotlin.resolve.calls.tower.CallableReferenceKotlinCallArgumentImpl: loaded 2 times (x 93B)
Class org.jetbrains.kotlin.container.ImplicitSingletonTypeComponentDescriptor         : loaded 2 times (x 91B)
Class org.jetbrains.kotlin.psi.KtConstructorDelegationCall                            : loaded 2 times (x 450B)
Class kotlin.reflect.KMutableProperty2                                                : loaded 2 times (x 68B)
Class com.android.tools.lint.model.PathVariables$Companion$PATH_COMPARATOR$3          : loaded 2 times (x 76B)
Class com.google.common.cache.CacheStats                                              : loaded 2 times (x 69B)
Class org.jetbrains.kotlin.psi.KtInstanceExpressionWithLabel                          : loaded 2 times (x 436B)
Class org.jetbrains.kotlin.psi.KtForExpression                                        : loaded 2 times (x 443B)
Class com.android.tools.lint.model.PathVariables$Companion$PATH_COMPARATOR$4          : loaded 2 times (x 76B)
Class com.intellij.gradle.toolingExtension.impl.model.buildScriptClasspathModel.GradleBuildScriptClasspathSerializationService$ReadContext: loaded 2 times (x 70B)
Class org.jetbrains.kotlin.util.ValueParameterCountCheck                              : loaded 2 times (x 78B)
Class org.jetbrains.kotlin.resolve.constants.KClassValue$Value$NormalClass            : loaded 2 times (x 70B)
Class it.unimi.dsi.fastutil.ints.IntSet                                               : loaded 2 times (x 68B)
Class com.amazon.ion.IonDatagram                                                      : loaded 2 times (x 68B)
Class org.jetbrains.kotlin.load.java.JvmAnnotationNames                               : loaded 2 times (x 69B)
Class org.jetbrains.kotlin.psi.stubs.KotlinConstantExpressionStub                     : loaded 2 times (x 68B)
Class org.jetbrains.kotlin.builtins.FunctionInterfacePackageFragment                  : loaded 2 times (x 68B)
Class com.android.ide.common.resources.configuration.ResourceQualifier                : loaded 2 times (x 86B)
Class org.jetbrains.kotlin.scripting.definitions.ScriptCompilationConfigurationFromDefinition$1$4: loaded 2 times (x 77B)
Class org.jetbrains.kotlin.load.java.typeEnhancement.EnhancedTypeAnnotations          : loaded 2 times (x 84B)
Class org.jetbrains.kotlin.types.checker.ClassicTypeSystemContext$DefaultImpls        : loaded 2 times (x 69B)
Class org.jetbrains.kotlin.resolve.scopes.HierarchicalScope                           : loaded 2 times (x 68B)
Class org.jetbrains.kotlin.config.CompilerConfigurationKey                            : loaded 2 times (x 70B)
Class com.android.tools.lint.model.LintModelMavenName$Companion                       : loaded 2 times (x 69B)
Class org.jetbrains.kotlin.storage.LockBasedStorageManager$KeyWithComputation         : loaded 2 times (x 70B)
Class org.jetbrains.kotlin.psi.psiUtil.PsiUtilsKt$siblings$1$iterator$1               : loaded 2 times (x 77B)
Class org.jetbrains.kotlin.protobuf.CodedOutputStream$OutOfSpaceException             : loaded 2 times (x 80B)
Class org.gradle.internal.classloader.VisitableURLClassLoader                         : loaded 2 times (x 115B)
Class org.jetbrains.kotlin.resolve.calls.tower.TowerData$BothTowerLevelAndContextReceiversGroup: loaded 2 times (x 70B)
Class org.jetbrains.kotlin.resolve.calls.components.CheckExplicitReceiverKindConsistency: loaded 2 times (x 71B)
Class org.jetbrains.kotlin.idea.MainFunctionDetector$Companion                        : loaded 2 times (x 69B)
Class org.jetbrains.kotlin.resolve.checkers.SinceKotlinAnnotationValueChecker         : loaded 2 times (x 75B)
Class org.jetbrains.kotlin.psi.stubs.KotlinConstructorStub                            : loaded 2 times (x 68B)
Class [Lcom.amazon.ion.impl.bin.IonManagedBinaryWriter$UserState;                     : loaded 2 times (x 67B)
Class com.google.common.cache.LocalCache$LocalLoadingCache                            : loaded 2 times (x 132B)
Class org.jetbrains.kotlin.load.java.lazy.descriptors.LazyJavaClassMemberScope$generatedNestedClassNames$1: loaded 2 times (x 77B)
Class org.jetbrains.kotlin.resolve.jvm.checkers.JvmRecordApplicabilityChecker         : loaded 2 times (x 73B)
Class org.jetbrains.kotlin.resolve.ModuleAnnotationsResolver                          : loaded 2 times (x 68B)
Class org.jetbrains.kotlin.metadata.ProtoBuf$EnumEntry                                : loaded 2 times (x 116B)
Class org.jetbrains.kotlin.psi.KtDeclarationStub                                      : loaded 2 times (x 711B)
Class org.jetbrains.kotlin.cli.jvm.compiler.KotlinCliJavaFileManagerImplKt$toSafeFqName$1: loaded 2 times (x 77B)
Class org.jetbrains.kotlin.util.AbstractArrayMapOwner                                 : loaded 2 times (x 79B)
Class org.jetbrains.kotlin.builtins.jvm.JvmBuiltInClassDescriptorFactory$Companion    : loaded 2 times (x 69B)
Class [Lorg.jetbrains.kotlin.psi.KtDynamicType;                                       : loaded 2 times (x 67B)
Class kotlin.reflect.jvm.internal.RuntimeTypeMapper                                   : loaded 2 times (x 69B)
Class org.jetbrains.kotlin.load.java.typeEnhancement.JavaTypeEnhancement$SimpleResult : loaded 2 times (x 70B)
Class org.jetbrains.kotlin.protobuf.LazyField                                         : loaded 2 times (x 81B)
Class org.jetbrains.kotlin.scripting.definitions.ScriptDefinition                     : loaded 2 times (x 112B)
Class com.google.common.io.CharSource$CharSequenceCharSource                          : loaded 2 times (x 84B)
Class com.google.common.base.Supplier                                                 : loaded 2 times (x 68B)
Class org.jetbrains.kotlin.types.expressions.ExpressionTypingUtils                    : loaded 2 times (x 69B)
Class org.jetbrains.kotlin.diagnostics.DiagnosticFactoryForDeprecation0               : loaded 2 times (x 70B)
Class org.jetbrains.kotlin.psi.stubs.elements.KtStringTemplateExpressionElementType   : loaded 2 times (x 101B)
Class kotlin.reflect.jvm.internal.KCallableImpl$_returnType$1                         : loaded 2 times (x 77B)
Class org.jetbrains.kotlin.compiler.plugin.ComponentRegistrar$Companion               : loaded 2 times (x 69B)
Class com.google.common.collect.HashBiMap$BiEntry                                     : loaded 2 times (x 81B)
Class org.jetbrains.kotlin.resolve.calls.inference.CapturedTypeConstructorKt          : loaded 2 times (x 69B)
Class org.jetbrains.kotlin.metadata.ProtoBuf$VersionRequirement                       : loaded 2 times (x 114B)
Class org.jetbrains.kotlin.resolve.jvm.checkers.JavaNullabilityChecker$Companion$typeCheckerForEnhancedTypes$1: loaded 2 times (x 71B)
Class org.jetbrains.kotlin.descriptors.impl.DeclarationDescriptorImpl                 : loaded 2 times (x 94B)
Class org.jetbrains.kotlin.descriptors.ModuleDescriptor                               : loaded 2 times (x 68B)
Class org.jetbrains.kotlin.diagnostics.DiagnosticFactoryForDeprecation1               : loaded 2 times (x 70B)
Class org.jetbrains.kotlin.diagnostics.PositioningStrategies$RETURN_WITH_LABEL$1      : loaded 2 times (x 72B)
Class org.jetbrains.kotlin.psi.stubs.KotlinUserTypeStub                               : loaded 2 times (x 68B)
Class org.jetbrains.kotlin.storage.StorageManager                                     : loaded 2 times (x 68B)
Class org.jetbrains.kotlin.load.java.structure.JavaElement                            : loaded 2 times (x 68B)
Class kotlin.reflect.jvm.internal.KPropertyImpl$_javaField$1                          : loaded 2 times (x 77B)
Class org.jetbrains.org.objectweb.asm.Symbol                                          : loaded 2 times (x 71B)
Class org.jetbrains.kotlin.resolve.lazy.LazyImportScope$getContributedFunctions$1     : loaded 2 times (x 77B)
Class [Lorg.jetbrains.kotlin.metadata.ProtoBuf$Effect$EffectType;                     : loaded 2 times (x 67B)
Class org.jetbrains.kotlin.psi.KtIfExpression                                         : loaded 2 times (x 442B)
Class org.jetbrains.kotlin.psi.psiUtil.PsiUtilsKt$parentsWithSelf$1                   : loaded 2 times (x 76B)
Class org.jetbrains.kotlin.diagnostics.DiagnosticFactoryForDeprecation2               : loaded 2 times (x 70B)
Class com.android.ide.common.gradle.Separator                                         : loaded 2 times (x 77B)
Class org.jetbrains.kotlin.psi.KtSimpleNameExpressionImpl                             : loaded 2 times (x 567B)
Class org.jetbrains.kotlin.load.java.components.FilesByFacadeFqNameIndexer$Companion  : loaded 2 times (x 69B)
Class org.jetbrains.kotlin.diagnostics.DiagnosticFactoryForDeprecation3               : loaded 2 times (x 70B)
Class org.jetbrains.kotlin.resolve.checkers.InfixModifierChecker                      : loaded 2 times (x 72B)
Class com.android.utils.EnvironmentProvider$DirectEnvironmentProvider                 : loaded 2 times (x 78B)
Class com.google.common.base.Objects                                                  : loaded 2 times (x 69B)
Class com.google.common.util.concurrent.AbstractFuture$AtomicHelper                   : loaded 2 times (x 76B)
Class org.jetbrains.kotlin.load.java.typeEnhancement.SignatureParts                   : loaded 2 times (x 89B)
Class org.jetbrains.kotlin.resolve.lazy.descriptors.LazyClassMemberScope$MemberExtractor: loaded 2 times (x 68B)
Class org.jetbrains.kotlin.resolve.calls.components.CallableReferenceOverloadConflictResolver: loaded 2 times (x 70B)
Class org.jetbrains.kotlin.types.expressions.ExpressionTypingVisitorDispatcher        : loaded 2 times (x 240B)
Class org.jetbrains.kotlin.resolve.calls.checkers.EqualityCallChecker                 : loaded 2 times (x 72B)
Class org.jetbrains.kotlin.diagnostics.DiagnosticFactoryForDeprecation4               : loaded 2 times (x 70B)
Class org.jetbrains.kotlin.asJava.KotlinAsJavaSupport$Companion                       : loaded 2 times (x 69B)
Class org.jetbrains.kotlin.resolve.checkers.DeclarationCheckerContext                 : loaded 2 times (x 76B)
Class org.jetbrains.kotlin.util.slicedMap.Slices$SliceBuilder$1                       : loaded 2 times (x 99B)
Class [Lorg.jetbrains.kotlin.psi.KtPropertyAccessor;                                  : loaded 2 times (x 67B)
Class [Lorg.jetbrains.kotlin.mpp.ClassLikeSymbolMarker;                               : loaded 2 times (x 67B)
Class org.jetbrains.kotlin.load.java.structure.impl.JavaAnnotationImpl                : loaded 2 times (x 97B)
Class kotlin.reflect.KMutableProperty$Setter                                          : loaded 2 times (x 68B)
Class org.jetbrains.org.objectweb.asm.FieldWriter                                     : loaded 2 times (x 75B)
Class com.google.common.hash.PrimitiveSink                                            : loaded 2 times (x 68B)
Class org.jetbrains.kotlin.resolve.calls.tower.ErrorCandidateFactoryKt$WhenMappings   : loaded 2 times (x 69B)
Class [Lcom.android.resources.ResourceType$Kind;                                      : loaded 2 times (x 67B)
Class org.jetbrains.kotlin.resolve.calls.model.KotlinDiagnosticsHolder$SimpleHolder   : loaded 2 times (x 73B)
Class javax.inject.Inject                                                             : loaded 2 times (x 68B)
Class org.jetbrains.kotlin.load.java.lazy.JavaResolverSettings                        : loaded 2 times (x 68B)
Class org.jetbrains.kotlin.builtins.FunctionTypesKt                                   : loaded 2 times (x 69B)
Class org.jetbrains.kotlin.builtins.KotlinBuiltIns$1                                  : loaded 2 times (x 75B)
Class org.jetbrains.kotlin.resolve.checkers.FunInterfaceDeclarationChecker            : loaded 2 times (x 72B)
Class org.jetbrains.kotlin.diagnostics.PositioningStrategies$OPERATOR$1               : loaded 2 times (x 72B)
Class org.jetbrains.plugins.gradle.model.GradleProperty                               : loaded 2 times (x 68B)
Class com.google.common.io.CharSource$EmptyCharSource                                 : loaded 2 times (x 84B)
Class org.jetbrains.kotlin.codegen.OwnerKind$Companion                                : loaded 2 times (x 69B)
Class org.jetbrains.kotlin.types.DeferredType                                         : loaded 2 times (x 85B)
Class org.jetbrains.kotlin.descriptors.impl.CompositePackageFragmentProvider          : loaded 2 times (x 78B)
Class org.jetbrains.kotlin.resolve.AnnotationChecker                                  : loaded 2 times (x 70B)
Class org.jetbrains.kotlin.metadata.ProtoBuf$QualifiedNameTable$1                     : loaded 2 times (x 142B)
Class org.jetbrains.kotlin.resolve.checkers.SealedInheritorInSamePackageChecker       : loaded 2 times (x 72B)
Class kotlin.reflect.jvm.internal.ReflectionFactoryImpl                               : loaded 2 times (x 89B)
Class org.jetbrains.kotlin.codegen.JvmCodegenUtil                                     : loaded 2 times (x 69B)
Class org.jetbrains.kotlin.load.java.components.JavaTargetAnnotationDescriptor        : loaded 2 times (x 85B)
Class org.jetbrains.kotlin.load.java.structure.impl.JavaClassImpl$Companion           : loaded 2 times (x 69B)
Class org.jetbrains.kotlin.types.expressions.FakeCallKind                             : loaded 2 times (x 77B)
Class com.amazon.ion.impl.lite.IonLobLite                                             : loaded 2 times (x 182B)
Class com.amazon.ion.IonStruct                                                        : loaded 2 times (x 68B)
Class org.gradle.api.internal.ClassPathRegistry                                       : loaded 2 times (x 68B)
Class org.jetbrains.kotlin.resolve.lazy.descriptors.ClassResolutionScopesSupport$scopeForCompanionObjectHeaderResolution$1: loaded 2 times (x 77B)
Class org.jetbrains.kotlin.protobuf.GeneratedMessageLite$ExtendableMessage$ExtensionWriter: loaded 2 times (x 71B)
Class org.jetbrains.kotlin.load.java.typeEnhancement.SignatureEnhancementBuilder      : loaded 2 times (x 70B)
Class org.jetbrains.kotlin.resolve.calls.util.ResolvedCallUtilKt$WhenMappings         : loaded 2 times (x 69B)
Class org.jetbrains.kotlin.resolve.calls.smartcasts.DataFlowValue                     : loaded 2 times (x 70B)
Class org.jetbrains.kotlin.load.java.JavaDescriptorVisibilities$1                     : loaded 2 times (x 77B)
Class org.jetbrains.kotlin.metadata.builtins.BuiltInsBinaryVersion                    : loaded 2 times (x 72B)
Class org.jetbrains.kotlin.platform.TargetPlatformKt                                  : loaded 2 times (x 69B)
Class org.jetbrains.kotlin.resolve.constants.NullValue                                : loaded 2 times (x 74B)
Class org.jetbrains.kotlin.load.java.JavaDescriptorVisibilities$2                     : loaded 2 times (x 77B)
Class org.jetbrains.kotlin.load.java.structure.impl.JavaAnnotationOwnerImpl           : loaded 2 times (x 68B)
Class org.jetbrains.kotlin.types.AnnotationsTypeAttribute                             : loaded 2 times (x 75B)
Class org.jetbrains.kotlin.resolve.calls.model.DataFlowInfoForArgumentsImpl           : loaded 2 times (x 78B)
Class org.jetbrains.kotlin.cli.jvm.compiler.CliLightClassGenerationSupport            : loaded 2 times (x 75B)
Class com.google.common.cache.LocalCache$EntryFactory                                 : loaded 2 times (x 81B)
Class org.jetbrains.org.objectweb.asm.commons.Method                                  : loaded 2 times (x 74B)
Class org.jetbrains.kotlin.resolve.lazy.LazyImportScope$getContributedFunctions$2$1   : loaded 2 times (x 77B)
Class org.jetbrains.kotlin.load.java.JavaDescriptorVisibilities$3                     : loaded 2 times (x 77B)
Class org.jetbrains.kotlin.metadata.jvm.JvmModuleProtoBuf$ModuleOrBuilder             : loaded 2 times (x 68B)
Class org.jetbrains.kotlin.container.InstanceComponentDescriptor                      : loaded 2 times (x 83B)
Class org.jetbrains.kotlin.scripting.definitions.ScriptDefinitionProvider             : loaded 2 times (x 68B)
Class org.jetbrains.kotlin.builtins.functions.FunctionClassDescriptor$Companion       : loaded 2 times (x 69B)
Class com.google.common.util.concurrent.UncheckedExecutionException                   : loaded 2 times (x 80B)
Class org.jetbrains.kotlin.types.model.TypeSystemInferenceExtensionContextDelegate    : loaded 2 times (x 68B)
Class org.jetbrains.kotlin.scripting.definitions.ScriptDefinitionsSource              : loaded 2 times (x 68B)
Class org.gradle.internal.classloader.VisitableURLClassLoader$InstrumentingVisitableURLClassLoader: loaded 2 times (x 121B)
Class org.jetbrains.kotlin.resolve.calls.tower.EmptyLabeledReturn                     : loaded 2 times (x 83B)
Class org.jetbrains.kotlin.resolve.AnnotationChecker$Companion                        : loaded 2 times (x 69B)
Class com.google.common.io.ByteSource                                                 : loaded 2 times (x 82B)
Class com.android.tools.lint.model.PathVariables                                      : loaded 2 times (x 70B)
Class org.gradle.internal.classloader.ClassLoaderHierarchy                            : loaded 2 times (x 68B)
Class org.jetbrains.kotlin.cli.jvm.compiler.KotlinCliJavaFileManagerImplKt            : loaded 2 times (x 69B)
Class org.jetbrains.kotlin.types.expressions.FunctionWithBigAritySupport$LanguageVersionDependent: loaded 2 times (x 72B)
Class org.jetbrains.kotlin.util.ReturnsCheck$ReturnsBoolean                           : loaded 2 times (x 78B)
Class org.jetbrains.kotlin.load.java.lazy.descriptors.LazyJavaAnnotationDescriptor$type$2: loaded 2 times (x 77B)
Class org.jetbrains.kotlin.psi.KtOperationExpression                                  : loaded 2 times (x 68B)
Class com.android.tools.lint.model.LintModelSerialization$LintModelSerializationFileAdapter$WhenMappings: loaded 2 times (x 69B)
Class org.jetbrains.kotlin.resolve.scopes.utils.LexicalScopeWrapper                   : loaded 2 times (x 91B)
Class org.jetbrains.kotlin.serialization.deserialization.EnumEntriesDeserializationSupport$Default: loaded 2 times (x 72B)
Class org.jetbrains.kotlin.metadata.ProtoBuf$AnnotationOrBuilder                      : loaded 2 times (x 68B)
Class org.jetbrains.kotlin.resolve.jvm.checkers.SuspensionPointInsideMutexLockChecker : loaded 2 times (x 72B)
Class org.jetbrains.kotlin.platform.TargetPlatformVersion                             : loaded 2 times (x 68B)
Class [Lorg.jetbrains.kotlin.psi.ValueArgumentName;                                   : loaded 2 times (x 67B)
Class kotlin.script.experimental.util.PropertiesCollection$Builder                    : loaded 2 times (x 70B)
Class org.jetbrains.kotlin.metadata.ProtoBuf$Class$Kind                               : loaded 2 times (x 80B)
Class org.jetbrains.kotlin.resolve.checkers.PrimitiveNumericComparisonCallChecker     : loaded 2 times (x 72B)
Class org.jetbrains.kotlin.config.LanguageFeature$Companion                           : loaded 2 times (x 69B)
Class org.jetbrains.plugins.gradle.model.MavenRepositoryModel                         : loaded 2 times (x 68B)
Class com.android.builder.model.v2.ide.AndroidGradlePluginProjectFlags                : loaded 2 times (x 68B)
Class org.jetbrains.kotlin.resolve.calls.util.DelegatingCall                          : loaded 2 times (x 96B)
Class org.jetbrains.kotlin.load.java.structure.JavaType                               : loaded 2 times (x 68B)
Class org.jetbrains.kotlin.load.java.structure.LightClassOriginKind                   : loaded 2 times (x 77B)
Class org.jetbrains.kotlin.resolve.lazy.LazyImportResolver$importedScopesProvider$1$1 : loaded 2 times (x 77B)
Class org.jetbrains.kotlin.resolve.ModifiersChecker                                   : loaded 2 times (x 71B)
Class [Lorg.jetbrains.kotlin.lexer.KtSingleValueToken;                                : loaded 2 times (x 67B)
Class com.android.tools.lint.model.LintModelNamespacingMode                           : loaded 2 times (x 77B)
Class org.jetbrains.kotlin.descriptors.PackageFragmentDescriptor                      : loaded 2 times (x 68B)
Class org.jetbrains.kotlin.builtins.jvm.JvmBuiltIns$Kind                              : loaded 2 times (x 77B)
Class org.jetbrains.kotlin.metadata.ProtoBuf$PackageFragmentOrBuilder                 : loaded 2 times (x 68B)
Class org.jetbrains.kotlin.cli.jvm.modules.CliJavaModuleResolver                      : loaded 2 times (x 76B)
Class kotlin.jvm.internal.MutablePropertyReference                                    : loaded 2 times (x 117B)
Class org.jetbrains.kotlin.cli.jvm.compiler.MockInferredAnnotationsManager$Companion  : loaded 2 times (x 69B)
Class com.amazon.ion.UnexpectedEofException                                           : loaded 2 times (x 82B)
Class org.jetbrains.kotlin.types.model.TypeCheckerProviderContext                     : loaded 2 times (x 68B)
Class it.unimi.dsi.fastutil.longs.LongCollection                                      : loaded 2 times (x 68B)
Class org.jetbrains.kotlin.builtins.ReflectionTypes$ClassLookup                       : loaded 2 times (x 69B)
Class org.jetbrains.kotlin.descriptors.impl.PackageViewDescriptorFactory              : loaded 2 times (x 68B)
Class org.jetbrains.kotlin.resolve.jvm.checkers.JvmSimpleNameBacktickChecker          : loaded 2 times (x 73B)
Class org.jetbrains.kotlin.extensions.CollectAdditionalSourcesExtension               : loaded 2 times (x 68B)
Class org.jetbrains.kotlin.descriptors.impl.FieldDescriptorImpl                       : loaded 2 times (x 77B)
Class org.gradle.internal.exceptions.MultiCauseException                              : loaded 2 times (x 68B)
Class org.jetbrains.kotlin.resolve.calls.components.ArgumentsUtilsKt$hasDefaultValue$2: loaded 2 times (x 76B)
Class [Lorg.jetbrains.kotlin.renderer.PropertyAccessorRenderingPolicy;                : loaded 2 times (x 67B)
Class org.jetbrains.kotlin.metadata.ProtoBuf$TypeParameter                            : loaded 2 times (x 128B)
Class [Lorg.jetbrains.kotlin.psi.KtSecondaryConstructor;                              : loaded 2 times (x 67B)
Class kotlin.script.experimental.dependencies.DependenciesResolver$NoDependencies     : loaded 2 times (x 75B)
Class org.jetbrains.kotlin.resolve.lazy.descriptors.ClassResolutionScopesSupport$Companion: loaded 2 times (x 69B)
Class org.jetbrains.kotlin.metadata.ProtoBuf$VersionRequirementTable$1                : loaded 2 times (x 142B)
Class com.amazon.ion.impl.lite.IonSexpLite                                            : loaded 2 times (x 449B)
Class org.jetbrains.kotlin.load.kotlin.header.ReadKotlinClassHeaderAnnotationVisitor$KotlinMetadataArgumentVisitor$1: loaded 2 times (x 83B)
Class com.amazon.ion.impl.bin.IonManagedBinaryWriter$UserState$1                      : loaded 2 times (x 83B)
Class org.jetbrains.kotlin.resolve.calls.tower.ScopeTowerProcessorsKt$createVariableProcessor$1: loaded 2 times (x 77B)
Class org.jetbrains.kotlin.utils.DFS$NodeHandler                                      : loaded 2 times (x 68B)
Class org.jetbrains.kotlin.load.kotlin.header.ReadKotlinClassHeaderAnnotationVisitor$KotlinMetadataArgumentVisitor$2: loaded 2 times (x 83B)
Class org.jetbrains.kotlin.resolve.jvm.multiplatform.OptionalAnnotationPackageFragmentProvider$packages$2$1$classDescriptors$1: loaded 2 times (x 77B)
Class org.jetbrains.kotlin.serialization.deserialization.descriptors.NonEmptyDeserializedAnnotations: loaded 2 times (x 89B)
Class org.jetbrains.kotlin.cfg.ControlFlowInformationProvider$Factory                 : loaded 2 times (x 68B)
Class [Lorg.jetbrains.kotlin.psi.KtContractEffect;                                    : loaded 2 times (x 67B)
Class [Lcom.amazon.ion.impl.bin.IonRawBinaryWriter$ContainerType;                     : loaded 2 times (x 67B)
Class com.amazon.ion.impl.bin.IonManagedBinaryWriter$UserState$2                      : loaded 2 times (x 83B)
Class [Lcom.amazon.ion.impl.bin.IonRawBinaryWriter$StreamCloseMode;                   : loaded 2 times (x 67B)
Class org.jetbrains.kotlin.resolve.calls.inference.components.ConstraintInjector$TypeCheckerStateForConstraintInjector: loaded 2 times (x 607B)
Class org.jetbrains.kotlin.load.java.typeEnhancement.SignatureEnhancement$enhanceSignature$valueParameterEnhancements$1$1: loaded 2 times (x 77B)
Class org.jetbrains.kotlin.load.kotlin.BinaryClassAnnotationAndConstantLoaderImpl$loadAnnotation$1: loaded 2 times (x 86B)
Class org.jetbrains.kotlin.resolve.jvm.TopPackageNamesProvider                        : loaded 2 times (x 68B)
Class org.jetbrains.kotlin.resolve.calls.inference.components.ConstraintInjector      : loaded 2 times (x 70B)
Class com.amazon.ion.impl.bin.IonManagedBinaryWriter$UserState$3                      : loaded 2 times (x 83B)
Class com.android.builder.model.v2.models.VariantDependenciesAdjacencyList            : loaded 2 times (x 68B)
Class org.jetbrains.kotlin.diagnostics.PositioningStrategies$CALL_ELEMENT$1           : loaded 2 times (x 72B)
Class kotlin.collections.builders.MapBuilder                                          : loaded 2 times (x 110B)
Class com.amazon.ion.impl.bin.IonManagedBinaryWriter$UserState$4                      : loaded 2 times (x 83B)
Class org.jetbrains.kotlin.load.java.typeEnhancement.JavaTypeQualifiers               : loaded 2 times (x 70B)
Class org.jetbrains.kotlin.load.java.lazy.descriptors.LazyJavaPackageScope$KotlinClassLookupResult$NotFound: loaded 2 times (x 69B)
Class org.jetbrains.kotlin.descriptors.impl.AbstractTypeParameterDescriptor$1         : loaded 2 times (x 75B)
Class org.jetbrains.kotlin.serialization.deserialization.descriptors.DeserializedClassDescriptor: loaded 2 times (x 275B)
Class org.jetbrains.kotlin.cli.common.extensions.ScriptEvaluationExtension$Companion  : loaded 2 times (x 70B)
Class org.jetbrains.kotlin.resolve.calls.model.SubKotlinCallArgument                  : loaded 2 times (x 68B)
Class org.jetbrains.kotlin.descriptors.impl.AbstractTypeParameterDescriptor$2         : loaded 2 times (x 75B)
Class org.jetbrains.kotlin.types.expressions.ValueParameterResolver                   : loaded 2 times (x 70B)
Class org.jetbrains.kotlin.resolve.jvm.JvmTypeSpecificityComparator                   : loaded 2 times (x 75B)
Class org.jetbrains.kotlin.descriptors.impl.PackageViewDescriptorFactory$Companion    : loaded 2 times (x 69B)
Class org.jetbrains.kotlin.diagnostics.PositioningStrategies$SPECIAL_CONSTRUCT_TOKEN$1: loaded 2 times (x 72B)
Class org.jetbrains.kotlin.extensions.CollectAdditionalSourcesExtension$Companion     : loaded 2 times (x 70B)
Class org.jetbrains.kotlin.metadata.ProtoBuf$TypeTable                                : loaded 2 times (x 107B)
Class com.amazon.ion.IonTimestamp                                                     : loaded 2 times (x 68B)
Class org.jetbrains.kotlin.descriptors.DescriptorWithDeprecation$Companion            : loaded 2 times (x 69B)
Class [Lorg.jetbrains.kotlin.psi.KtQualifiedExpression;                               : loaded 2 times (x 67B)
Class org.jetbrains.kotlin.cli.jvm.compiler.KotlinCoreEnvironment$Companion           : loaded 2 times (x 69B)
Class org.jetbrains.kotlin.types.checker.ClassicTypeCheckerState                      : loaded 2 times (x 74B)
Class org.jetbrains.kotlin.load.java.typeEnhancement.TypeEnhancementUtilsKt           : loaded 2 times (x 69B)
Class org.jetbrains.kotlin.load.java.lazy.descriptors.LazyJavaPackageScope$KotlinClassLookupResult$SyntheticClass: loaded 2 times (x 69B)
Class org.jetbrains.kotlin.resolve.calls.inference.components.TrivialConstraintTypeInferenceOracle: loaded 2 times (x 449B)
Class org.jetbrains.kotlin.diagnostics.DiagnosticSink$1                               : loaded 2 times (x 79B)
Class [Lcom.android.tools.lint.model.LintModelSerialization$TargetFile;               : loaded 2 times (x 67B)
Class org.jetbrains.kotlin.cli.jvm.compiler.TopDownAnalyzerFacadeForJVMKt             : loaded 2 times (x 69B)
Class org.jetbrains.kotlin.metadata.jvm.JvmProtoBuf$StringTableTypes                  : loaded 2 times (x 108B)
Class org.jetbrains.kotlin.resolve.jvm.multiplatform.PackageFragmentForOptionalAnnotations: loaded 2 times (x 138B)
Class org.jetbrains.kotlin.util.AttributeArrayOwner                                   : loaded 2 times (x 80B)
Class org.jetbrains.kotlin.diagnostics.DiagnosticSink$2                               : loaded 2 times (x 79B)
Class org.jetbrains.kotlin.serialization.deserialization.ProtoContainer$Class         : loaded 2 times (x 72B)
Class org.jetbrains.kotlin.resolve.ExternalOverridabilityCondition$Result             : loaded 2 times (x 77B)
Class com.amazon.ion.impl.bin.IonRawBinaryWriter$PatchList$1                          : loaded 2 times (x 81B)
Class org.jetbrains.kotlin.resolve.calls.tower.TowerResolver$SuccessfulResultCollector: loaded 2 times (x 73B)
Class org.jetbrains.kotlin.resolve.calls.components.SamTypeConversions                : loaded 2 times (x 75B)
Class org.jetbrains.kotlin.metadata.ProtoBuf$Type$ArgumentOrBuilder                   : loaded 2 times (x 68B)
Class [Lorg.jetbrains.kotlin.psi.KtConstructorCalleeExpression;                       : loaded 2 times (x 67B)
Class com.amazon.ion.impl.SymbolTokenImpl                                             : loaded 2 times (x 79B)
Class org.jetbrains.kotlin.idea.gradleTooling.model.parcelize.ParcelizeGradleModel    : loaded 2 times (x 68B)
Class org.jetbrains.kotlin.types.DefinitelyNotNullType                                : loaded 2 times (x 98B)
Class [Lorg.jetbrains.kotlin.descriptors.PackageFragmentProviderOptimized;            : loaded 2 times (x 67B)
Class org.jetbrains.kotlin.types.checker.KotlinTypeChecker$TypeConstructorEquality    : loaded 2 times (x 68B)
Class kotlin.collections.ReversedList$listIterator$1                                  : loaded 2 times (x 92B)
Class org.jetbrains.kotlin.diagnostics.PositioningStrategies$FUNCTION_PARAMETERS$1    : loaded 2 times (x 72B)
Class org.jetbrains.kotlin.load.kotlin.JvmType$Object                                 : loaded 2 times (x 70B)
Class org.jetbrains.kotlin.resolve.calls.model.ResolvedSubCallArgument                : loaded 2 times (x 72B)
Class [Lorg.jetbrains.kotlin.descriptors.ValidateableDescriptor;                      : loaded 2 times (x 67B)
Class org.jetbrains.kotlin.builtins.jvm.JvmBuiltInsCustomizer$createMockJavaIoSerializableType$mockJavaIoPackageFragment$1: loaded 2 times (x 138B)
Class org.jetbrains.kotlin.psi.KtParenthesizedExpression                              : loaded 2 times (x 436B)
Class org.jetbrains.kotlin.library.metadata.impl.KlibMetadataModuleDescriptorFactoryImpl: loaded 2 times (x 82B)
Class org.jetbrains.kotlin.context.ModuleContext                                      : loaded 2 times (x 68B)
Class org.jetbrains.kotlin.psi.KtPsiUtil$1                                            : loaded 2 times (x 302B)
Class org.jetbrains.kotlin.load.java.lazy.descriptors.ClassDeclaredMemberIndex$methodFilter$1: loaded 2 times (x 77B)
Class it.unimi.dsi.fastutil.ints.IntIterable                                          : loaded 2 times (x 68B)
Class org.jetbrains.kotlin.resolve.checkers.PassingProgressionAsCollectionCallChecker : loaded 2 times (x 73B)
Class org.jetbrains.kotlin.resolve.calls.model.PostponableKotlinCallArgument          : loaded 2 times (x 68B)
Class org.jetbrains.kotlin.descriptors.deserialization.PlatformDependentDeclarationFilter: loaded 2 times (x 68B)
Class org.jetbrains.kotlin.psi.KtElementImplStub                                      : loaded 2 times (x 441B)
Class org.jetbrains.kotlin.psi.KtPsiUtil$2                                            : loaded 2 times (x 302B)
Class org.jetbrains.kotlin.metadata.ProtoBuf$VersionRequirementTableOrBuilder         : loaded 2 times (x 68B)
Class org.jetbrains.kotlin.mpp.RegularClassSymbolMarker                               : loaded 2 times (x 68B)
Class org.jetbrains.kotlin.resolve.calls.checkers.DeprecatedCallChecker               : loaded 2 times (x 72B)
Class org.jetbrains.kotlin.psi.stubs.KotlinCollectionLiteralExpressionStub            : loaded 2 times (x 68B)
Class org.gradle.tooling.model.kotlin.dsl.KotlinDslScriptModel                        : loaded 2 times (x 68B)
Class net.rubygrapefruit.platform.internal.LibraryDef                                 : loaded 2 times (x 70B)
Class jdk.internal.jrtfs.JrtFileSystem$1                                              : loaded 2 times (x 105B)
Class org.jetbrains.kotlin.types.KotlinType                                           : loaded 2 times (x 81B)
Class org.jetbrains.kotlin.cli.jvm.modules.CliJavaModuleFinder$compilationJdkVersion$2: loaded 2 times (x 77B)
Class org.jetbrains.kotlin.resolve.calls.tasks.TracingStrategy$1                      : loaded 2 times (x 94B)
Class org.jetbrains.kotlin.load.java.lazy.ContextKt$childForClassOrPackage$1          : loaded 2 times (x 77B)
Class org.jetbrains.kotlin.resolve.lazy.descriptors.LazyClassDescriptor               : loaded 2 times (x 333B)
Class org.jetbrains.kotlin.resolve.jvm.checkers.SynchronizedAnnotationChecker         : loaded 2 times (x 72B)
Class org.jetbrains.kotlin.scripting.definitions.ScriptEvaluationConfigurationFromDefinition: loaded 2 times (x 70B)
Class org.jetbrains.kotlin.resolve.scopes.ImportingScope$DefaultImpls                 : loaded 2 times (x 69B)
Class org.jetbrains.kotlin.serialization.deserialization.DeserializationComponents    : loaded 2 times (x 70B)
Class org.jetbrains.kotlin.scripting.definitions.ScriptDependenciesProvider$Companion : loaded 2 times (x 69B)
Class [Lcom.android.prefs.Global;                                                     : loaded 2 times (x 67B)
Class org.jetbrains.kotlin.metadata.jvm.deserialization.JvmMemberSignature            : loaded 2 times (x 72B)
Class org.jetbrains.kotlin.types.TypeConstructorSubstitution$Companion$createByConstructorsMap$1: loaded 2 times (x 77B)
Class org.jetbrains.kotlin.cli.jvm.compiler.CliVirtualFileFinder$findClass$1          : loaded 2 times (x 77B)
Class org.jetbrains.kotlin.resolve.sam.SamWithReceiverResolver                        : loaded 2 times (x 68B)
Class com.google.common.collect.MapMakerInternalMap$WeakValueReference                : loaded 2 times (x 68B)
Class org.jetbrains.kotlin.resolve.checkers.TrailingCommaChecker                      : loaded 2 times (x 69B)
Class org.jetbrains.kotlin.resolve.lazy.FileScopeFactory                              : loaded 2 times (x 70B)
Class org.jetbrains.kotlin.serialization.deserialization.descriptors.DeserializedMemberScope$classNames$2: loaded 2 times (x 77B)
Class [Lorg.jetbrains.kotlin.serialization.deserialization.descriptors.DeserializedContainerAbiStability;: loaded 2 times (x 67B)
Class org.jetbrains.kotlin.resolve.checkers.ActualClassifierMustHasTheSameMembersAsNonFinalExpectClassifierChecker: loaded 2 times (x 72B)
Class org.jetbrains.kotlin.resolve.sam.SamConversionResolver                          : loaded 2 times (x 68B)
Class [Lorg.jetbrains.kotlin.resolve.calls.checkers.CallChecker;                      : loaded 2 times (x 67B)
Class kotlin.script.experimental.api.KotlinType                                       : loaded 2 times (x 70B)
Class org.jetbrains.kotlin.psi.KtCatchClause                                          : loaded 2 times (x 377B)
Class org.jetbrains.kotlin.types.model.AnnotationMarker                               : loaded 2 times (x 68B)
Class kotlin.io.FileWalkDirection                                                     : loaded 2 times (x 77B)
Class org.jetbrains.kotlin.descriptors.impl.ClassDescriptorImpl                       : loaded 2 times (x 267B)
Class org.jetbrains.kotlin.resolve.calls.tower.SimpleScopeTowerProcessor              : loaded 2 times (x 68B)
Class org.jetbrains.kotlin.context.ProjectContextImpl                                 : loaded 2 times (x 77B)
Class org.jetbrains.kotlin.diagnostics.ClassicPositioningStrategies$INCOMPATIBLE_DECLARATION$1: loaded 2 times (x 73B)
Class org.jetbrains.kotlin.diagnostics.PositioningStrategies$DeclarationHeader        : loaded 2 times (x 73B)
Class org.jetbrains.kotlin.psi.KtDelegatedSuperTypeEntry                              : loaded 2 times (x 445B)
Class org.jetbrains.kotlin.psi.stubs.KotlinPropertyStub                               : loaded 2 times (x 68B)
Class org.jetbrains.kotlin.load.java.typeEnhancement.AbstractSignatureParts$toIndexed$1$1: loaded 2 times (x 77B)
Class org.jetbrains.kotlin.serialization.deserialization.LocalClassifierTypeSettings  : loaded 2 times (x 68B)
Class com.android.tools.lint.model.LintModelSourceProvider                            : loaded 2 times (x 68B)
Class com.amazon.ion.impl._Private_Utils                                              : loaded 2 times (x 69B)
Class org.jetbrains.kotlin.resolve.calls.components.CheckReceivers                    : loaded 2 times (x 71B)
Class org.jetbrains.kotlin.load.kotlin.PackagePartClassUtils                          : loaded 2 times (x 69B)
Class kotlin.script.experimental.api.ScriptEvaluationConfiguration$Builder            : loaded 2 times (x 70B)
Class org.jetbrains.kotlin.resolve.RecursiveContractHelperKt                          : loaded 2 times (x 69B)
Class com.google.common.cache.Weigher                                                 : loaded 2 times (x 68B)
Class org.jetbrains.kotlin.extensions.DeclarationAttributeAltererExtension            : loaded 2 times (x 68B)
Class org.jetbrains.kotlin.descriptors.ParameterDescriptor                            : loaded 2 times (x 68B)
Class org.jetbrains.kotlin.asJava.classes.ImplUtilsKt                                 : loaded 2 times (x 69B)
Class com.amazon.ion.impl._Private_IonTextWriterBuilder                               : loaded 2 times (x 99B)
Class kotlin.collections.IndexingIterator                                             : loaded 2 times (x 77B)
Class org.jetbrains.kotlin.resolve.calls.checkers.AbstractReflectionApiCallChecker$kPropertyClasses$2: loaded 2 times (x 77B)
Class org.jetbrains.kotlin.resolve.checkers.ExpectedActualDeclarationChecker          : loaded 2 times (x 73B)
Class org.jetbrains.kotlin.parsing.AbstractKotlinParsing                              : loaded 2 times (x 99B)
Class com.google.common.collect.MapMakerInternalMap$StrongValueEntry                  : loaded 2 times (x 68B)
Class org.jetbrains.kotlin.load.java.typeEnhancement.JavaTypeEnhancement              : loaded 2 times (x 70B)
Class org.jetbrains.kotlin.resolve.BodyResolveCache                                   : loaded 2 times (x 68B)
Class kotlin.coroutines.jvm.internal.SuspendLambda                                    : loaded 2 times (x 89B)
Class org.jetbrains.kotlin.resolve.calls.components.SimpleArgumentsChecksKt           : loaded 2 times (x 69B)
Class [Lorg.jetbrains.kotlin.resolve.calls.smartcasts.Nullability;                    : loaded 2 times (x 67B)
Class org.jetbrains.kotlin.resolve.scopes.ResolutionScope                             : loaded 2 times (x 68B)
Class org.jetbrains.kotlin.parsing.KotlinParsing                                      : loaded 2 times (x 122B)
Class androidx.compose.lint.NamesKt                                                   : loaded 2 times (x 69B)
Class org.jetbrains.kotlin.resolve.calls.inference.CapturedTypeConstructor            : loaded 2 times (x 68B)
Class [Lorg.jetbrains.kotlin.name.Name;                                               : loaded 2 times (x 67B)
Class org.jetbrains.kotlin.psi.KtTypeCodeFragmentType                                 : loaded 2 times (x 82B)
Class kotlin.collections.IndexingIterable                                             : loaded 2 times (x 77B)
Class org.jetbrains.kotlin.resolve.calls.model.ResolutionAtom                         : loaded 2 times (x 68B)
Class it.unimi.dsi.fastutil.objects.ReferenceSet                                      : loaded 2 times (x 68B)
Class org.jetbrains.plugins.gradle.tooling.serialization.ToolingStreamApiUtils        : loaded 2 times (x 69B)
Class com.android.builder.model.v2.AndroidModel                                       : loaded 2 times (x 68B)
Class org.gradle.internal.InternalTransformer                                         : loaded 2 times (x 68B)
Class org.jetbrains.kotlin.cli.jvm.compiler.TopDownAnalyzerFacadeForJVMKt$jvmFactories$1: loaded 2 times (x 76B)
Class org.jetbrains.kotlin.psi.stubs.KotlinNameReferenceExpressionStub                : loaded 2 times (x 68B)
Class org.jetbrains.kotlin.cli.jvm.compiler.DummyJavaFileCodeStyleFacadeFactory       : loaded 2 times (x 72B)
Class org.jetbrains.kotlin.idea.gradleTooling.model.noarg.NoArgModel                  : loaded 2 times (x 68B)
Class com.android.builder.model.v2.ide.LintOptions                                    : loaded 2 times (x 68B)
Class com.google.common.collect.AbstractMapBasedMultimap$AsMap$AsMapEntries           : loaded 2 times (x 136B)
Class org.apache.commons.io.output.NullOutputStream                                   : loaded 2 times (x 83B)
Class org.jetbrains.kotlin.resolve.calls.inference.components.NewTypeSubstitutorByConstructorMap: loaded 2 times (x 78B)
Class org.jetbrains.kotlin.resolve.CodeAnalyzerInitializer$Companion                  : loaded 2 times (x 69B)
Class org.jetbrains.kotlin.resolve.lazy.descriptors.LazyPackageDescriptor             : loaded 2 times (x 143B)
Class io.opentelemetry.api.trace.DefaultTracer                                        : loaded 2 times (x 72B)
Class org.jetbrains.kotlin.resolve.BindingTrace                                       : loaded 2 times (x 68B)
Class org.jetbrains.kotlin.idea.gradleTooling.KotlinGradleModel                       : loaded 2 times (x 68B)
Class org.jetbrains.kotlin.psi.Call$CallType                                          : loaded 2 times (x 77B)
Class org.jetbrains.kotlin.psi.KtStringTemplateEntry                                  : loaded 2 times (x 442B)
Class org.jetbrains.kotlin.psi.KtClassLiteralExpression                               : loaded 2 times (x 577B)
Class org.jetbrains.kotlin.types.expressions.ExpressionTypingVisitor                  : loaded 2 times (x 190B)
Class [Lorg.jetbrains.kotlin.psi.KtConstructor;                                       : loaded 2 times (x 67B)
Class kotlin.ULong$Companion                                                          : loaded 2 times (x 69B)
Class [Lorg.jetbrains.kotlin.resolve.calls.results.OverloadResolutionResults$Code;    : loaded 2 times (x 67B)
Class [Lorg.jetbrains.kotlin.mpp.ClassifierSymbolMarker;                              : loaded 2 times (x 67B)
Class org.jetbrains.kotlin.descriptors.impl.LazyPackageViewDescriptorImpl             : loaded 2 times (x 115B)
Class org.gradle.tooling.internal.gradle.DefaultBuildIdentifier                       : loaded 2 times (x 77B)
Class org.jetbrains.kotlin.container.DefaultInstanceComponentDescriptor               : loaded 2 times (x 83B)
Class org.jetbrains.kotlin.types.ClassifierBasedTypeConstructor                       : loaded 2 times (x 86B)
Class org.jetbrains.kotlin.psi.stubs.elements.KtValueArgumentListElementType          : loaded 2 times (x 101B)
Class kotlin.ReplaceWith                                                              : loaded 2 times (x 68B)
Class kotlin.reflect.jvm.internal.impl.builtins.StandardNames$FqNames                 : loaded 2 times (x 69B)
Class org.gradle.internal.service.ServiceLocator                                      : loaded 2 times (x 68B)
Class org.jetbrains.kotlin.resolve.calls.DiagnosticReporterByTrackingStrategy         : loaded 2 times (x 82B)
Class org.jetbrains.kotlin.resolve.calls.components.ReceiverInfo                      : loaded 2 times (x 70B)
Class [Lorg.jetbrains.kotlin.resolve.OverridingUtil$OverrideCompatibilityInfo$Result; : loaded 2 times (x 67B)
Class org.jetbrains.kotlin.types.expressions.ControlStructureTypingUtils$ControlStructureDataFlowInfo: loaded 2 times (x 78B)
Class org.jetbrains.kotlin.resolve.calls.components.InferenceSession                  : loaded 2 times (x 68B)
Class org.jetbrains.kotlin.idea.MainFunctionDetector$1                                : loaded 2 times (x 77B)
Class Settings_gradle$1                                                               : loaded 2 times (x 72B)
Class org.jetbrains.kotlin.resolve.calls.inference.NewConstraintSystem                : loaded 2 times (x 68B)
Class org.jetbrains.kotlin.idea.MainFunctionDetector$2                                : loaded 2 times (x 77B)
Class org.jetbrains.kotlin.resolve.scopes.DescriptorKindFilter$Companion$MaskToName   : loaded 2 times (x 70B)
Class org.jetbrains.kotlin.types.model.TypeSystemBuiltInsContext                      : loaded 2 times (x 68B)
Class it.unimi.dsi.fastutil.Stack                                                     : loaded 2 times (x 68B)
Class org.jetbrains.kotlin.resolve.jvm.checkers.JavaNullabilityChecker$Companion      : loaded 2 times (x 69B)
Class org.jetbrains.kotlin.builtins.jvm.JvmBuiltIns$WhenMappings                      : loaded 2 times (x 69B)
Class org.jetbrains.kotlin.diagnostics.PositioningStrategies$DELEGATOR_SUPER_CALL$1   : loaded 2 times (x 72B)
Class org.jetbrains.plugins.gradle.model.ExternalDependency                           : loaded 2 times (x 68B)
Class org.jetbrains.kotlin.resolve.calls.model.DiagnosticReporter                     : loaded 2 times (x 68B)
Class org.jetbrains.kotlin.load.java.lazy.descriptors.LazyJavaTypeParameterDescriptor : loaded 2 times (x 165B)
Class org.jetbrains.kotlin.resolve.lazy.declarations.PackageMemberDeclarationProvider : loaded 2 times (x 68B)
Class org.jetbrains.kotlin.builtins.BuiltInsPackageFragment                           : loaded 2 times (x 68B)
Class com.amazon.ion.impl.bin.IonManagedBinaryWriter$ImportedSymbolResolverMode$1$1$1 : loaded 2 times (x 74B)
Class net.rubygrapefruit.platform.internal.Platform$Linux                             : loaded 2 times (x 81B)
Class org.jetbrains.kotlin.load.kotlin.incremental.IncrementalPackagePartProvider     : loaded 2 times (x 77B)
Class org.jetbrains.kotlin.resolve.calls.model.ResolvedAtom                           : loaded 2 times (x 72B)
Class org.jetbrains.kotlin.config.JvmAnalysisFlags$strictMetadataVersionSemantics$2   : loaded 2 times (x 125B)
Class org.jetbrains.kotlin.descriptors.ValidateableDescriptor                         : loaded 2 times (x 68B)
Class org.jetbrains.kotlin.cli.jvm.compiler.KotlinCoreEnvironment$ProjectEnvironment  : loaded 2 times (x 88B)
Class org.jetbrains.kotlin.config.MavenComparableVersion                              : loaded 2 times (x 76B)
Class org.jetbrains.kotlin.resolve.jvm.checkers.JavaNullabilityChecker$checkType$1    : loaded 2 times (x 77B)
Class org.jetbrains.kotlin.resolve.constants.ErrorValue                               : loaded 2 times (x 75B)
Class [Lorg.jetbrains.kotlin.resolve.calls.context.ContextDependency;                 : loaded 2 times (x 67B)
Class org.jetbrains.kotlin.serialization.deserialization.descriptors.DeserializedAnnotations: loaded 2 times (x 89B)
Class org.jetbrains.kotlin.load.java.structure.impl.source.JavaSourceFactoryOwner     : loaded 2 times (x 68B)
Class org.jetbrains.kotlin.load.java.lazy.descriptors.LazyJavaScope$functions$1       : loaded 2 times (x 77B)
Class org.jetbrains.kotlin.js.translate.extensions.JsSyntheticTranslateExtension$Companion: loaded 2 times (x 70B)
Class org.gradle.internal.impldep.gnu.trove.TObjectHashingStrategy                    : loaded 2 times (x 68B)
Class org.gradle.tooling.internal.adapter.ProtocolToModelAdapter$MethodInvocationCache: loaded 2 times (x 71B)
Class com.google.common.util.concurrent.SettableFuture                                : loaded 2 times (x 95B)
Class org.jetbrains.kotlin.resolve.calls.util.ResolvedCallUtilKt$isNotSimpleCall$1$1  : loaded 2 times (x 76B)
Class org.jetbrains.kotlin.scripting.resolve.LazyScriptDescriptor$scriptClassAnnotations$1: loaded 2 times (x 77B)
Class org.jetbrains.kotlin.load.java.components.JavaSourceElementImpl                 : loaded 2 times (x 81B)
Class org.jetbrains.kotlin.load.java.structure.impl.JavaElementImpl                   : loaded 2 times (x 83B)
Class org.jetbrains.kotlin.load.java.AbstractJavaClassFinder$FilterOutKotlinSourceFilesScope: loaded 2 times (x 102B)
Class org.jetbrains.kotlin.load.kotlin.JvmPackagePartProviderBase$ModuleMappingInfo   : loaded 2 times (x 70B)
Class [Lorg.jetbrains.kotlin.psi.KtBlockStringTemplateEntry;                          : loaded 2 times (x 67B)
Class kotlin.reflect.jvm.internal.KClassImpl$Data$declaredStaticMembers$2             : loaded 2 times (x 77B)
Class com.amazon.ion.IonString                                                        : loaded 2 times (x 68B)
Class org.jetbrains.kotlin.resolve.jvm.checkers.JavaNullabilityChecker$checkType$3    : loaded 2 times (x 77B)
Class org.jetbrains.kotlin.resolve.jvm.checkers.JvmAnnotationsTargetNonExistentAccessorChecker: loaded 2 times (x 72B)
Class kotlin.text.StringsKt__StringsKt$rangesDelimitedBy$1                            : loaded 2 times (x 77B)
Class [Lcom.android.builder.model.v2.ide.CodeShrinker;                                : loaded 2 times (x 67B)
Class net.rubygrapefruit.platform.NativeException                                     : loaded 2 times (x 80B)
Class org.jetbrains.kotlin.resolve.calls.model.NoneCandidatesCallDiagnostic           : loaded 2 times (x 71B)
Class org.jetbrains.kotlin.resolve.calls.components.CheckExplicitReceiverKindConsistency$WhenMappings: loaded 2 times (x 69B)
Class org.jetbrains.kotlin.resolve.calls.smartcasts.IdentifierInfo$ERROR              : loaded 2 times (x 75B)
Class org.jetbrains.kotlin.resolve.jvm.checkers.JavaNullabilityChecker$checkType$4    : loaded 2 times (x 77B)
Class org.jetbrains.kotlin.resolve.AnnotationTargetLists$targetList$1                 : loaded 2 times (x 76B)
Class org.jetbrains.kotlin.metadata.jvm.JvmProtoBuf$StringTableTypes$RecordOrBuilder  : loaded 2 times (x 68B)
Class org.jetbrains.kotlin.resolve.scopes.MemberScopeImpl                             : loaded 2 times (x 97B)
Class org.jetbrains.kotlin.incremental.components.LookupTracker$DO_NOTHING            : loaded 2 times (x 74B)
Class com.amazon.ion.IonLoader                                                        : loaded 2 times (x 68B)
Class net.rubygrapefruit.platform.Native                                              : loaded 2 times (x 69B)
Class com.google.common.io.Files$2                                                    : loaded 2 times (x 74B)
Class org.jetbrains.kotlin.resolve.calls.inference.model.NewConstraintSystemImpl$State: loaded 2 times (x 77B)
Class org.jetbrains.kotlin.resolve.SinceKotlinUtilKt                                  : loaded 2 times (x 69B)
Class org.jetbrains.kotlin.load.java.lazy.descriptors.LazyJavaPackageScope            : loaded 2 times (x 109B)
Class org.jetbrains.kotlin.cli.jvm.index.JvmDependenciesIndexImpl$WhenMappings        : loaded 2 times (x 69B)
Class [Lorg.jetbrains.kotlin.resolve.scopes.SyntheticScope;                           : loaded 2 times (x 67B)
Class org.jetbrains.kotlin.resolve.lazy.FileScopeFactory$FilteringKind                : loaded 2 times (x 77B)
Class org.objectweb.asm.ModuleVisitor                                                 : loaded 2 times (x 79B)
Class com.amazon.ion.IonBinaryWriter                                                  : loaded 2 times (x 68B)
Class com.android.builder.model.v2.models.Versions$Companion                          : loaded 2 times (x 69B)
Class org.jetbrains.kotlin.metadata.ProtoBuf$Annotation$Argument$1                    : loaded 2 times (x 142B)
Class org.jetbrains.kotlin.builtins.jvm.CloneableClassScope$Companion                 : loaded 2 times (x 69B)
Class org.jetbrains.kotlin.metadata.ProtoBuf$FunctionOrBuilder                        : loaded 2 times (x 68B)
Class org.jetbrains.kotlin.config.LanguageFeature$Kind                                : loaded 2 times (x 77B)
Class org.jetbrains.kotlin.storage.SimpleLock                                         : loaded 2 times (x 68B)
Class io.opentelemetry.api.trace.DefaultTracerProvider                                : loaded 2 times (x 77B)
Class com.android.ide.common.repository.AgpVersion$PreviewKind$WhenMappings           : loaded 2 times (x 69B)
Class org.jetbrains.kotlin.codegen.ClassBuilderMode                                   : loaded 2 times (x 69B)
Class org.jetbrains.kotlin.descriptors.impl.PropertySetterDescriptorImpl              : loaded 2 times (x 422B)
Class org.jetbrains.kotlin.load.kotlin.AnnotationsContainerWithConstants              : loaded 2 times (x 71B)
Class org.jetbrains.kotlin.resolve.TypeResolutionContext                              : loaded 2 times (x 71B)
Class org.jetbrains.kotlin.mpp.TypeAliasSymbolMarker                                  : loaded 2 times (x 68B)
Class org.jetbrains.kotlin.resolve.lazy.TopLevelDescriptorProvider                    : loaded 2 times (x 68B)
Class org.jetbrains.kotlin.compiler.plugin.CompilerPluginRegistrar$ExtensionStorage   : loaded 2 times (x 70B)
Class org.jetbrains.kotlin.cli.common.extensions.ReplFactoryExtension$Companion       : loaded 2 times (x 70B)
Class com.google.common.reflect.Types$ParameterizedTypeImpl                           : loaded 2 times (x 79B)
Class org.jetbrains.kotlin.resolve.calls.CandidateResolver$ValueArgumentsCheckingResult: loaded 2 times (x 70B)
Class org.jetbrains.kotlin.load.kotlin.ModuleMappingUtilKt                            : loaded 2 times (x 69B)
Class org.jetbrains.kotlin.resolve.diagnostics.KotlinSuppressCache                    : loaded 2 times (x 78B)
Class org.jetbrains.kotlin.idea.gradleTooling.model.allopen.AllOpenModel              : loaded 2 times (x 68B)
Class net.rubygrapefruit.platform.internal.Platform$Window32Bit                       : loaded 2 times (x 77B)
Class org.jetbrains.kotlin.resolve.lazy.LazyDeclarationResolver$resolveToDescriptor$1 : loaded 2 times (x 190B)
Class org.jetbrains.kotlin.synthetic.SamAdapterFunctionsScope$samConstructorForJavaConstructor$1: loaded 2 times (x 77B)
Class org.jetbrains.kotlin.protobuf.Internal$EnumLiteMap                              : loaded 2 times (x 68B)
Class org.jetbrains.kotlin.psi.KtClassOrObject                                        : loaded 2 times (x 1097B)
Class com.intellij.openapi.diagnostic.Logger$DefaultFactory                           : loaded 2 times (x 72B)
Class com.google.common.io.ByteStreams                                                : loaded 2 times (x 69B)
Class org.jetbrains.kotlin.types.checker.StrictEqualityTypeChecker                    : loaded 2 times (x 69B)
Class org.jetbrains.kotlin.resolve.checkers.SealedInheritorInSameModuleChecker        : loaded 2 times (x 72B)
Class net.rubygrapefruit.platform.internal.FunctionResult$Failure                     : loaded 2 times (x 77B)
Class org.jetbrains.plugins.gradle.model.AnnotationProcessingConfig                   : loaded 2 times (x 68B)
Class org.jetbrains.kotlin.types.StarProjectionImpl                                   : loaded 2 times (x 82B)
Class [Lorg.jetbrains.kotlin.incremental.components.NoLookupLocation;                 : loaded 2 times (x 67B)
Class org.jetbrains.kotlin.metadata.ProtoBuf$ContractOrBuilder                        : loaded 2 times (x 68B)
Class org.jetbrains.kotlin.resolve.calls.checkers.InlineCheckerWrapper                : loaded 2 times (x 73B)
Class org.jetbrains.kotlin.storage.NotNullLazyValue                                   : loaded 2 times (x 68B)
Class [Lkotlin.reflect.jvm.internal.impl.builtins.PrimitiveType;                      : loaded 2 times (x 67B)
Class com.android.tools.lint.model.LintModelAndroidLibrary                            : loaded 2 times (x 68B)
Class [Lorg.jetbrains.kotlin.resolve.calls.model.ResolutionPart;                      : loaded 2 times (x 67B)
Class org.jetbrains.kotlin.config.AnalysisFlag$Delegates$ApiModeDisabledByDefault     : loaded 2 times (x 69B)
Class org.jetbrains.kotlin.context.GlobalContextImpl                                  : loaded 2 times (x 77B)
Class org.jetbrains.kotlin.resolve.checkers.MissingDependencySupertypeChecker$ForCalls: loaded 2 times (x 72B)
Class com.amazon.ion.impl.lite.IonIntLite                                             : loaded 2 times (x 187B)
Class org.jetbrains.plugins.gradle.tooling.serialization.ExternalTestsSerializationService: loaded 2 times (x 75B)
Class org.jetbrains.kotlin.descriptors.impl.AbstractTypeParameterDescriptor           : loaded 2 times (x 165B)
Class it.unimi.dsi.fastutil.ints.IntIterator                                          : loaded 2 times (x 68B)
Class org.jetbrains.kotlin.resolve.jvm.checkers.JvmSyntheticApplicabilityChecker      : loaded 2 times (x 72B)
Class org.jetbrains.kotlin.resolve.calls.context.TemporaryResolutionResultsCache      : loaded 2 times (x 74B)
Class org.jetbrains.kotlin.resolve.calls.smartcasts.DataFlowValue$Companion           : loaded 2 times (x 69B)
Class org.jetbrains.kotlin.resolve.calls.model.MutableDataFlowInfoForArguments$WithoutArgumentsCheck: loaded 2 times (x 78B)
Class org.jetbrains.kotlin.resolve.jvm.SyntheticJavaPartsProvider                     : loaded 2 times (x 68B)
Class org.jetbrains.kotlin.metadata.ProtoBuf$VersionRequirement$VersionKind$1         : loaded 2 times (x 72B)
Class org.jetbrains.kotlin.resolve.scopes.synthetic.FunInterfaceConstructorsSyntheticScope$samConstructorForClassifier$1: loaded 2 times (x 77B)
Class org.jetbrains.kotlin.types.error.ErrorClassDescriptor                           : loaded 2 times (x 267B)
Class [Lorg.jetbrains.kotlin.types.error.ErrorEntity;                                 : loaded 2 times (x 67B)
Class org.jetbrains.kotlin.metadata.ProtoBuf$ValueParameter$1                         : loaded 2 times (x 142B)
Class com.google.common.collect.LinkedHashMultimap$ValueSetLink                       : loaded 2 times (x 68B)
Class org.jetbrains.kotlin.util.ReenterableCounter$Companion                          : loaded 2 times (x 69B)
Class org.jetbrains.plugins.gradle.tooling.serialization.ProjectDependenciesSerializationService$WriteContext: loaded 2 times (x 70B)
Class org.jetbrains.kotlin.builtins.functions.BuiltInFictitiousFunctionClassFactory   : loaded 2 times (x 75B)
Class org.jetbrains.kotlin.resolve.scopes.StaticScopeForKotlinEnum                    : loaded 2 times (x 98B)
Class org.jetbrains.kotlin.resolve.lazy.declarations.DeclarationProviderFactory       : loaded 2 times (x 68B)
Class org.jetbrains.kotlin.renderer.DescriptorRenderer$Companion$ONLY_NAMES_WITH_SHORT_TYPES$1: loaded 2 times (x 76B)
Class javaslang.Function1                                                             : loaded 2 times (x 68B)
Class com.android.builder.model.v2.dsl.BuildType                                      : loaded 2 times (x 68B)
Class com.google.common.collect.MapMaker                                              : loaded 2 times (x 70B)
Class [Lorg.jetbrains.kotlin.psi.KtVariableDeclaration;                               : loaded 2 times (x 67B)
Class org.jetbrains.org.objectweb.asm.tree.LookupSwitchInsnNode                       : loaded 2 times (x 76B)
Class com.google.common.collect.HashBiMap                                             : loaded 2 times (x 141B)
Class [Lorg.jetbrains.kotlin.load.java.ReportLevel;                                   : loaded 2 times (x 67B)
Class com.android.tools.lint.model.LintModelJavaArtifact                              : loaded 2 times (x 68B)
Class [Lkotlin.script.experimental.location.ScriptExpectedLocation;                   : loaded 2 times (x 67B)
Class [Lcom.android.tools.lint.model.LintModelArtifactType;                           : loaded 2 times (x 67B)
Class org.jetbrains.kotlin.psi.stubs.KotlinClassStub                                  : loaded 2 times (x 68B)
Class org.gradle.tooling.internal.adapter.WeakIdentityHashMap                         : loaded 2 times (x 74B)
Class org.jetbrains.org.objectweb.asm.tree.AnnotationNode                             : loaded 2 times (x 77B)
Class org.jetbrains.kotlin.types.AbstractTypeChecker$WhenMappings                     : loaded 2 times (x 69B)
Class org.jetbrains.kotlin.util.Box                                                   : loaded 2 times (x 71B)
Class org.jetbrains.kotlin.parsing.KotlinParsing$NameParsingMode                      : loaded 2 times (x 77B)
Class org.jetbrains.kotlin.builtins.BuiltInsLoader$Companion$Instance$2               : loaded 2 times (x 76B)
Class org.jetbrains.kotlin.cli.jvm.modules.JavaModuleGraph$module$1                   : loaded 2 times (x 123B)
Class org.jetbrains.kotlin.resolve.AnnotationTargetList                               : loaded 2 times (x 70B)
Class org.jetbrains.kotlin.synthetic.SyntheticScopeProviderExtension                  : loaded 2 times (x 68B)
Class org.jetbrains.kotlin.resolve.calls.KotlinCallResolver                           : loaded 2 times (x 70B)
Class kotlin.script.experimental.api.ScriptEvaluationConfiguration                    : loaded 2 times (x 70B)
Class org.jetbrains.kotlin.scripting.compiler.plugin.JvmCliScriptEvaluationExtension  : loaded 2 times (x 80B)
Class org.jetbrains.kotlin.load.java.typeEnhancement.SignatureEnhancementBuilder$ClassEnhancementBuilder$FunctionEnhancementBuilder: loaded 2 times (x 70B)
Class org.jetbrains.kotlin.resolve.calls.components.MapArguments                      : loaded 2 times (x 71B)
Class org.jetbrains.kotlin.renderer.RenderingFormat$PLAIN                             : loaded 2 times (x 78B)
Class org.jetbrains.kotlin.types.SimpleType                                           : loaded 2 times (x 89B)
Class org.jetbrains.kotlin.resolve.jvm.RuntimeAssertionsTypeChecker                   : loaded 2 times (x 74B)
Class kotlin.reflect.jvm.internal.KDeclarationContainerImpl                           : loaded 2 times (x 82B)
Class kotlin.collections.AbstractList$IteratorImpl                                    : loaded 2 times (x 80B)
Class org.jetbrains.kotlin.cli.jvm.compiler.KotlinCoreApplicationEnvironment          : loaded 2 times (x 92B)
Class com.android.tools.lint.model.LintModelAndroidArtifact                           : loaded 2 times (x 68B)
Class org.jetbrains.kotlin.incremental.components.NoLookupLocation                    : loaded 2 times (x 80B)
Class com.google.common.reflect.Types$JavaVersion$1                                   : loaded 2 times (x 81B)
Class org.jetbrains.kotlin.load.kotlin.DescriptorBasedTypeSignatureMappingKt          : loaded 2 times (x 69B)
Class org.jetbrains.kotlin.resolve.jvm.RuntimeAssertionInfo$DataFlowExtras            : loaded 2 times (x 68B)
Class org.jetbrains.kotlin.resolve.NonReportingOverrideStrategy                       : loaded 2 times (x 74B)
Class org.jetbrains.kotlin.load.java.lazy.descriptors.LazyJavaClassMemberScope        : loaded 2 times (x 110B)
Class org.jetbrains.kotlin.types.error.LazyWrappedTypeComputationException            : loaded 2 times (x 80B)
Class org.jetbrains.kotlin.resolve.calls.components.ReturnArgumentsAnalysisResult     : loaded 2 times (x 70B)
Class org.jetbrains.kotlin.resolve.TypeResolver                                       : loaded 2 times (x 70B)
Class org.jetbrains.kotlin.util.ModuleVisibilityHelper                                : loaded 2 times (x 68B)
Class [Lorg.jetbrains.kotlin.config.LanguageVersion;                                  : loaded 2 times (x 67B)
Class com.google.common.reflect.Types$JavaVersion$2                                   : loaded 2 times (x 81B)
Class org.jetbrains.kotlin.builtins.functions.FunctionClassKind                       : loaded 2 times (x 77B)
Class org.jetbrains.kotlin.resolve.deprecation.DescriptorBasedDeprecationInfoKt       : loaded 2 times (x 69B)
Class org.jetbrains.kotlin.resolve.calls.model.MutableDataFlowInfoForArguments        : loaded 2 times (x 78B)
Class org.jetbrains.kotlin.serialization.deserialization.descriptors.DeserializedClassDescriptor$EnumEntryClassDescriptors: loaded 2 times (x 70B)
Class org.jetbrains.kotlin.psi.KtFunctionType                                         : loaded 2 times (x 511B)
Class [Lorg.jetbrains.kotlin.psi.KtDeclarationWithInitializer;                        : loaded 2 times (x 67B)
Class com.google.common.reflect.Types$JavaVersion$3                                   : loaded 2 times (x 81B)
Class org.gradle.internal.classpath.DefaultClassPath$ImmutableUniqueList              : loaded 2 times (x 159B)
Class org.jetbrains.kotlin.resolve.calls.components.KotlinResolutionCallbacks         : loaded 2 times (x 68B)
Class org.jetbrains.kotlin.descriptors.Visibilities$Protected                         : loaded 2 times (x 77B)
Class com.amazon.ion.IonBool                                                          : loaded 2 times (x 68B)
Class com.google.common.reflect.Types$JavaVersion$4                                   : loaded 2 times (x 81B)
Class org.jetbrains.kotlin.load.java.lazy.descriptors.DeclaredMemberIndex             : loaded 2 times (x 68B)
Class javaslang.collection.Queue                                                      : loaded 2 times (x 885B)
Class org.jetbrains.kotlin.builtins.functions.FunctionClassDescriptor                 : loaded 2 times (x 267B)
Class org.jetbrains.kotlin.load.java.NullabilityAnnotationStatesImpl$cache$1          : loaded 2 times (x 77B)
Class org.jetbrains.kotlin.kdoc.parser.KDocElementType                                : loaded 2 times (x 74B)
Class org.jetbrains.kotlin.protobuf.SmallSortedMap                                    : loaded 2 times (x 128B)
Class com.google.common.reflect.Types$JavaVersion$5                                   : loaded 2 times (x 69B)
Class org.jetbrains.kotlin.scripting.compiler.plugin.ScriptingCompilerConfigurationExtension$updateConfiguration$hostConfiguration$1: loaded 2 times (x 77B)
Class com.amazon.ion.impl.bin.IonRawBinaryWriter$ContainerInfo                        : loaded 2 times (x 74B)
Class org.gradle.internal.time.DefaultTimer                                           : loaded 2 times (x 78B)
Class [Lorg.jetbrains.kotlin.resolve.jvm.jvmSignature.JvmMethodParameterKind;         : loaded 2 times (x 67B)
Class org.jetbrains.kotlin.resolve.jvm.multiplatform.PackageFragmentForOptionalAnnotations$scope$1: loaded 2 times (x 98B)
Class org.jetbrains.kotlin.library.metadata.impl.KlibMetadataDeserializedPackageFragmentsFactoryImpl: loaded 2 times (x 75B)
Class org.jetbrains.kotlin.container.ContainerKt                                      : loaded 2 times (x 69B)
Class org.jetbrains.kotlin.metadata.jvm.deserialization.JvmMemberSignature$Method     : loaded 2 times (x 73B)
Class org.jetbrains.kotlin.serialization.deserialization.MemberDeserializer$getPropertyFieldAnnotations$1: loaded 2 times (x 77B)
Class org.jetbrains.kotlin.resolve.sam.SamConversionResolverImplKt                    : loaded 2 times (x 69B)
Class org.jetbrains.kotlin.load.java.AnnotationQualifierApplicabilityType             : loaded 2 times (x 77B)
Class org.jetbrains.kotlin.resolve.calls.tasks.DynamicCallableDescriptors             : loaded 2 times (x 70B)
Class org.jetbrains.kotlin.resolve.CompilerDeserializationConfiguration               : loaded 2 times (x 83B)
Class org.jetbrains.kotlin.load.kotlin.BinaryClassAnnotationAndConstantLoaderImpl$AbstractAnnotationArgumentVisitor: loaded 2 times (x 86B)
Class com.android.ide.common.gradle.Part                                              : loaded 2 times (x 75B)
Class org.jetbrains.kotlin.resolve.lazy.ImportResolutionComponents                    : loaded 2 times (x 70B)
Class org.jetbrains.kotlin.resolve.VariableTypeAndInitializerResolver                 : loaded 2 times (x 70B)
Class org.jetbrains.kotlin.psi.KtAnnotationUseSiteTarget                              : loaded 2 times (x 441B)
Class org.jetbrains.kotlin.resolve.lazy.descriptors.ClassResolutionScopesSupport$scopeForStaticMemberDeclarationResolution$1: loaded 2 times (x 77B)
Class kotlin.script.experimental.host.ScriptingHostConfiguration$Companion            : loaded 2 times (x 69B)
Class com.android.tools.lint.model.DefaultLintModelBuildFeatures                      : loaded 2 times (x 75B)
Class org.jetbrains.kotlin.resolve.calls.tower.TowerResolver$Task$localLevels$2$1     : loaded 2 times (x 77B)
Class [Lorg.jetbrains.kotlin.resolve.jvm.NotFoundPackagesCachingStrategy$CacheType;   : loaded 2 times (x 67B)
Class org.jetbrains.kotlin.synthetic.SamAdapterFunctionsScope$extensionForFunction$1  : loaded 2 times (x 77B)
Class org.jetbrains.kotlin.resolve.checkers.RequireKotlinAnnotationValueChecker       : loaded 2 times (x 75B)
Class org.jetbrains.kotlin.psi.KtImportInfo$ImportContent$ExpressionBased             : loaded 2 times (x 70B)
Class org.jetbrains.kotlin.resolve.calls.tower.TowerResolver$Task$localLevels$2$2     : loaded 2 times (x 77B)
Class org.jetbrains.kotlin.types.TypeParameterUpperBoundEraser                        : loaded 2 times (x 70B)
Class org.jetbrains.kotlin.resolve.calls.inference.components.KotlinConstraintSystemCompleter$Companion: loaded 2 times (x 69B)
Class org.jetbrains.kotlin.protobuf.Parser                                            : loaded 2 times (x 68B)
Class org.gradle.internal.classpath.TransformedClassPath                              : loaded 2 times (x 94B)
Class org.jetbrains.kotlin.resolve.jvm.AsmTypes                                       : loaded 2 times (x 69B)
Class org.jetbrains.kotlin.load.kotlin.BinaryClassAnnotationAndConstantLoaderImpl     : loaded 2 times (x 106B)
Class org.jetbrains.kotlin.serialization.deserialization.descriptors.DeserializedMemberScope$OptimizedImplementation: loaded 2 times (x 79B)
Class org.jetbrains.kotlin.protobuf.ExtensionRegistryLite$ObjectIntPair               : loaded 2 times (x 70B)
Class org.jetbrains.kotlin.codegen.extensions.ExpressionCodegenExtension              : loaded 2 times (x 68B)
Class com.google.common.io.Resources                                                  : loaded 2 times (x 69B)
Class org.jetbrains.kotlin.types.model.TypeSystemContextKt$WhenMappings               : loaded 2 times (x 69B)
Class org.jetbrains.kotlin.util.MemberKindCheck                                       : loaded 2 times (x 78B)
Class org.jetbrains.kotlin.resolve.calls.CallTransformer$CallForImplicitInvoke        : loaded 2 times (x 99B)
Class org.jetbrains.kotlin.load.java.lazy.descriptors.LazyJavaAnnotationDescriptor$allValueArguments$2: loaded 2 times (x 77B)
Class org.jetbrains.kotlin.load.java.lazy.descriptors.LazyJavaClassDescriptor$declaredParameters$1: loaded 2 times (x 77B)
Class org.jetbrains.kotlin.library.metadata.impl.KlibResolvedModuleDescriptorsFactoryImpl$Companion: loaded 2 times (x 69B)
Class org.jetbrains.kotlin.serialization.deserialization.builtins.BuiltInsLoaderImpl  : loaded 2 times (x 73B)
Class org.jetbrains.kotlin.descriptors.SourceElement$1                                : loaded 2 times (x 72B)
Class org.jetbrains.kotlin.util.Checks$2                                              : loaded 2 times (x 76B)
Class javaslang.collection.LinkedHashSet                                              : loaded 2 times (x 423B)
Class org.jetbrains.kotlin.types.TypeAttributeTranslator$DefaultImpls                 : loaded 2 times (x 69B)
Class org.jetbrains.kotlin.resolve.scopes.receivers.ReceiverValueWithSmartCastInfo    : loaded 2 times (x 70B)
Class [Lorg.jetbrains.kotlin.types.error.ErrorTypeKind;                               : loaded 2 times (x 67B)
Class org.jetbrains.kotlin.diagnostics.PositioningStrategies$CALL_ELEMENT_WITH_DOT$1  : loaded 2 times (x 72B)
Class org.jetbrains.kotlin.types.model.KotlinTypeMarker                               : loaded 2 times (x 68B)
Class kotlin.script.experimental.api.KotlinType$Companion                             : loaded 2 times (x 69B)
Class org.jetbrains.plugins.gradle.tooling.serialization.ExternalProjectSerializationService$WriteContext: loaded 2 times (x 72B)
Class org.jetbrains.kotlin.resolve.calls.tower.ScopeTowerProcessorsKt$createVariableAndObjectProcessor$1: loaded 2 times (x 77B)
Class org.jetbrains.kotlin.util.Checks$3                                              : loaded 2 times (x 76B)
Class org.jetbrains.kotlin.coroutines.CoroutineUtilKt                                 : loaded 2 times (x 69B)
Class [Lorg.jetbrains.kotlin.resolve.calls.inference.model.ConstraintKind;            : loaded 2 times (x 67B)
Class org.jetbrains.kotlin.resolve.lazy.descriptors.LazyClassMemberScope$Companion$EXTRACT_FUNCTIONS$1: loaded 2 times (x 72B)
Class javaslang.collection.Map                                                        : loaded 2 times (x 68B)
Class org.jetbrains.kotlin.resolve.jvm.checkers.RepeatableAnnotationChecker           : loaded 2 times (x 73B)
Class org.jetbrains.kotlin.psi.KtFunctionLiteral                                      : loaded 2 times (x 1198B)
Class com.amazon.ion.impl.bin.IonManagedBinaryWriter$ImportDescriptor                 : loaded 2 times (x 74B)
Class com.amazon.ion.system.IonBinaryWriterBuilder                                    : loaded 2 times (x 95B)
Class org.jetbrains.kotlin.util.Checks$4                                              : loaded 2 times (x 76B)
Class [Lorg.jetbrains.kotlin.resolve.scopes.SyntheticScope$Default;                   : loaded 2 times (x 67B)
Class org.jetbrains.kotlin.resolve.calls.results.SimpleConstraintSystem               : loaded 2 times (x 68B)
Class org.jetbrains.kotlin.metadata.jvm.JvmProtoBuf$JvmMethodSignature$1              : loaded 2 times (x 142B)
Class it.unimi.dsi.fastutil.longs.LongIterable                                        : loaded 2 times (x 68B)
Class [Lorg.jetbrains.kotlin.name.FqName;                                             : loaded 2 times (x 67B)
Class org.jetbrains.kotlin.load.java.structure.JavaElementsKt$buildLazyValueForMap$1  : loaded 2 times (x 77B)
Class com.google.common.reflect.TypeToken$SimpleTypeToken                             : loaded 2 times (x 71B)
Class com.google.common.io.ByteSource$EmptyByteSource                                 : loaded 2 times (x 83B)
Class org.jetbrains.kotlin.resolve.jvm.KotlinJavaPsiFacade$PackageCache               : loaded 2 times (x 71B)
Class org.jetbrains.kotlin.descriptors.impl.PropertyDescriptorImpl                    : loaded 2 times (x 390B)
Class org.jetbrains.kotlin.resolve.calls.checkers.CustomEnumEntriesMigrationCallChecker: loaded 2 times (x 72B)
Class org.jetbrains.kotlin.psi.KtFunctionTypeReceiver                                 : loaded 2 times (x 442B)
Class org.jetbrains.kotlin.psi.stubs.impl.KotlinTypeBean                              : loaded 2 times (x 68B)
Class org.jetbrains.kotlin.serialization.DescriptorSerializerPlugin                   : loaded 2 times (x 68B)
Class org.jetbrains.kotlin.extensions.internal.TypeResolutionInterceptor              : loaded 2 times (x 70B)
Class org.jetbrains.kotlin.codegen.AsmUtil                                            : loaded 2 times (x 69B)
Class org.jetbrains.kotlin.tooling.core.HasExtras                                     : loaded 2 times (x 68B)
Class org.jetbrains.kotlin.descriptors.impl.AbstractTypeParameterDescriptor$2$1       : loaded 2 times (x 75B)
Class org.jetbrains.kotlin.resolve.checkers.DeclarationChecker                        : loaded 2 times (x 68B)
Class kotlin.sequences.SequencesKt___SequencesKt$sortedWith$1                         : loaded 2 times (x 73B)
Class org.gradle.tooling.internal.adapter.ProtocolToModelAdapter$InvocationHandlerImpl: loaded 2 times (x 75B)
Class com.google.common.util.concurrent.AbstractFuture$Trusted                        : loaded 2 times (x 68B)
Class org.jetbrains.kotlin.resolve.calls.model.KotlinConstraintSystemDiagnostic       : loaded 2 times (x 74B)
Class org.jetbrains.kotlin.resolve.calls.model.ExpressionKotlinCallArgument           : loaded 2 times (x 68B)
Class org.jetbrains.kotlin.resolve.OverrideResolver                                   : loaded 2 times (x 70B)
Class org.jetbrains.kotlin.resolve.jvm.checkers.JvmFieldApplicabilityChecker          : loaded 2 times (x 72B)
Class [Lorg.jetbrains.kotlin.cli.jvm.compiler.EnvironmentConfigFiles;                 : loaded 2 times (x 67B)
Class org.jetbrains.kotlin.cli.jvm.compiler.TopDownAnalyzerFacadeForJVM               : loaded 2 times (x 69B)
Class org.jetbrains.kotlin.resolve.calls.checkers.BuilderInferenceAssignmentChecker   : loaded 2 times (x 72B)
Class org.jetbrains.kotlin.resolve.checkers.TailrecFunctionChecker                    : loaded 2 times (x 72B)
Class org.jetbrains.kotlin.diagnostics.PositioningStrategies$USELESS_ELVIS$1          : loaded 2 times (x 72B)
Class org.jetbrains.kotlin.storage.DefaultSimpleLock                                  : loaded 2 times (x 76B)
Class org.jetbrains.kotlin.parsing.TokenStreamPattern                                 : loaded 2 times (x 68B)
Class kotlin.LazyThreadSafetyMode                                                     : loaded 2 times (x 77B)
Class org.jetbrains.kotlin.serialization.deserialization.MemberDeserializer$valueParameters$1$annotations$1: loaded 2 times (x 77B)
Class com.google.common.graph.SuccessorsFunction                                      : loaded 2 times (x 68B)
Class org.jetbrains.kotlin.cli.jvm.index.JvmDependenciesDynamicCompoundIndex$indexedRoots$1: loaded 2 times (x 76B)
Class kotlin.reflect.jvm.internal.KClassImpl$Data$allStaticMembers$2                  : loaded 2 times (x 77B)
Class com.android.tools.lint.model.LintModelModule                                    : loaded 2 times (x 68B)
Class [Lcom.google.common.collect.MapMakerInternalMap$Segment;                        : loaded 2 times (x 67B)
Class org.jetbrains.plugins.gradle.tooling.serialization.AnnotationProcessingModelSerializationService$WriteContext: loaded 2 times (x 70B)
Class org.jetbrains.kotlin.resolve.calls.tower.AbstractScopeTowerLevel                : loaded 2 times (x 80B)
Class [Lorg.jetbrains.kotlin.load.java.SpecialGenericSignatures$TypeSafeBarrierDescription;: loaded 2 times (x 67B)
Class org.jetbrains.kotlin.resolve.scopes.SubpackagesImportingScope                   : loaded 2 times (x 117B)
Class org.jetbrains.kotlin.container.SingletonDescriptor                              : loaded 2 times (x 91B)
Class com.amazon.ion.impl._Private_IonReaderBuilder$Mutable                           : loaded 2 times (x 93B)
Class org.jetbrains.kotlin.resolve.constants.IntegerLiteralTypeConstructor            : loaded 2 times (x 80B)
Class org.jetbrains.kotlin.idea.MainFunctionDetector                                  : loaded 2 times (x 70B)
Class org.jetbrains.kotlin.load.java.JavaClassesTracker                               : loaded 2 times (x 68B)
Class com.google.common.collect.UsingToStringOrdering                                 : loaded 2 times (x 112B)
Class com.google.common.reflect.Types$NativeTypeVariableEquals                        : loaded 2 times (x 69B)
Class Settings_gradle                                                                 : loaded 2 times (x 126B)
Class [Lorg.jetbrains.kotlin.resolve.QualifierPosition;                               : loaded 2 times (x 67B)
Class [Lorg.jetbrains.kotlin.psi.KtPureClassOrObject;                                 : loaded 2 times (x 67B)
Class kotlin.jvm.functions.Function10                                                 : loaded 2 times (x 68B)
Class kotlin.script.experimental.jvm.JvmScriptingHostConfigurationKt$defaultJvmScriptingHostConfiguration$1: loaded 2 times (x 76B)
Class org.jetbrains.plugins.gradle.tooling.serialization.internal.IdeaProjectSerializationService$ReadContext: loaded 2 times (x 70B)
Class org.gradle.tooling.model.idea.IdeaLanguageLevel                                 : loaded 2 times (x 68B)
Class org.jetbrains.kotlin.load.java.lazy.descriptors.LazyJavaClassMemberScope$enumEntryIndex$1: loaded 2 times (x 77B)
Class it.unimi.dsi.fastutil.objects.Object2IntFunction                                : loaded 2 times (x 68B)
Class [Lorg.jetbrains.kotlin.descriptors.PackageViewDescriptor;                       : loaded 2 times (x 67B)
Class org.jetbrains.kotlin.config.JvmAnalysisFlags$useIR$2                            : loaded 2 times (x 125B)
Class kotlin.jvm.functions.Function11                                                 : loaded 2 times (x 68B)
Class org.jetbrains.kotlin.resolve.calls.tower.SimplePSIKotlinCallArgument            : loaded 2 times (x 88B)
Class org.jetbrains.kotlin.load.java.structure.JavaMember                             : loaded 2 times (x 68B)
Class org.jetbrains.kotlin.metadata.jvm.JvmProtoBuf$JvmFieldSignature                 : loaded 2 times (x 106B)
Class kotlin.jvm.functions.Function12                                                 : loaded 2 times (x 68B)
Class org.jetbrains.kotlin.util.OneElementArrayMap$iterator$1                         : loaded 2 times (x 77B)
Class org.jetbrains.kotlin.cli.jvm.modules.CliJavaModuleFinder                        : loaded 2 times (x 73B)
Class kotlin.jvm.functions.Function13                                                 : loaded 2 times (x 68B)
Class kotlin.reflect.jvm.internal.ComputableClassValue                                : loaded 2 times (x 78B)
Class com.android.tools.lint.model.LintModelJavaLibrary                               : loaded 2 times (x 68B)
Class org.jetbrains.kotlin.renderer.DescriptorRenderer$Companion$COMPACT_WITHOUT_SUPERTYPES$1: loaded 2 times (x 76B)
Class org.jetbrains.kotlin.resolve.sam.SamConversionResolver$Empty                    : loaded 2 times (x 72B)
Class org.jetbrains.kotlin.resolve.jvm.platform.JvmPlatformConfigurator               : loaded 2 times (x 78B)
Class kotlin.jvm.functions.Function14                                                 : loaded 2 times (x 68B)
Class org.jetbrains.kotlin.resolve.jvm.JvmCodeAnalyzerInitializer                     : loaded 2 times (x 74B)
Class com.android.utils.StringHelper                                                  : loaded 2 times (x 69B)
Class com.google.common.io.ByteSink                                                   : loaded 2 times (x 74B)
Class [Lorg.jetbrains.kotlin.metadata.jvm.JvmProtoBuf$StringTableTypes$Record$Operation;: loaded 2 times (x 67B)
Class org.jetbrains.kotlin.serialization.deserialization.AbstractDeserializedPackageFragmentProvider$fragments$1: loaded 2 times (x 77B)
Class kotlin.jvm.functions.Function15                                                 : loaded 2 times (x 68B)
Class com.android.builder.model.v2.ide.BasicVariant                                   : loaded 2 times (x 68B)
Class com.google.common.collect.Lists$TransformingRandomAccessList                    : loaded 2 times (x 159B)
Class org.jetbrains.kotlin.resolve.calls.model.PostponedCallableReferenceMarker       : loaded 2 times (x 68B)
Class org.jetbrains.kotlin.resolve.source.PsiSourceElementKt                          : loaded 2 times (x 69B)
Class org.jetbrains.plugins.gradle.model.UnresolvedExternalDependency                 : loaded 2 times (x 68B)
Class org.jetbrains.kotlin.metadata.deserialization.ProtoTypeTableUtilKt              : loaded 2 times (x 69B)
Class org.jetbrains.kotlin.diagnostics.PositioningStrategies$IMPORT_ALIAS$1           : loaded 2 times (x 72B)
Class org.jetbrains.kotlin.cli.jvm.compiler.JavaLanguageLevelKt                       : loaded 2 times (x 69B)
Class kotlin.jvm.functions.Function16                                                 : loaded 2 times (x 68B)
Class com.android.utils.StdLogger$Level                                               : loaded 2 times (x 77B)
Class org.jetbrains.kotlin.resolve.calls.CallResolver$ResolutionTask                  : loaded 2 times (x 70B)
Class org.jetbrains.kotlin.resolve.scopes.SyntheticScopesKt                           : loaded 2 times (x 69B)
Class org.jetbrains.kotlin.load.kotlin.BinaryClassAnnotationAndConstantLoaderImpl$AbstractAnnotationArgumentVisitor$visitArray$1: loaded 2 times (x 77B)
Class org.jetbrains.kotlin.descriptors.DelegatedDescriptorVisibility                  : loaded 2 times (x 77B)
Class org.jetbrains.kotlin.resolve.calls.checkers.VarargWrongExecutionOrderChecker    : loaded 2 times (x 72B)
Class org.jetbrains.kotlin.cli.jvm.compiler.ClasspathRootsResolver$Companion          : loaded 2 times (x 69B)
Class kotlin.jvm.functions.Function17                                                 : loaded 2 times (x 68B)
Class [Lorg.jetbrains.kotlin.resolve.extensions.AnalysisHandlerExtension;             : loaded 2 times (x 67B)
Class org.jetbrains.kotlin.config.AnalysisFlags$optIn$2                               : loaded 2 times (x 125B)
Class org.jetbrains.kotlin.metadata.ProtoBuf$QualifiedNameTableOrBuilder              : loaded 2 times (x 68B)
Class org.jetbrains.kotlin.metadata.ProtoBuf$Type$1                                   : loaded 2 times (x 142B)
Class org.jetbrains.kotlin.resolve.checkers.MissingDependencySupertypeChecker$ForDeclarations: loaded 2 times (x 72B)
Class kotlin.jvm.functions.Function18                                                 : loaded 2 times (x 68B)
Class com.android.builder.model.v2.ide.SourceSetContainer                             : loaded 2 times (x 68B)
Class org.jetbrains.kotlin.resolve.calls.components.UnitTypeConversions               : loaded 2 times (x 75B)
Class kotlin.jvm.functions.Function19                                                 : loaded 2 times (x 68B)
Class org.jetbrains.kotlin.psi.stubs.KotlinFunctionStub                               : loaded 2 times (x 68B)
Class com.amazon.ion.impl._Private_Utils$1                                            : loaded 2 times (x 87B)
Class org.jetbrains.kotlin.util.EmptyArrayMap                                         : loaded 2 times (x 81B)
Class org.jetbrains.kotlin.serialization.deserialization.builtins.BuiltInsPackageFragmentImpl: loaded 2 times (x 155B)
Class org.jetbrains.kotlin.load.java.typeEnhancement.PredefinedFunctionEnhancementInfo: loaded 2 times (x 70B)
Class org.jetbrains.kotlin.descriptors.annotations.KotlinTarget                       : loaded 2 times (x 78B)
Class org.jetbrains.kotlin.resolve.scopes.SyntheticScope                              : loaded 2 times (x 68B)
Class org.jetbrains.kotlin.types.TypeAttributes                                       : loaded 2 times (x 80B)
Class org.jetbrains.kotlin.metadata.ProtoBuf$PackageFragment                          : loaded 2 times (x 123B)
Class org.jetbrains.kotlin.psi.KtTypeArgumentList                                     : loaded 2 times (x 444B)
Class org.jetbrains.kotlin.psi.KtTypeParameterList                                    : loaded 2 times (x 444B)
Class com.android.utils.XmlUtils                                                      : loaded 2 times (x 69B)
Class org.gradle.tooling.internal.adapter.ProtocolToModelAdapter$ViewDecoration       : loaded 2 times (x 68B)
Class com.google.common.collect.Multimaps                                             : loaded 2 times (x 69B)
Class org.jetbrains.kotlin.resolve.TraceEntryFilter                                   : loaded 2 times (x 68B)
Class org.jetbrains.kotlin.resolve.jvm.RuntimeAssertionInfo                           : loaded 2 times (x 70B)
Class org.jetbrains.kotlin.metadata.jvm.deserialization.JvmNameResolver               : loaded 2 times (x 78B)
Class org.jetbrains.kotlin.resolve.lazy.FileScopeFactory$FilesScopesBuilder$importResolver$1: loaded 2 times (x 74B)
Class org.jetbrains.kotlin.resolve.lazy.descriptors.LazyClassMemberScope$_variableNames$2: loaded 2 times (x 77B)
Class org.jetbrains.kotlin.metadata.jvm.deserialization.UtfEncodingKt                 : loaded 2 times (x 69B)
Class org.jetbrains.kotlin.load.kotlin.DeserializedDescriptorResolver$Companion       : loaded 2 times (x 69B)
Class org.jetbrains.kotlin.resolve.scopes.LexicalWritableScope                        : loaded 2 times (x 109B)
Class org.jetbrains.kotlin.resolve.jvm.checkers.LocalFunInlineChecker                 : loaded 2 times (x 72B)
Class org.jetbrains.kotlin.lexer._JetLexer$State                                      : loaded 2 times (x 69B)
Class it.unimi.dsi.fastutil.objects.ObjectSet                                         : loaded 2 times (x 68B)
Class com.google.common.primitives.Booleans                                           : loaded 2 times (x 69B)
Class org.jetbrains.kotlin.load.java.lazy.types.JavaTypeAttributes                    : loaded 2 times (x 76B)
Class org.jetbrains.kotlin.types.AbbreviatedType                                      : loaded 2 times (x 92B)
Class org.jetbrains.kotlin.load.kotlin.header.KotlinClassHeader                       : loaded 2 times (x 70B)
Class kotlin.jvm.internal.markers.KMutableListIterator                                : loaded 2 times (x 68B)
Class [Lorg.jetbrains.kotlin.psi.KtSuperTypeEntry;                                    : loaded 2 times (x 67B)
Class kotlin.reflect.jvm.internal.impl.builtins.PrimitiveType$Companion               : loaded 2 times (x 69B)
Class org.gradle.util.GradleVersion                                                   : loaded 2 times (x 81B)
Class org.jetbrains.kotlin.descriptors.SyntheticPropertyDescriptor                    : loaded 2 times (x 68B)
Class org.jetbrains.kotlin.types.AbstractNullabilityChecker                           : loaded 2 times (x 69B)
Class org.jetbrains.kotlin.descriptors.ConstructorDescriptor                          : loaded 2 times (x 68B)
Class org.jetbrains.kotlin.psi.stubs.KotlinAnnotationEntryStub                        : loaded 2 times (x 68B)
Class org.jetbrains.kotlin.fileClasses.JvmFileClassUtilKt                             : loaded 2 times (x 69B)
Class org.jetbrains.kotlin.serialization.deserialization.ProtoBasedClassDataFinder    : loaded 2 times (x 73B)
Class org.jetbrains.kotlin.cli.jvm.compiler.CliJavaModuleUtilsKt                      : loaded 2 times (x 69B)
Class com.amazon.ion.util._Private_FastAppendable                                     : loaded 2 times (x 68B)
Class com.amazon.ion.impl._Private_IonReaderBuilder$TwoElementSequenceInputStream     : loaded 2 times (x 90B)
Class org.jetbrains.kotlin.utils.SmartSet$SingletonIterator                           : loaded 2 times (x 79B)
Class it.unimi.dsi.fastutil.ints.IntArrays                                            : loaded 2 times (x 69B)
Class com.android.sdklib.AndroidVersion$AndroidVersionException                       : loaded 2 times (x 80B)
Class com.google.common.util.concurrent.ExecutionError                                : loaded 2 times (x 80B)
Class org.jetbrains.kotlin.resolve.jvm.annotations.JvmAnnotationUtilKt                : loaded 2 times (x 69B)
Class org.jetbrains.kotlin.resolve.jvm.CompositeSyntheticJavaPartsProvider            : loaded 2 times (x 80B)
Class org.jetbrains.kotlin.diagnostics.DiagnosticFactoryForDeprecation0$Companion     : loaded 2 times (x 69B)
Class com.google.common.io.ByteSink$AsCharSink                                        : loaded 2 times (x 78B)
Class org.jetbrains.kotlin.resolve.constants.KClassValue                              : loaded 2 times (x 74B)
Class [Lorg.jetbrains.kotlin.resolve.calls.checkers.CallCheckerWithAdditionalResolve; : loaded 2 times (x 67B)
Class org.jetbrains.kotlin.resolve.lazy.DeclarationScopeProvider                      : loaded 2 times (x 68B)
Class org.jetbrains.kotlin.psi.KtOperationReferenceExpression                         : loaded 2 times (x 567B)
Class com.google.common.base.Equivalence$Identity                                     : loaded 2 times (x 80B)
Class org.jetbrains.kotlin.serialization.deserialization.descriptors.DeserializedClassDescriptor$primaryConstructor$1: loaded 2 times (x 77B)
Class com.android.utils.PositionXmlParser$DomBuilder                                  : loaded 2 times (x 146B)
Class org.jetbrains.kotlin.psi.KtCodeFragment                                         : loaded 2 times (x 1260B)
Class org.jetbrains.kotlin.resolve.jvm.extensions.SyntheticJavaResolveExtension$Companion: loaded 2 times (x 70B)
Class org.jetbrains.kotlin.resolve.calls.smartcasts.SmartCastManager                  : loaded 2 times (x 70B)
Class org.jetbrains.kotlin.resolve.calls.inference.components.ConstraintIncorporator  : loaded 2 times (x 70B)
Class org.jetbrains.kotlin.resolve.source.KotlinSourceElement                         : loaded 2 times (x 78B)
Class org.jetbrains.kotlin.resolve.jvm.checkers.InconsistentOperatorFromJavaCallChecker: loaded 2 times (x 72B)
Class org.gradle.internal.installation.GradleInstallation                             : loaded 2 times (x 73B)
Class org.jetbrains.org.objectweb.asm.tree.Util                                       : loaded 2 times (x 69B)
Class org.jetbrains.kotlin.descriptors.PackageFragmentProviderKt                      : loaded 2 times (x 69B)
Class org.jetbrains.kotlin.util.KotlinFrontEndException                               : loaded 2 times (x 92B)
Class org.jetbrains.kotlin.resolve.diagnostics.Diagnostics$Companion$EMPTY$1          : loaded 2 times (x 98B)
Class kotlin.jvm.internal.markers.KMutableSet                                         : loaded 2 times (x 68B)
Class com.amazon.ion.impl._Private_LocalSymbolTable                                   : loaded 2 times (x 68B)
Class org.jetbrains.kotlin.container.ValueResolveContext                              : loaded 2 times (x 68B)
Class org.jetbrains.kotlin.diagnostics.PositioningStrategies$UNUSED_VALUE$1           : loaded 2 times (x 72B)
Class [Lorg.jetbrains.kotlin.psi.KtSimpleNameStringTemplateEntry;                     : loaded 2 times (x 67B)
Class com.amazon.ion.ValueFactory                                                     : loaded 2 times (x 68B)
Class com.google.common.collect.AbstractIterator$1                                    : loaded 2 times (x 69B)
Class org.jetbrains.kotlin.load.java.lazy.descriptors.LazyJavaClassMemberScope$constructors$1: loaded 2 times (x 77B)
Class org.jetbrains.kotlin.types.TypeConstructorSubstitution                          : loaded 2 times (x 76B)
Class org.jetbrains.kotlin.metadata.ProtoBuf$VersionRequirement$1                     : loaded 2 times (x 142B)
Class kotlin.DeprecationLevel                                                         : loaded 2 times (x 77B)
Class org.jetbrains.kotlin.resolve.calls.checkers.CallReturnsArrayOfNothingChecker    : loaded 2 times (x 72B)
Class org.jetbrains.kotlin.diagnostics.PositioningStrategies                          : loaded 2 times (x 69B)
Class org.jetbrains.kotlin.psi.stubs.elements.KtEnumEntrySuperClassReferenceExpressionElementType: loaded 2 times (x 98B)
Class com.android.ide.gradle.model.AdditionalClassifierArtifactsModelParameter        : loaded 2 times (x 68B)
Class org.jetbrains.kotlin.config.MavenComparableVersion$ListItem                     : loaded 2 times (x 178B)
Class org.jetbrains.kotlin.load.kotlin.DeserializationComponentsForJava$Companion     : loaded 2 times (x 69B)
Class org.jetbrains.kotlin.diagnostics.PositioningStrategies$ARRAY_ACCESS$1           : loaded 2 times (x 72B)
Class org.jetbrains.kotlin.psi.KtIsExpression                                         : loaded 2 times (x 501B)
Class com.google.common.io.CharSource                                                 : loaded 2 times (x 83B)
Class com.google.common.cache.LocalCache                                              : loaded 2 times (x 185B)
Class org.jetbrains.kotlin.load.kotlin.JvmTypeFactory                                 : loaded 2 times (x 68B)
Class org.jetbrains.kotlin.types.StubTypeForBuilderInference                          : loaded 2 times (x 94B)
Class org.jetbrains.kotlin.resolve.scopes.AbstractScopeAdapter                        : loaded 2 times (x 98B)
Class org.jetbrains.kotlin.codegen.extensions.ClassBuilderInterceptorExtension        : loaded 2 times (x 68B)
Class org.jetbrains.kotlin.kdoc.lexer.KDocTokens                                      : loaded 2 times (x 68B)
Class org.jetbrains.kotlin.psi.stubs.KotlinValueArgumentStub                          : loaded 2 times (x 68B)
Class org.jetbrains.kotlin.psi.KtIntersectionType                                     : loaded 2 times (x 503B)
Class kotlin.jvm.internal.PropertyReference                                           : loaded 2 times (x 113B)
Class org.jetbrains.kotlin.resolve.descriptorUtil.AnnotationsForResolveKt             : loaded 2 times (x 69B)
Class org.jetbrains.kotlin.resolve.calls.util.CallMaker                               : loaded 2 times (x 69B)
Class org.jetbrains.kotlin.load.java.structure.impl.JavaPackageImpl                   : loaded 2 times (x 102B)
Class [Lorg.jetbrains.kotlin.parsing.KotlinParsing$NameParsingMode;                   : loaded 2 times (x 67B)
Class kotlin.io.FileTreeWalk$FileTreeWalkIterator$SingleFileState                     : loaded 2 times (x 72B)
Class kotlin.script.experimental.host.HostConfigurationKt                             : loaded 2 times (x 69B)
Class org.jetbrains.kotlin.types.expressions.DoubleColonExpressionResolver$Companion  : loaded 2 times (x 69B)
Class org.jetbrains.kotlin.types.RawType                                              : loaded 2 times (x 68B)
Class org.jetbrains.kotlin.renderer.DescriptorRenderer$Companion$HTML$1               : loaded 2 times (x 76B)
Class org.jetbrains.kotlin.metadata.ProtoBuf$Constructor$1                            : loaded 2 times (x 142B)
Class [Lorg.jetbrains.kotlin.psi.KtPureElement;                                       : loaded 2 times (x 67B)
Class org.jetbrains.kotlin.scripting.compiler.plugin.extensions.ScriptingProcessSourcesBeforeCompilingExtension: loaded 2 times (x 73B)
Class org.jetbrains.kotlin.resolve.lazy.descriptors.ClassResolutionScopesSupport      : loaded 2 times (x 70B)
Class org.jetbrains.kotlin.config.AnalysisFlags$eagerResolveOfLightClasses$2          : loaded 2 times (x 125B)
Class org.jetbrains.kotlin.resolve.lazy.declarations.DeclarationProvider              : loaded 2 times (x 68B)
Class com.google.common.reflect.TypeCapture                                           : loaded 2 times (x 69B)
Class kotlin.jvm.functions.Function20                                                 : loaded 2 times (x 68B)
Class kotlin.sequences.SequencesKt___SequencesJvmKt$filterIsInstance$1                : loaded 2 times (x 77B)
Class org.jetbrains.kotlin.resolve.calls.inference.BuilderInferenceUtilKt             : loaded 2 times (x 69B)
Class org.jetbrains.kotlin.descriptors.impl.PropertyAccessorDescriptorImpl            : loaded 2 times (x 373B)
Class [Lorg.jetbrains.kotlin.psi.KtCallableDeclaration;                               : loaded 2 times (x 67B)
Class kotlin.jvm.functions.Function21                                                 : loaded 2 times (x 68B)
Class org.jetbrains.kotlin.resolve.scopes.utils.ScopeUtilsKt                          : loaded 2 times (x 69B)
Class org.jetbrains.kotlin.diagnostics.ClassicPositioningStrategies                   : loaded 2 times (x 69B)
Class kotlin.jvm.functions.Function22                                                 : loaded 2 times (x 68B)
Class org.gradle.internal.impldep.gnu.trove.TObjectCanonicalHashingStrategy           : loaded 2 times (x 78B)
Class com.google.common.util.concurrent.AbstractFuture$UnsafeAtomicHelper$1           : loaded 2 times (x 74B)
Class org.jetbrains.kotlin.resolve.calls.tower.ErrorCandidate                         : loaded 2 times (x 70B)
Class org.jetbrains.kotlin.resolve.sam.SamConstructorDescriptor                       : loaded 2 times (x 68B)
Class org.jetbrains.kotlin.storage.StorageKt                                          : loaded 2 times (x 69B)
Class org.jetbrains.kotlin.descriptors.impl.PackageViewDescriptorFactory$Default      : loaded 2 times (x 72B)
Class com.amazon.ion.system.IonSystemBuilder                                          : loaded 2 times (x 73B)
Class org.jetbrains.plugins.gradle.tooling.util.IntObjectMap$ObjectFactory            : loaded 2 times (x 68B)
Class org.jetbrains.kotlin.scripting.definitions.ScriptDefinitionProvider$Companion   : loaded 2 times (x 69B)
Class [Lkotlin.Function;                                                              : loaded 2 times (x 67B)
Class [Lcom.android.builder.model.v2.ide.LibraryType;                                 : loaded 2 times (x 67B)
Class org.jetbrains.kotlin.load.java.lazy.descriptors.LazyJavaPackageScope$classes$1  : loaded 2 times (x 77B)
Class org.jetbrains.kotlin.cli.jvm.index.JvmDependenciesIndexImpl$Cache               : loaded 2 times (x 70B)
Class org.jetbrains.kotlin.cli.jvm.config.JvmContentRoot                              : loaded 2 times (x 68B)
Class org.jetbrains.kotlin.resolve.calls.tower.TowerData                              : loaded 2 times (x 69B)
Class org.jetbrains.kotlin.mpp.SimpleFunctionSymbolMarker                             : loaded 2 times (x 68B)
Class org.jetbrains.kotlin.types.checker.KotlinTypePreparator                         : loaded 2 times (x 71B)
Class org.jetbrains.plugins.gradle.ExternalDependencyId                               : loaded 2 times (x 68B)
Class [Lorg.jetbrains.kotlin.renderer.RenderingFormat;                                : loaded 2 times (x 67B)
Class org.jetbrains.kotlin.load.java.typeEnhancement.PredefinedEnhancementInfoKt$PREDEFINED_FUNCTION_ENHANCEMENT_INFO_BY_SIGNATURE$1$1$9$1: loaded 2 times (x 77B)
Class org.jetbrains.kotlin.metadata.ProtoBuf$Expression$1                             : loaded 2 times (x 142B)
Class org.jetbrains.kotlin.resolve.calls.model.KotlinCall                             : loaded 2 times (x 68B)
Class [Lorg.jetbrains.kotlin.scripting.definitions.ScriptDefinitionsSource;           : loaded 2 times (x 67B)
Class [Lorg.jetbrains.kotlin.psi.KtDoubleColonExpression;                             : loaded 2 times (x 67B)
Class org.jetbrains.kotlin.serialization.deserialization.ClassDeserializer$Companion  : loaded 2 times (x 69B)
Class org.jetbrains.kotlin.resolve.calls.tower.ImportingScopeBasedTowerLevel          : loaded 2 times (x 80B)
Class org.jetbrains.kotlin.resolve.calls.model.LambdaWithTypeVariableAsExpectedTypeMarker: loaded 2 times (x 68B)
Class org.jetbrains.kotlin.types.expressions.typeInfoFactory.TypeInfoFactoryKt        : loaded 2 times (x 69B)
Class org.jetbrains.kotlin.load.java.structure.JavaElementsKt                         : loaded 2 times (x 69B)
Class org.jetbrains.kotlin.resolve.lazy.LazyImportResolver                            : loaded 2 times (x 70B)
Class org.jetbrains.kotlin.resolve.scopes.StaticScopeForKotlinEnum$functions$2        : loaded 2 times (x 77B)
Class org.jetbrains.kotlin.load.java.components.JavaDeprecationSettings               : loaded 2 times (x 72B)
Class org.jetbrains.kotlin.resolve.UpperBoundChecker                                  : loaded 2 times (x 72B)
Class org.jetbrains.kotlin.types.SimpleTypeImpl                                       : loaded 2 times (x 90B)
Class org.jetbrains.kotlin.descriptors.Visibilities$Local                             : loaded 2 times (x 77B)
Class org.jetbrains.kotlin.resolve.checkers.SubtypingBetweenContextReceiversChecker   : loaded 2 times (x 72B)
Class com.amazon.ion.impl.lite.IonDecimalLite                                         : loaded 2 times (x 186B)
Class org.jetbrains.plugins.gradle.tooling.util.IntObjectMap$1                        : loaded 2 times (x 75B)
Class org.jetbrains.kotlin.util.PerformanceCounter                                    : loaded 2 times (x 71B)
Class kotlin.collections.ArraysKt___ArraysKt$withIndex$1                              : loaded 2 times (x 77B)
Class org.jetbrains.kotlin.load.java.structure.impl.source.JavaElementPsiSourceWithFixedPsi: loaded 2 times (x 72B)
Class org.jetbrains.kotlin.metadata.ProtoBuf$TypeParameterOrBuilder                   : loaded 2 times (x 68B)
Class org.jetbrains.kotlin.container.DslKt                                            : loaded 2 times (x 69B)
Class org.jetbrains.kotlin.psi.KtSimpleNameStringTemplateEntry                        : loaded 2 times (x 442B)
Class kotlin.script.templates.standard.ScriptTemplateWithArgs                         : loaded 2 times (x 70B)
Class [Lcom.amazon.ion.impl.bin.AbstractIonWriter$WriteValueOptimization;             : loaded 2 times (x 67B)
Class com.amazon.ion.Decimal                                                          : loaded 2 times (x 131B)
Class org.jetbrains.kotlin.descriptors.DescriptorVisibilities$10                      : loaded 2 times (x 74B)
Class org.jetbrains.kotlin.scripting.compiler.plugin.impl.ErrorReportingKt            : loaded 2 times (x 69B)
Class org.jetbrains.kotlin.resolve.calls.tower.StubTypesBasedInferenceSession         : loaded 2 times (x 99B)
Class org.jetbrains.kotlin.resolve.QualifiedExpressionResolveUtilKt                   : loaded 2 times (x 69B)
Class org.jetbrains.kotlin.resolve.lazy.ForceResolveUtil                              : loaded 2 times (x 69B)
Class org.jetbrains.kotlin.descriptors.DescriptorVisibilities$11                      : loaded 2 times (x 74B)
Class kotlin.script.experimental.util.PropertiesCollection$Key$Companion              : loaded 2 times (x 69B)
Class kotlin.reflect.jvm.internal.CachesKt$K_CLASS_CACHE$1                            : loaded 2 times (x 76B)
Class org.jetbrains.kotlin.resolve.scopes.InnerClassesScopeWrapper                    : loaded 2 times (x 98B)
Class org.jetbrains.kotlin.descriptors.DescriptorVisibilities$12                      : loaded 2 times (x 74B)
Class [Lorg.jetbrains.kotlin.protobuf.WireFormat$JavaType;                            : loaded 2 times (x 67B)
Class com.amazon.ion.impl.lite.IonTimestampLite                                       : loaded 2 times (x 190B)
Class org.jetbrains.kotlin.load.kotlin.TypeMappingConfiguration                       : loaded 2 times (x 68B)
Class [Lorg.jetbrains.kotlin.resolve.jvm.JvmPrimitiveType;                            : loaded 2 times (x 67B)
Class org.jetbrains.kotlin.load.java.lazy.types.RawProjectionComputer                 : loaded 2 times (x 70B)
Class org.jetbrains.kotlin.load.java.components.TraceBasedErrorReporter               : loaded 2 times (x 74B)
Class org.jetbrains.kotlin.cli.jvm.compiler.JvmPackagePartProvider                    : loaded 2 times (x 90B)
Class org.jetbrains.kotlin.resolve.jvm.checkers.JvmMultifileClassStateChecker         : loaded 2 times (x 72B)
Class org.jetbrains.kotlin.serialization.deserialization.descriptors.DeserializedMemberScope$OptimizedImplementation$computeDescriptors$1$1: loaded 2 times (x 77B)
Class org.jetbrains.kotlin.resolve.jvm.jvmSignature.JvmMethodParameterSignature       : loaded 2 times (x 70B)
Class org.jetbrains.kotlin.resolve.calls.results.OverloadResolutionResultsUtil        : loaded 2 times (x 69B)
Class org.jetbrains.kotlin.load.kotlin.PackageAndMetadataPartProvider                 : loaded 2 times (x 68B)
Class org.jetbrains.kotlin.resolve.calls.checkers.AbstractClassInstantiationChecker   : loaded 2 times (x 72B)
Class org.jetbrains.kotlin.diagnostics.Diagnostic                                     : loaded 2 times (x 68B)
Class [Lorg.jetbrains.kotlin.psi.KtConstantExpression;                                : loaded 2 times (x 67B)
Class kotlin.reflect.jvm.internal.KDeclarationContainerImpl$Companion                 : loaded 2 times (x 69B)
Class org.jetbrains.kotlin.cli.jvm.compiler.KotlinCoreApplicationEnvironment$Companion: loaded 2 times (x 69B)
Class org.jetbrains.kotlin.load.kotlin.KotlinClassFinder$Result$ClassFileContent      : loaded 2 times (x 70B)
Class org.jetbrains.kotlin.psi.KtBinaryExpression                                     : loaded 2 times (x 502B)
Class org.jetbrains.kotlin.serialization.deserialization.ClassDataFinder              : loaded 2 times (x 68B)
Class org.gradle.tooling.internal.adapter.ProtocolToModelAdapter$ViewGraphDetails     : loaded 2 times (x 70B)
Class org.jetbrains.kotlin.resolve.jvm.KotlinSafeClassFinder                          : loaded 2 times (x 68B)
Class com.google.common.reflect.Invokable$ConstructorInvokable                        : loaded 2 times (x 103B)
Class org.jetbrains.kotlin.resolve.calls.tower.CallInfo                               : loaded 2 times (x 71B)
Class org.jetbrains.kotlin.resolve.calls.inference.ConstraintSystemOperation          : loaded 2 times (x 68B)
Class kotlin.collections.builders.MapBuilder$Companion                                : loaded 2 times (x 69B)
Class com.google.common.collect.NullsLastOrdering                                     : loaded 2 times (x 113B)
Class org.jetbrains.kotlin.descriptors.impl.VariableDescriptorWithInitializerImpl     : loaded 2 times (x 227B)
Class com.google.common.collect.CollectCollectors$EnumSetAccumulator                  : loaded 2 times (x 70B)
Class [Lorg.jetbrains.kotlin.psi.KtValueArgument;                                     : loaded 2 times (x 67B)
Class kotlin.reflect.jvm.internal.CachesKt$CACHE_FOR_NULLABLE_BASE_CLASSIFIERS$1      : loaded 2 times (x 76B)
Class com.amazon.ion.IonWriter                                                        : loaded 2 times (x 68B)
Class org.jetbrains.kotlin.cli.jvm.config.ClassicFrontendSpecificJvmConfigurationKeys : loaded 2 times (x 69B)
Class org.jetbrains.kotlin.types.expressions.DoubleColonExpressionResolver            : loaded 2 times (x 70B)
Class org.jetbrains.kotlin.resolve.scopes.ImportingScope                              : loaded 2 times (x 68B)
Class org.jetbrains.kotlin.metadata.ProtoBuf$TypeOrBuilder                            : loaded 2 times (x 68B)
Class org.jetbrains.kotlin.diagnostics.PositioningStrategies$DECLARATION_SIGNATURE$1  : loaded 2 times (x 73B)
Class com.google.common.collect.ComparisonChain                                       : loaded 2 times (x 78B)
Class com.google.common.collect.AbstractMapBasedMultimap$KeySet$1                     : loaded 2 times (x 80B)
Class org.jetbrains.kotlin.resolve.SinceKotlinAccessibility$Accessible                : loaded 2 times (x 69B)
Class org.jetbrains.kotlin.resolve.AnnotationTargetLists$T_TYPE_REFERENCE$1           : loaded 2 times (x 76B)
Class org.jetbrains.kotlin.resolve.calls.components.PostponedArgumentsAnalyzer        : loaded 2 times (x 70B)
Class org.jetbrains.kotlin.psi.stubs.KotlinClassLiteralExpressionStub                 : loaded 2 times (x 68B)
Class org.jetbrains.kotlin.descriptors.synthetic.FunctionInterfaceAdapterDescriptor   : loaded 2 times (x 68B)
Class com.google.common.util.concurrent.AbstractFuture$Failure                        : loaded 2 times (x 70B)
Class org.jetbrains.kotlin.resolve.inline.ReasonableInlineRule                        : loaded 2 times (x 68B)
Class org.jetbrains.kotlin.descriptors.impl.AnonymousFunctionDescriptor               : loaded 2 times (x 349B)
Class org.jetbrains.kotlin.protobuf.MessageLiteOrBuilder                              : loaded 2 times (x 68B)
Class [Lorg.jetbrains.kotlin.psi.KtImportAlias;                                       : loaded 2 times (x 67B)
Class org.jetbrains.kotlin.psi.stubs.KotlinImportDirectiveStub                        : loaded 2 times (x 68B)
Class com.android.prefs.AbstractAndroidLocations                                      : loaded 2 times (x 80B)
Class org.gradle.internal.impldep.gnu.trove.Equality                                  : loaded 2 times (x 68B)
Class org.jetbrains.kotlin.resolve.calls.smartcasts.DataFlowValue$Kind                : loaded 2 times (x 77B)
Class [Lorg.jetbrains.kotlin.descriptors.ModuleDescriptor;                            : loaded 2 times (x 67B)
Class org.jetbrains.kotlin.resolve.jvm.NotFoundPackagesCachingStrategy                : loaded 2 times (x 68B)
Class org.jetbrains.kotlin.load.java.sam.JavaBasedSamConversionOracle                 : loaded 2 times (x 74B)
Class org.jetbrains.kotlin.resolve.calls.tower.TowerResolver$Task$run$5               : loaded 2 times (x 76B)
Class org.jetbrains.kotlin.resolve.calls.model.ArgumentMatchImpl                      : loaded 2 times (x 79B)
Class org.jetbrains.kotlin.resolve.calls.model.PartialCallResolutionResult            : loaded 2 times (x 72B)
Class org.jetbrains.kotlin.resolve.scopes.receivers.ThisClassReceiver                 : loaded 2 times (x 68B)
Class org.jetbrains.kotlin.resolve.diagnostics.Diagnostics                            : loaded 2 times (x 68B)
Class org.jetbrains.kotlin.metadata.jvm.JvmProtoBuf$JvmPropertySignatureOrBuilder     : loaded 2 times (x 68B)
Class org.jetbrains.kotlin.psi.KtValueArgumentName                                    : loaded 2 times (x 447B)
Class org.jetbrains.kotlin.psi.KtContractEffectList                                   : loaded 2 times (x 441B)
Class org.jetbrains.kotlin.serialization.deserialization.LocalClassifierTypeSettings$Default: loaded 2 times (x 72B)
Class org.jetbrains.kotlin.descriptors.Modality$Companion                             : loaded 2 times (x 69B)
Class org.jetbrains.kotlin.renderer.ClassifierNamePolicy                              : loaded 2 times (x 68B)
Class org.jetbrains.kotlin.resolve.checkers.ExplicitApiDeclarationChecker             : loaded 2 times (x 72B)
Class org.jetbrains.kotlin.parsing.LastBefore                                         : loaded 2 times (x 82B)
Class org.jetbrains.kotlin.psi.KtConstructor                                          : loaded 2 times (x 1272B)
Class org.jetbrains.kotlin.scripting.compiler.plugin.ScriptingCompilerConfigurationExtension$updateConfiguration$hostConfiguration$1$1: loaded 2 times (x 77B)
Class org.jetbrains.kotlin.types.model.TypeSystemInferenceExtensionContext$extractTypeVariables$1$1: loaded 2 times (x 76B)
Class [Lcom.android.resources.ResourceFolderType;                                     : loaded 2 times (x 67B)
Class org.jetbrains.kotlin.psi.KtProjectionKind                                       : loaded 2 times (x 77B)
Class kotlin.reflect.jvm.internal.impl.builtins.functions.FunctionTypeKind$SuspendFunction: loaded 2 times (x 70B)
Class com.amazon.ion.IonType                                                          : loaded 2 times (x 77B)


---------------  S Y S T E M  ---------------

OS:
 Windows 11 , 64 bit Build 26100 (10.0.26100.8875)
OS uptime: 2 days 20:44 hours
Hyper-V role detected

CPU: total 12 (initial active 12) (12 cores per cpu, 2 threads per core) family 23 model 96 stepping 1 microcode 0x8600106, cx8, cmov, fxsr, ht, mmx, 3dnowpref, sse, sse2, sse3, ssse3, sse4a, sse4.1, sse4.2, popcnt, lzcnt, tsc, tscinvbit, avx, avx2, aes, clmul, bmi1, bmi2, adx, sha, fma, vzeroupper, clflush, clflushopt, hv
Processor Information for all 12 processors :
  Max Mhz: 3000, Current Mhz: 3000, Mhz Limit: 3000

Memory: 4k page, system-wide physical 23933M (3429M free)
TotalPageFile size 34173M (AvailPageFile size 8M)
current process WorkingSet (physical memory assigned to process): 1887M, peak: 1889M
current process commit charge ("private bytes"): 2050M, peak: 2053M

vm_info: OpenJDK 64-Bit Server VM (17.0.10+0--11609105) for windows-amd64 JRE (17.0.10+0--11609105), built on Mar 21 2024 19:10:56 by "androidbuild" with MS VC++ 16.10 / 16.11 (VS2019)

END.
